frame,vision_backbone_output_pooled_cosine_distance,vision_backbone_output_pooled_l2,vision_backbone_output_token_mean_cosine_distance,vision_backbone_output_token_mean_l2_per_token,projector_output_pooled_cosine_distance,projector_output_pooled_l2,projector_output_token_mean_cosine_distance,projector_output_token_mean_l2_per_token,action_hidden_states_input_pooled_cosine_distance,action_hidden_states_input_pooled_l2,action_hidden_states_input_token_mean_cosine_distance,action_hidden_states_input_token_mean_l2_per_token,action_head_output_pooled_cosine_distance,action_head_output_pooled_l2,action_head_output_token_mean_cosine_distance,action_head_output_token_mean_l2_per_token
episode_000001_000000,0.07763140208763852,61.61603242517791,0.07763140208763852,11.321553267428722,0.03371589438198319,6.701843482869587,0.03371589438198319,1.610459471575239,0.22312223678584686,21.06553880658183,0.22312223678584686,6.816712858460065,0.10322610690825285,0.5824865526583143,0.10322610690825285,0.2799434689308931
episode_000001_000001,0.07865701928365121,61.947268147043026,0.07865701928365121,11.367463366602509,0.03417019184871839,6.681154762643824,0.03417019184871839,1.6175763478211387,0.22603174872230347,21.108961328010984,0.22603174872230347,6.800596750872716,0.10146808811413988,0.5716053183520909,0.10146808811413988,0.27553672053654255
episode_000001_000002,0.08025906386519344,62.522821348469705,0.08025906386519344,11.404455674387393,0.03489843036812024,6.709409567615898,0.03489843036812024,1.6201632638123982,0.23345965281519243,21.513668261847293,0.23345965281519243,6.895121509752592,0.11073608269468493,0.597618423212291,0.11073608269468493,0.28764558143454577
episode_000001_000003,0.08120927550185242,62.75027945404383,0.08120927550185242,11.451730913003576,0.03557879640833661,6.684747821313954,0.03557879640833661,1.627352177242714,0.22860482227869194,21.185725655869433,0.22860482227869194,6.804657902858037,0.09957750249036901,0.5659873020728404,0.09957750249036901,0.27385286717319957
episode_000001_000004,0.08827322230801327,65.72756503374819,0.08827322230801327,11.729995970986446,0.03759128439769843,7.002050927716345,0.03759128439769843,1.66852332902446,0.24370349180164042,21.46084163030669,0.24370349180164042,6.803363533291717,0.09659232500204917,0.5993454047688956,0.09659232500204917,0.28798822084091863
episode_000001_000005,0.08899211811717889,66.64397582539878,0.08899211811717889,11.749884681423044,0.038604836103070084,7.271338249890056,0.038604836103070084,1.6600455032111736,0.2501819066161215,21.253767164403705,0.2501819066161215,6.474954663198907,0.10813453576556775,0.7091355276686311,0.10813453576556775,0.33249993668462396
episode_000001_000006,0.09172280868298277,67.41679081722471,0.09172280868298277,11.71558358292187,0.038864402206087445,6.987540147009158,0.038864402206087445,1.6344635596759254,0.28714540772946184,24.43197875965447,0.28714540772946184,7.213156621139123,0.14428388303460649,0.8697545413723888,0.14428388303460649,0.4012855276399369
episode_000001_000007,0.09656842068330707,68.93248779682308,0.09656842068330707,11.890200577911264,0.039220333655797135,6.975252277473717,0.039220333655797135,1.6577861468082655,0.34633608471582866,28.289214085227147,0.34633608471582866,8.014512291384792,0.17715789177426822,1.051464609782506,0.17715789177426822,0.4784403013974744
episode_000001_000008,0.10015260611305732,69.22572047185074,0.10015260611305732,12.177999511847391,0.04476321412708073,7.285990060525651,0.04476321412708073,1.6875286878871776,0.3369234597067656,27.333628988236555,0.3369234597067656,8.299997768527222,0.2540980084463783,1.0864447282660572,0.2540980084463783,0.49800329133612414
episode_000001_000009,0.10695517030030555,71.0642868407591,0.10695517030030555,12.401228710990427,0.047210834956207814,7.6572891083838535,0.047210834956207814,1.7385712515748066,0.32441063213467825,25.229585294892388,0.32441063213467825,7.687049551946919,0.19767320525829646,0.9962236937492331,0.19767320525829646,0.455941041758784
episode_000001_000010,0.1129758943626138,72.49550876817914,0.1129758943626138,12.581696183133426,0.05209330761238029,7.586902873097893,0.05209330761238029,1.7606606454104996,0.2666163590117099,22.135307979515424,0.2666163590117099,6.997391388613594,0.104547276699963,0.7256048302357601,0.104547276699963,0.3368624518028722
episode_000001_000011,0.09487380539856605,66.55878044999575,0.09487380539856605,12.507671140723849,0.047823636718052454,7.549277413817086,0.047823636718052454,1.8129068538447963,0.3089591897970644,23.90218541128191,0.3089591897970644,7.2129219205904445,0.1303750589015612,0.8197668751095346,0.1303750589015612,0.37766425235159506
episode_000001_000012,0.09345903890481888,65.36617957190519,0.09345903890481888,12.498702588649211,0.042612682997164586,7.220592880825669,0.042612682997164586,1.771172620292066,0.31613644050675516,24.165458606416756,0.31613644050675516,7.373556091039002,0.13708733279474683,0.8993035144774563,0.13708733279474683,0.40908407254960755
episode_000001_000013,0.09698339736123918,65.66822325744405,0.09698339736123918,12.473423369091138,0.04864748527488838,7.5492860582636165,0.04864748527488838,1.7512912380844174,0.3049291475116668,23.508760002362536,0.3049291475116668,7.227538263739098,0.1342150500221676,0.9035919283400461,0.1342150500221676,0.40892413131950195
episode_000001_000014,0.10136472560402576,66.72493297169444,0.10136472560402576,12.287342551425995,0.051802083964199275,7.678614401057291,0.051802083964199275,1.7420861769432592,0.3146950498273132,24.413696202207205,0.3146950498273132,7.6172283420543705,0.1427596954212843,0.940859590415903,0.1427596954212843,0.4280429593218015
episode_000001_000015,0.09950039139067912,66.8361512932824,0.09950039139067912,12.454560857458048,0.051699072061718976,7.419375913651632,0.051699072061718976,1.7365956061414967,0.2691208762955264,22.253996076489727,0.2691208762955264,7.42731492686714,0.06261950505975944,0.6259146017275122,0.06261950505975944,0.28404094048739675
episode_000001_000016,0.11170539812654157,71.24392785573019,0.11170539812654157,12.780336548642683,0.05882524294775526,8.374677193159533,0.05882524294775526,1.7869343061609448,0.2862186887625273,23.89065828603397,0.2862186887625273,7.4998360346609925,0.07535546913033953,0.7093812741619716,0.07535546913033953,0.3284554454735471
episode_000001_000017,0.10755088338929075,70.60518392608114,0.10755088338929075,12.673670793559468,0.06041127725309825,8.266218297361432,0.06041127725309825,1.7725993683796193,0.250113391841457,23.134719422737685,0.250113391841457,7.473514772085727,0.05251570005143569,0.5803228676310985,0.05251570005143569,0.2726940973132109
episode_000001_000018,0.10390446145399324,69.43493569301647,0.10390446145399324,12.562956878913136,0.05334736492850456,7.773444693072763,0.05334736492850456,1.7552884795512098,0.2376044689672271,23.33122976968528,0.2376044689672271,7.5686306397231125,0.03040862986910997,0.4675724064247017,0.03040862986910997,0.23069450571588995
episode_000001_000019,0.10394105241557494,69.53059894514854,0.10394105241557494,12.523360143084131,0.05357357938387519,7.893421540586207,0.05357357938387519,1.7563887128430058,0.2398254786356615,23.435429592653634,0.2398254786356615,7.624205133391742,0.034022072444700346,0.4915942100972336,0.034022072444700346,0.24129595227476686
episode_000001_000020,0.1037613153620166,69.507304253626,0.1037613153620166,12.538284465197702,0.05319230496948035,7.937306694467694,0.05319230496948035,1.7624375728920227,0.23501552653371638,23.11119564338535,0.23501552653371638,7.517581066350909,0.03380076060914372,0.48920447525183614,0.03380076060914372,0.23964014419842714
episode_000001_000021,0.10253926894295784,68.983943745667,0.10253926894295784,12.53784882451728,0.05270790479997722,8.06819451324767,0.05270790479997722,1.7762201067776064,0.2256936036720203,21.763498526352784,0.2256936036720203,7.260355262457146,0.04146270361401694,0.5213653382874238,0.04146270361401694,0.2500880515485981
episode_000001_000022,0.11276564958008406,72.70028330210572,0.11276564958008406,12.707374151174122,0.05398808148666667,8.232764344621192,0.05398808148666667,1.7627502450409056,0.25258437024158853,23.181970937581617,0.25258437024158853,7.224931947906867,0.052756449437445174,0.5880993287276298,0.052756449437445174,0.27810112771708256
episode_000001_000023,0.13027871998955787,81.08670916700969,0.13027871998955787,13.246567960061496,0.06721837889728166,9.815600225630627,0.06721837889728166,1.8201229135790276,0.24631578148464572,23.86174521843787,0.24631578148464572,7.429959301467688,0.04825886524096268,0.5697657446535535,0.04825886524096268,0.27236378706621467
episode_000001_000024,0.150146692761575,86.18039097570922,0.150146692761575,13.524215217198583,0.09381809330149837,11.027483430700592,0.09381809330149837,1.8557533957567234,0.23211273385892173,29.353728520518967,0.23211273385892173,8.291567911901824,0.016495032795862286,0.3541106528510878,0.016495032795862286,0.18554402399382436
episode_000001_000025,0.16624538745963413,92.44725673574519,0.16624538745963413,13.888874931000675,0.11383173676264924,11.525173005718523,0.11383173676264924,1.8649741995888705,0.23096500075104154,34.242034535564635,0.23096500075104154,9.06905636087862,0.010371209489616673,0.283359728429851,0.010371209489616673,0.15169134464114825
episode_000001_000026,0.1723092384613838,95.76575729408222,0.1723092384613838,13.818695725374122,0.11856909777429936,11.96318245721818,0.11856909777429936,1.8535034604911045,0.20441821306707875,33.10226940843053,0.20441821306707875,9.028912253240943,0.0038313776955031242,0.1715208814165979,0.0038313776955031242,0.10624352673838626
episode_000001_000027,0.16410585916638953,94.23524003963385,0.16410585916638953,13.591657529223767,0.11250029571247533,12.08352030760074,0.11250029571247533,1.844294405812373,0.2016092547490551,32.481342653250664,0.2016092547490551,8.935839606477382,0.0035055629946879607,0.1650230427026507,0.0035055629946879607,0.09891232307675689
episode_000001_000028,0.15197393298779815,91.65135026642741,0.15197393298779815,12.867038362136388,0.10379729874588339,11.582251264396824,0.10379729874588339,1.744856388015367,0.1495231980665711,29.03013502807584,0.1495231980665711,8.409342067396588,0.004237576866441883,0.17758679813094064,0.004237576866441883,0.11193236356161393
episode_000001_000029,0.15059426926709807,91.45358609658823,0.15059426926709807,12.903032788666637,0.10236514880025949,11.659612250747296,0.10236514880025949,1.7558164852915947,0.15240825981590544,29.403661572065857,0.15240825981590544,8.456466173639123,0.004353951780456389,0.18038021574720808,0.004353951780456389,0.11297009320865341
episode_000001_000030,0.15280247197554098,92.16102938254073,0.15280247197554098,12.873538112658965,0.10229812853838871,11.497572157991291,0.10229812853838871,1.7497575552099305,0.1601049760258174,31.04107193926917,0.1601049760258174,8.831973798529502,0.004498661248365288,0.18311514989055402,0.004498661248365288,0.11559156050288164
episode_000001_000031,0.16813490466170222,96.634299637634,0.16813490466170222,12.981311911639818,0.11251423524991822,11.809185179882768,0.11251423524991822,1.7677034840279913,0.14839866601527762,31.01705185186726,0.14839866601527762,8.336781494630769,0.003478892308425907,0.16142637203083057,0.003478892308425907,0.08846400426534615
episode_000001_000032,0.16415294325907936,95.06140859951455,0.16415294325907936,12.95881067814396,0.10899667296951998,11.615071550496747,0.10899667296951998,1.7657000764911086,0.14438256148570405,30.457163757248125,0.14438256148570405,8.060908377796915,0.002983238244648745,0.14952473051234713,0.002983238244648745,0.07828931694571839
episode_000001_000033,0.16474978829475972,95.34292664968251,0.16474978829475972,12.922619932665658,0.11144019252548365,11.83329929593917,0.11144019252548365,1.7689203252672017,0.14300296752172947,30.264767325837663,0.14300296752172947,8.058914451272614,0.0029587208677271937,0.14901719786453987,0.0029587208677271937,0.07803932069374273
episode_000001_000034,0.16521031991100255,95.78955452808054,0.16521031991100255,12.898326088389569,0.1101553988246976,11.757615566113554,0.1101553988246976,1.763263895394386,0.14351652672502735,30.13824559559482,0.14351652672502735,8.033205282355105,0.0029558277840792124,0.14884186929030757,0.0029558277840792124,0.07873668013050608
episode_000001_000035,0.1689928338045743,96.86181273180259,0.1689928338045743,12.9614343338594,0.11300301381856559,12.005525865450128,0.11300301381856559,1.7725828777486392,0.1429784759570769,30.081339312679027,0.1429784759570769,8.015219894958586,0.0028676875019473247,0.14664785799165306,0.0028676875019473247,0.0769648354232219
episode_000001_000036,0.16350902657842692,95.28251746808525,0.16350902657842692,12.897625640759792,0.10925669188012044,11.759322932945564,0.10925669188012044,1.7632765561886532,0.14296281510223963,30.138433845988285,0.14296281510223963,8.048002191814106,0.003061920361977166,0.15142255791705075,0.003061920361977166,0.0798250096494034
episode_000001_000037,0.16755277772605381,96.68891953153395,0.16755277772605381,12.945453788914923,0.11169331597842047,11.901797682902304,0.11169331597842047,1.7688271077776647,0.14356328359274606,30.167159892728087,0.14356328359274606,8.073241892577974,0.0030652762273073453,0.15174373527051335,0.0030652762273073453,0.08143606156244747
episode_000001_000038,0.167567686402458,96.61446378599766,0.167567686402458,12.960458344766606,0.11208252857148215,11.958600958362156,0.11208252857148215,1.7736631430377654,0.1482507947213314,30.884026147824148,0.1482507947213314,8.135232742416319,0.003011246534651235,0.1503018838222514,0.003011246534651235,0.07981736316367725
episode_000001_000039,0.165421997121862,95.94697288174902,0.165421997121862,13.042216453055323,0.1087716431422241,11.538679758537086,0.1087716431422241,1.7670607697521863,0.14302581428153127,29.953282662038905,0.14302581428153127,7.806237771484049,0.0022726657539555717,0.12983246939048887,0.0022726657539555717,0.06484573545059019
episode_000001_000040,0.1542577431297546,91.83011683341242,0.1542577431297546,12.935101395756458,0.09385232131325372,10.767138963210925,0.09385232131325372,1.7502060839068538,0.14005407463129493,28.863422268215807,0.14005407463129493,7.470650806066164,0.001894846902180558,0.11843174902810666,0.001894846902180558,0.05556280194813027
episode_000001_000041,0.15156117537566505,89.22843324241855,0.15156117537566505,13.01560409133376,0.09675631507342586,11.766476513512078,0.09675631507342586,1.8482934721419344,0.15531847167745727,30.22351108095614,0.15531847167745727,7.556212210899166,0.0007392015233743665,0.07427481691895804,0.0007392015233743665,0.03878772990693072
episode_000001_000042,0.11705262416588869,76.65589212208764,0.11705262416588869,12.461291284361094,0.06270535051351234,7.938655009437216,0.06270535051351234,1.6520895585281108,0.1360568773400066,27.47331814659277,0.1360568773400066,7.485642920074552,0.0019096332243385694,0.11830215329865156,0.0019096332243385694,0.06142213261719378
episode_000001_000043,0.12208498804557633,77.96152298012463,0.12208498804557633,12.696388882297,0.06187417108623694,8.353906168711724,0.06187417108623694,1.7066067141824917,0.14406160322286932,28.625656879189766,0.14406160322286932,7.792252923796378,0.003068253217069161,0.14900033354241846,0.003068253217069161,0.07479474272994768
episode_000001_000044,0.11677717390545128,75.9216316002862,0.11677717390545128,12.692106591951768,0.05614350589509076,7.746263507275941,0.05614350589509076,1.7225736700011307,0.15459685551258562,29.20252833693917,0.15459685551258562,7.880813959436456,0.0036164128325731904,0.1614110110264812,0.0036164128325731904,0.08264321352402235
episode_000001_000045,0.11515701190399441,75.3035565469495,0.11515701190399441,12.670539183705484,0.05514352718302984,7.6074523436807935,0.05514352718302984,1.7253115372399026,0.1582560037325994,29.787719371792523,0.1582560037325994,8.018562949119854,0.004005960389484198,0.17037352422353555,0.004005960389484198,0.08715698583271084
episode_000002_000000,0.07142687650711166,59.61625191234459,0.07142687650711166,11.01813564634546,0.03188729890172326,6.216420634526599,0.03188729890172326,1.5534889215009307,0.3520470919903227,34.50097413016593,0.3520470919903227,9.5778558895933,0.8596850957233391,1.5752898906213948,0.8596850957233391,0.7194423055710342
episode_000002_000001,0.07156860200046589,59.68472684754671,0.07156860200046589,11.02574176835613,0.0320405337807077,6.1751056524978125,0.0320405337807077,1.5515861025499478,0.35828371740059994,34.967891310143315,0.35828371740059994,9.679081042753955,0.8887762904565608,1.5927797776411206,0.8887762904565608,0.7266116356193734
episode_000002_000002,0.07295231345026698,60.25545112017844,0.07295231345026698,11.079207484689233,0.0329172044976932,6.2192021231963475,0.0329172044976932,1.5596772305834616,0.3614713748056064,34.73353635450312,0.3614713748056064,9.614042369888073,0.8828008448029514,1.5895105780696581,0.8828008448029514,0.7247072549091462
episode_000002_000003,0.07267194136770949,60.1432843689547,0.07267194136770949,11.106571145746917,0.03316376746355543,6.187844028979118,0.03316376746355543,1.5641884280706526,0.36017695120388915,34.4414171223762,0.36017695120388915,9.58642865167464,0.8567177608883768,1.5630065699171432,0.8567177608883768,0.7125601195446695
episode_000002_000004,0.07813469931759931,62.908380008843835,0.07813469931759931,11.42061945653616,0.03535783454714314,6.604007829082783,0.03535783454714314,1.6243702370720676,0.35894825004091857,34.248997949532786,0.35894825004091857,9.643543423061244,0.8058913265253318,1.491397192127204,0.8058913265253318,0.6821531258162937
episode_000002_000005,0.09262783148415199,68.58212008747289,0.09262783148415199,11.768945922474735,0.04071062514678381,7.199192357169513,0.04071062514678381,1.6771381207745184,0.33551128585442014,28.685283518495673,0.33551128585442014,8.154270595755827,0.5528787028943223,1.3499980230283832,0.5528787028943223,0.6202949775483824
episode_000002_000006,0.09366729538189134,69.22189138221358,0.09366729538189134,11.605100913307872,0.0403436277957504,7.331315233223009,0.0403436277957504,1.6404705707666993,0.33372626092157853,25.63235197224379,0.33372626092157853,7.299919604330257,0.25642362096788185,1.0730607759195345,0.25642362096788185,0.4929852256198098
episode_000002_000007,0.09638118529872819,70.4883641445622,0.09638118529872819,11.748542574050768,0.03970071714411094,7.651618059810495,0.03970071714411094,1.658215265850787,0.3600033828245054,26.120734247190526,0.3600033828245054,7.235084905214819,0.27330673783967097,1.2091609492488276,0.27330673783967097,0.5514210769581825
episode_000002_000008,0.11193029588926928,74.60073186342886,0.11193029588926928,12.170736927703878,0.047043476232264125,7.348689523319752,0.047043476232264125,1.68178501973548,0.3339222303518563,23.873941815949486,0.3339222303518563,6.8734073108191325,0.174480244183165,0.9990433979930293,0.174480244183165,0.4562615609092352
episode_000002_000009,0.1039392756619748,72.83691437935133,0.1039392756619748,12.046539580335303,0.048332293743410415,8.056628829295889,0.048332293743410415,1.6891317916921986,0.2757078472577452,21.13197445475486,0.2757078472577452,6.351477027942371,0.1079679681748772,0.7559589580614327,0.1079679681748772,0.3521873516092605
episode_000002_000010,0.11003817731783172,75.10125614647617,0.11003817731783172,12.344668587595752,0.04995827668618347,8.13565045127227,0.04995827668618347,1.756994287339468,0.2710938502244402,21.16903546652112,0.2710938502244402,6.403129741959298,0.1024463542206957,0.7320248211687265,0.1024463542206957,0.3440420267144721
episode_000002_000011,0.10019655198594213,71.13847792918286,0.10019655198594213,11.976790130758351,0.04357942371357315,7.535264239719752,0.04357942371357315,1.7108635801657983,0.26918533479300255,20.91304354102521,0.26918533479300255,6.257334867389236,0.11875651535042298,0.8272078344823828,0.11875651535042298,0.38178049548448384
episode_000002_000012,0.08310094966020631,64.64937343824158,0.08310094966020631,11.636293861427985,0.039858408922818445,7.373500917662189,0.039858408922818445,1.67641888691973,0.32276951203316406,26.299815304629824,0.32276951203316406,7.053232039415009,0.1449237377575855,0.9521305575525983,0.1449237377575855,0.4298452290697072
episode_000002_000013,0.08913052843684155,68.43532080035409,0.08913052843684155,11.731265742898968,0.042633210018525824,7.578789295644545,0.042633210018525824,1.6503054046884862,0.32447881854386096,24.74203233067646,0.32447881854386096,6.762433936872843,0.14428956481067512,0.9440735610451572,0.14428956481067512,0.4274711378920303
episode_000002_000014,0.10458685392614975,73.40427465884248,0.10458685392614975,12.032658524362255,0.0533714305104066,8.483688850302254,0.0533714305104066,1.6834428026492412,0.3370404423552714,27.15638357859406,0.3370404423552714,7.694753684901904,0.14721653451903127,0.9184324650011545,0.14721653451903127,0.4158506626934327
episode_000002_000015,0.09772960689662269,70.71771553532331,0.09772960689662269,11.975301996671641,0.049820359229632794,9.22789867534299,0.049820359229632794,1.6922935586316556,0.3750422343332057,28.468428676480073,0.3750422343332057,8.401106188110315,0.16874894833447351,1.006975925603841,0.16874894833447351,0.4546465140809303
episode_000002_000016,0.0982625829772058,69.3735856584852,0.0982625829772058,12.10836804653708,0.04789281340376195,8.741610328535184,0.04789281340376195,1.694976832632874,0.3098971002289552,25.08647840905345,0.3098971002289552,8.36962193253046,0.11386714263909836,0.8036969045237979,0.11386714263909836,0.3667922424782354
episode_000002_000017,0.10922231033469498,73.22756204821194,0.10922231033469498,12.454405827556947,0.05301300563716571,9.564141141767005,0.05301300563716571,1.7636099176558195,0.25016967355945596,21.870909099763296,0.25016967355945596,8.0025746483797,0.0368166099097188,0.43761278899710737,0.0368166099097188,0.20891981651818958
episode_000002_000018,0.11031252845656492,74.23486299510232,0.11031252845656492,12.555822803815207,0.05495609139940372,9.850025822611713,0.05495609139940372,1.7829063177381121,0.21649854684565606,19.068827082316105,0.21649854684565606,7.370755106949571,0.008769882108197402,0.20820714148678482,0.008769882108197402,0.10753419864406503
episode_000002_000019,0.1095439069622347,74.45055721406398,0.1095439069622347,12.55190983584019,0.05494258110865957,9.804289264230276,0.05494258110865957,1.7876797462743301,0.21393723483141547,19.069443107703588,0.21393723483141547,7.19696429788357,0.013556508275990087,0.2560974370680686,0.013556508275990087,0.1269145882929969
episode_000002_000020,0.10974938104885978,74.49134684912408,0.10974938104885978,12.518637319950313,0.05479555735072483,9.660855454943212,0.05479555735072483,1.7744608652006,0.21468052424601503,18.951681475124374,0.21468052424601503,7.165534513824103,0.013642347119547371,0.2609531285301253,0.013642347119547371,0.13008135689194364
episode_000002_000021,0.10949016657086674,74.40447978186842,0.10949016657086674,12.520088867116307,0.05440084799439271,9.581373308421337,0.05440084799439271,1.7753404236018326,0.20850553052781506,18.650599532884012,0.20850553052781506,7.046749176659503,0.008363746523598059,0.20391290441886978,0.008363746523598059,0.10204803317079665
episode_000002_000022,0.12036050457414627,78.75164479963725,0.12036050457414627,12.756752944719713,0.056055787946744595,10.28831534406083,0.056055787946744595,1.808059472126665,0.21174145595173022,18.395756359866745,0.21174145595173022,7.261302606144139,0.003790855738467158,0.13246239587964756,0.003790855738467158,0.06850363441600857
episode_000002_000023,0.1396971292840019,83.83271321847496,0.1396971292840019,13.053090212257782,0.06913228961339013,11.00103067663603,0.06913228961339013,1.8332689817221572,0.23138526529268988,20.388294171245278,0.23138526529268988,7.3226845348877205,0.02351598920932918,0.35445300261352664,0.02351598920932918,0.16784435722825047
episode_000002_000024,0.1538075742049192,89.43620602210926,0.1538075742049192,13.24579347136943,0.0766529614244491,11.126432965110007,0.0766529614244491,1.8092629499407502,0.25415394625510246,22.308311739559088,0.25415394625510246,8.085806492658477,0.0447479630995361,0.515786978970906,0.0447479630995361,0.24436297065123255
episode_000002_000025,0.19006333292209865,98.68814824687892,0.19006333292209865,13.83659638345618,0.11922473125394517,12.05126200718276,0.11922473125394517,1.8283410763049188,0.32464158820131295,35.620939673964244,0.32464158820131295,9.370090762506427,0.05756426307204132,0.633559473359389,0.05756426307204132,0.32126361989676255
episode_000002_000026,0.20347051789170179,103.39963935804077,0.20347051789170179,14.04281742612061,0.1396074972764525,12.06868465779005,0.1396074972764525,1.7981199367802203,0.2439367355679296,34.141206855137625,0.2439367355679296,9.43888224486975,0.012727741671672677,0.3074762376878114,0.012727741671672677,0.16955192819960369
episode_000002_000027,0.1829543953550412,100.7202238535781,0.1829543953550412,13.98628050198914,0.1301496292904839,11.334198722446533,0.1301496292904839,1.7753138482264355,0.21280858562035732,32.14854992622408,0.21280858562035732,9.196262820130766,0.007381391940580184,0.23683772889720808,0.007381391940580184,0.13730735993260323
episode_000002_000028,0.18140420494122633,100.78934717639561,0.18140420494122633,13.968182737996807,0.1285171589662435,11.384082538274017,0.1285171589662435,1.7825267491700694,0.21936058080055665,33.25473916735358,0.21936058080055665,9.336035204148073,0.0073875849104336755,0.2368630262282568,0.0073875849104336755,0.13617936683307583
episode_000002_000029,0.16730946413337333,99.05837161475607,0.16730946413337333,13.23704891045614,0.12309677576861022,11.36436406373716,0.12309677576861022,1.7016045000149453,0.13863307435894578,27.740971841182695,0.13863307435894578,8.202149666999722,0.0027662863999262655,0.1439387057275001,0.0027662863999262655,0.08911942453052211
episode_000002_000030,0.1709819062686575,100.54171056927485,0.1709819062686575,13.253613292084554,0.1301149193685004,11.815472267600438,0.1301149193685004,1.7194228505496876,0.1594375190805304,29.869702272771228,0.1594375190805304,8.58621600709093,0.0024269947935365854,0.13460680960824808,0.0024269947935365854,0.09022553057901711
episode_000002_000031,0.17989350495862577,102.61455529144268,0.17989350495862577,13.270066253397896,0.1348189975130749,11.929539118120038,0.1348189975130749,1.7155350611546731,0.14327139906603759,28.759877170475317,0.14327139906603759,8.232614180383454,0.0021798473446610345,0.12775606443713505,0.0021798473446610345,0.07397227670749758
episode_000002_000032,0.17530994798273092,100.86136306680312,0.17530994798273092,13.246421860494282,0.13229660037705304,11.56999914933807,0.13229660037705304,1.7015232133293627,0.13951426782286136,28.434291569826613,0.13951426782286136,8.083677213336491,0.0014005748088428138,0.10300421143227309,0.0014005748088428138,0.0585117631154803
episode_000002_000033,0.17485855474142353,100.74528774097384,0.17485855474142353,13.19970117926442,0.13162234099789527,11.40744114931349,0.13162234099789527,1.6914328047121596,0.13252557808656973,27.453458966147995,0.13252557808656973,7.857652212087183,0.0013489526177030697,0.10082132001252964,0.0013489526177030697,0.05785348315917536
episode_000002_000034,0.17563696625555314,100.85996758013594,0.17563696625555314,13.234758557177681,0.13170711786684508,11.569311940138848,0.13170711786684508,1.7016016438670551,0.13002647644366172,27.447295212203034,0.13002647644366172,7.854319916297342,0.0011272147286428558,0.09234569360330343,0.0011272147286428558,0.05433365927444393
episode_000002_000035,0.176110015921354,101.29337972663778,0.176110015921354,13.246979587137304,0.13284406155002482,11.770598887835135,0.13284406155002482,1.7134667072738845,0.13459621077434092,27.73942377976191,0.13459621077434092,7.955315299621463,0.001339561679863377,0.10043796951763409,0.001339561679863377,0.05877194583150441
episode_000002_000036,0.1820193354342471,102.87202657817211,0.1820193354342471,13.303516441240596,0.13613843071113751,12.023500798253023,0.13613843071113751,1.7213514302143404,0.13401638749282796,27.786399770677487,0.13401638749282796,7.972332734978366,0.0010953749982010041,0.09087916282553646,0.0010953749982010041,0.054648707118538344
episode_000002_000037,0.17948418332508942,102.4785117679176,0.17948418332508942,13.271537172974362,0.13425541262716867,11.926955577964293,0.13425541262716867,1.7181371492063366,0.13019516063732883,27.249084947330505,0.13019516063732883,7.865960647407527,0.001086133740229367,0.09049784520255295,0.001086133740229367,0.055513181487145624
episode_000002_000038,0.17746074854931004,101.42163988384249,0.17746074854931004,13.242615097161792,0.1325000158233558,11.638857042419055,0.1325000158233558,1.7055058652981352,0.13658570383852386,28.126696834492396,0.13658570383852386,8.02742102811247,0.0013576939661117393,0.10098189850806899,0.0013576939661117393,0.05850587486046573
episode_000002_000039,0.1756746967088142,100.70499942710967,0.1756746967088142,13.223946855200522,0.13172801984291738,11.535060858160689,0.13172801984291738,1.7001728946047607,0.13669875937316445,28.03731983058946,0.13669875937316445,7.993802916784479,0.0013422083159229103,0.10036571208409531,0.0013422083159229103,0.05801895496973669
episode_000002_000040,0.1855084288594946,103.42257362202207,0.1855084288594946,13.322154885684093,0.13935095379549,12.07530496300438,0.13935095379549,1.7270865057039764,0.13174907526470325,27.989170954779752,0.13174907526470325,7.987006227178191,0.0018011943218587678,0.11580964886881476,0.0018011943218587678,0.06391249050272366
episode_000002_000041,0.17499443268013015,100.27721253852786,0.17499443268013015,13.182177321431718,0.1077846734335155,12.550866496023128,0.1077846734335155,1.7519353736165528,0.13056565787514018,27.693773396210105,0.13056565787514018,7.522243422894715,0.001092139398916947,0.08905329071081979,0.001092139398916947,0.04489278099971834
episode_000002_000042,0.18024393311672215,99.71283732995454,0.18024393311672215,13.293256032200487,0.11246725870182528,13.38248817422528,0.11246725870182528,1.8224738077318374,0.11904806385197919,26.28545395587795,0.11904806385197919,7.137002304861005,0.0012817216991488634,0.09641338006706868,0.0012817216991488634,0.044896604644923635
episode_000002_000043,0.13155846277414152,85.41712576655024,0.13155846277414152,12.538497738680404,0.06555446466863102,10.433929703573256,0.06555446466863102,1.733456869002761,0.12848978566944813,26.484567367837794,0.12848978566944813,7.315901278967466,0.003839337051882441,0.1689937385437466,0.003839337051882441,0.08080120850971759
episode_000002_000044,0.12613148370594374,83.81496153210651,0.12613148370594374,12.574030010329254,0.06102623363266235,10.853507175742072,0.06102623363266235,1.7711445361156144,0.13663769017456906,26.99722718379354,0.13663769017456906,7.433259031764604,0.0035741065548690054,0.16263964594834832,0.0035741065548690054,0.08109815052712915
episode_000002_000045,0.12374512720943509,83.1044876050769,0.12374512720943509,12.647708330848031,0.057366436867696824,10.286003997963954,0.057366436867696824,1.7596069421217846,0.14243099106506052,27.428250148847507,0.14243099106506052,7.470652334293879,0.0025707932977224734,0.13799740382530545,0.0025707932977224734,0.07227967821548856
episode_000002_000046,0.12370845603709357,83.11751172150507,0.12370845603709357,12.660607001696784,0.05773904294414256,10.259501465462895,0.05773904294414256,1.7592804842149483,0.1415050651484664,27.59397499137329,0.1415050651484664,7.520397365268887,0.0025833460300019873,0.1383587808450858,0.0025833460300019873,0.07370550073931659
episode_000003_000000,0.0744701413976322,60.97303460048545,0.0744701413976322,11.137487354466838,0.030935560178558474,6.5192845853216195,0.030935560178558474,1.5746007326217453,0.29145267279007314,26.507176234208846,0.29145267279007314,7.746410819767097,0.2361400954993792,1.0383396169590724,0.2361400954993792,0.473782897451181
episode_000003_000001,0.07615693870273299,61.69146305037138,0.07615693870273299,11.158798650523815,0.03134554608267481,6.450109780869369,0.03134554608267481,1.5730353593738626,0.30884211091239244,27.422451587309656,0.30884211091239244,7.944341008645812,0.25621896008618683,1.0648420897797637,0.25621896008618683,0.48608121923850944
episode_000003_000002,0.07846596394075323,62.678115473874755,0.07846596394075323,11.222929428150739,0.03246765708771138,6.578999759820084,0.03246765708771138,1.5812953035942323,0.3284447682614352,28.357684252287655,0.3284447682614352,8.179769824297583,0.2783186727353143,1.1127795477137719,0.2783186727353143,0.507277314273052
episode_000003_000003,0.0784094049773747,62.713843421334644,0.0784094049773747,11.223061086058104,0.032661947380563716,6.495266422852747,0.032661947380563716,1.5799341302038765,0.33592446274595933,28.94561737338749,0.33592446274595933,8.341966061741815,0.30399930006256237,1.1441356909154927,0.30399930006256237,0.5209073421617056
episode_000003_000004,0.08513065666781383,65.35694582317839,0.08513065666781383,11.690382406817845,0.03724467314749602,7.378129207967954,0.03724467314749602,1.6621996216868906,0.3707618579674883,31.726027023095867,0.3707618579674883,9.1040924240231,0.37114846134840784,1.2792437008734,0.37114846134840784,0.581347166452405
episode_000003_000005,0.08096169333755254,63.12616941466273,0.08096169333755254,11.686866249018289,0.03696260110343197,7.409815642408609,0.03696260110343197,1.676961791866192,0.3764964720135593,32.5316971568942,0.3764964720135593,9.173804922661875,0.49942836563753523,1.4499139031590285,0.49942836563753523,0.6563439472254313
episode_000003_000006,0.07764196013666236,61.27574994437742,0.07764196013666236,11.458695356933765,0.038426728963267154,7.1909698534480295,0.038426728963267154,1.6462708832302042,0.4087527090115246,32.318956686519506,0.4087527090115246,8.881069074453894,0.5103885043006534,1.4852901821382964,0.5103885043006534,0.670806561943689
episode_000003_000007,0.08511891319049392,63.4760041814491,0.08511891319049392,11.782437133352651,0.03580770395396948,6.798610837837778,0.03580770395396948,1.6922447349368868,0.3567998677732426,27.062963658083763,0.3567998677732426,7.525869018797364,0.19137136363230345,1.1004876713857266,0.19137136363230345,0.49599211725577613
episode_000003_000008,0.08610090387415714,63.78141147025228,0.08610090387415714,12.148530226721116,0.04551471146694541,8.113542654006332,0.04551471146694541,1.7404120547823048,0.427912803944423,28.473420958430733,0.427912803944423,7.592789915524468,0.17726687132407482,1.1031172906103717,0.17726687132407482,0.4970295012082631
episode_000003_000009,0.09821492683677868,68.15042839570842,0.09821492683677868,12.257044034211521,0.04646279982577539,8.05206970083549,0.04646279982577539,1.7399125305604863,0.3775495240487584,26.36121777962438,0.3775495240487584,7.569183155935751,0.16748132984180375,1.0560356286574208,0.16748132984180375,0.4797661499383338
episode_000003_000010,0.1119744383358574,73.5644027529859,0.1119744383358574,12.60097532965239,0.05807366973781003,8.92381717942188,0.05807366973781003,1.7858465415492388,0.3951141824825385,27.131638793561265,0.3951141824825385,7.824930217452457,0.17399038503308162,1.0907808307957825,0.17399038503308162,0.49925004401347656
episode_000003_000011,0.12735216413696526,76.12055249020709,0.12735216413696526,13.100963468127498,0.07684696903719213,9.574914490440666,0.07684696903719213,1.8314557888492864,0.3910884433064642,27.45090567041018,0.3910884433064642,8.324999870203625,0.1861105010321864,1.1059699181485887,0.1861105010321864,0.5083088742069042
episode_000003_000012,0.14088796414154492,79.56695391357417,0.14088796414154492,12.893309505718177,0.08553035545012011,9.183852315145678,0.08553035545012011,1.7752932810487834,0.36640454173556236,27.02733481087504,0.36640454173556236,8.326091798214694,0.17194585810083907,1.0198622885939432,0.17194585810083907,0.4669357862439808
episode_000003_000013,0.12725235902539722,74.65894352548801,0.12725235902539722,12.634087234659551,0.07139378616514036,8.622857608969882,0.07139378616514036,1.738736575873123,0.33369022459277387,26.64399830864265,0.33369022459277387,8.156391202415804,0.12993744332380808,0.9026380259731277,0.12993744332380808,0.4171053332232824
episode_000003_000014,0.1360555427797101,80.40598758587481,0.1360555427797101,12.791899210864102,0.07957882518931492,10.055388421626247,0.07957882518931492,1.7717808844729064,0.3194833218877856,26.41684517251596,0.3194833218877856,8.197664959849151,0.11383454875860055,0.8343333635373544,0.11383454875860055,0.38056895790145245
episode_000003_000015,0.14139122347549538,82.28892676193011,0.14139122347549538,12.90374880679129,0.08894614110570542,10.472306692623727,0.08894614110570542,1.7925790365332281,0.33462977541216854,28.926180421802695,0.33462977541216854,8.764334116283399,0.11273989302168552,0.8439974307480813,0.11273989302168552,0.3873827584337691
episode_000003_000016,0.1529442111927205,85.17815481050388,0.1529442111927205,12.856707331117624,0.09922588797398835,11.28746927176783,0.09922588797398835,1.8141385536582524,0.3082613637689374,28.3956151978604,0.3082613637689374,8.673365512848365,0.0972339265562644,0.7967799815393625,0.0972339265562644,0.3706248131328581
episode_000003_000017,0.15369120006507286,85.48496205626917,0.15369120006507286,12.86097083842165,0.10031416428031947,11.361731410992075,0.10031416428031947,1.8149044906814416,0.31569000309403583,28.749595569361915,0.31569000309403583,8.735046816744626,0.10075028097543681,0.8109061942553474,0.10075028097543681,0.3759994040152209
episode_000003_000018,0.15357733835015808,85.32964662741362,0.15357733835015808,12.859977412843692,0.09990686404850724,11.26746834960167,0.09990686404850724,1.8076297801915846,0.3140319744046808,28.259183173509008,0.3140319744046808,8.64396306526692,0.10244650621160167,0.8158407448476448,0.10244650621160167,0.37731582585667167
episode_000003_000019,0.15305001999613976,85.12456621190697,0.15305001999613976,12.846000629509115,0.09998606856906556,11.34894028044619,0.09998606856906556,1.8115143594118264,0.29530996330058823,26.970368056017048,0.29530996330058823,8.460496149509774,0.10128909935489172,0.8114755029212627,0.10128909935489172,0.3744463815605179
episode_000003_000020,0.15076384856860592,84.58654307053304,0.15076384856860592,13.038298138486097,0.10389010908806129,12.084908830791735,0.10389010908806129,1.8440751936573196,0.30021907565371475,26.698108543096186,0.30021907565371475,8.456466406068039,0.10808429421177856,0.8286792905520112,0.10808429421177856,0.38104955473258023
episode_000003_000021,0.16946218142983338,92.36765387191247,0.16946218142983338,13.569925577466517,0.12290679767335932,13.001321468100837,0.12290679767335932,1.8731795159147415,0.3199867829999744,29.141996065182422,0.3199867829999744,8.628037841639433,0.09332807406177457,0.7861775673453403,0.09332807406177457,0.36788277787229845
episode_000003_000022,0.1888958455652403,99.00579431869771,0.1888958455652403,13.74704904830292,0.14127618102011286,14.11835179932122,0.14127618102011286,1.9092705771460545,0.2650953887070271,29.1123051813577,0.2650953887070271,8.453323606989393,0.04483990304571328,0.5668022413675944,0.04483990304571328,0.2859466511597189
episode_000003_000023,0.18280744615934552,97.6415460679363,0.18280744615934552,13.529712513355948,0.126267919129618,12.351940570841592,0.126267919129618,1.8054559481600316,0.24277731866351326,36.85398830331081,0.24277731866351326,9.818523784717625,0.017237100310005138,0.3590597364171566,0.017237100310005138,0.19059871937993528
episode_000003_000024,0.18130921294546198,99.48900147207979,0.18130921294546198,13.592477623534625,0.12948354119130767,11.950338084849246,0.12948354119130767,1.7937836938684644,0.21072002027701275,33.75935140750158,0.21072002027701275,9.487559419941586,0.005015189982381152,0.19602783774761837,0.005015189982381152,0.1167564379501729
episode_000003_000025,0.17499188073441696,97.6495707726174,0.17499188073441696,13.480111280000814,0.13396497988292488,12.342537152039915,0.13396497988292488,1.7969063404342438,0.20735048950367096,34.56041035268698,0.20735048950367096,9.631979515405861,0.002957236444625533,0.15086367446900717,0.002957236444625533,0.09589611000142259
episode_000003_000026,0.15404481490680266,93.63647708751624,0.15404481490680266,12.988906677014626,0.12023428732797758,12.31961201585474,0.12023428732797758,1.7612706551454946,0.1475870721698731,29.625111871778156,0.1475870721698731,9.090774624231312,0.004729775126479652,0.18901538823461297,0.004729775126479652,0.13139606377950014
episode_000003_000027,0.1524692942993784,92.90082930456452,0.1524692942993784,12.960691135982307,0.12073430085409342,12.129832025323552,0.12073430085409342,1.7631330563087715,0.14239496096322402,30.06943575936845,0.14239496096322402,8.824755720357096,0.004296139604242244,0.17959085311730455,0.004296139604242244,0.11942473072219686
episode_000003_000028,0.16507365961521614,96.50977471621462,0.16507365961521614,13.091371585885309,0.1251391864649738,12.271365687867554,0.1251391864649738,1.784493592461895,0.1302338764335631,28.498311175277465,0.1302338764335631,8.272072119076602,0.003207236739835806,0.1558015893114437,0.003207236739835806,0.09991086623307996
episode_000003_000029,0.1678607421621492,97.41292757782634,0.1678607421621492,13.169207439212721,0.12796628216435058,12.328237327440137,0.12796628216435058,1.7929853740715733,0.13363360233346644,29.37065168492353,0.13363360233346644,8.183188891609289,0.0028046714711253973,0.14562659823477933,0.0028046714711253973,0.08493086359344734
episode_000003_000030,0.17031685207863367,98.49308207952639,0.17031685207863367,13.16301360280262,0.12981613712650653,12.481359664816102,0.12981613712650653,1.791765920294957,0.1353220710585752,29.46538150518238,0.1353220710585752,8.142988885472333,0.0028826036580692493,0.1474780829358778,0.0028826036580692493,0.08314397437581453
episode_000003_000031,0.17135904434004046,98.81590417499102,0.17135904434004046,13.219230859981542,0.13044043968045838,12.660865745517025,0.13044043968045838,1.804037560892921,0.13803560620021893,30.047273737687348,0.13803560620021893,8.244141265751933,0.0030072810929048233,0.15044572885826818,0.0030072810929048233,0.08431361756033019
episode_000003_000032,0.169214582593729,98.03772908780411,0.169214582593729,13.199299045688687,0.1267299667166849,12.356511541793425,0.1267299667166849,1.7945471511656246,0.13526039778747656,29.557279895760285,0.13526039778747656,8.164605953778635,0.0025709505318524117,0.13980180335020972,0.0025709505318524117,0.08075114945576771
episode_000003_000033,0.17162541603828596,98.82274336087592,0.17162541603828596,13.207126678157435,0.13077901350969978,12.608315367510938,0.13077901350969978,1.803028847651206,0.13512474985189238,29.624926305268353,0.13512474985189238,8.195093706287642,0.002533223957839059,0.13838611656684843,0.002533223957839059,0.0807961479335775
episode_000003_000034,0.1687850158483919,97.81586477913307,0.1687850158483919,13.197058978225632,0.12821205342926567,12.409364832686881,0.12821205342926567,1.797338655480876,0.1363020528780664,29.809507540140515,0.1363020528780664,8.223698027451219,0.002726598622213694,0.14349499350131567,0.002726598622213694,0.08240169621638355
episode_000003_000035,0.17035736382087108,98.48404701466974,0.17035736382087108,13.202791197777458,0.13123769939669694,12.69507587107957,0.13123769939669694,1.8076534172007275,0.1370596554973258,29.623112234102503,0.1370596554973258,8.187768060422343,0.0027532823216807056,0.14462901340148376,0.0027532823216807056,0.08305549239542873
episode_000003_000036,0.16939269556068748,98.26192466786425,0.16939269556068748,13.184820135910046,0.12806832828996595,12.49022227579744,0.12806832828996595,1.7969036376468261,0.13676463750339618,29.795489787496106,0.13676463750339618,8.23333614914734,0.0030766218753793817,0.15285737141412573,0.0030766218753793817,0.08678137090535133
episode_000003_000037,0.16934284645173736,97.81463104855622,0.16934284645173736,13.180435762092932,0.12378022149809709,12.009292771208568,0.12378022149809709,1.7733692103022014,0.12571706930181137,28.544504940415194,0.12571706930181137,8.07370373231199,0.0020267535179907537,0.12437046071495927,0.0020267535179907537,0.07519306526294017
episode_000003_000038,0.16398014673620132,95.80034099387439,0.16398014673620132,12.888516134216804,0.11312295836170305,12.48521105730434,0.11312295836170305,1.782626893640867,0.12673038133311365,28.081401784850115,0.12673038133311365,7.737007802417182,0.0017998799445775315,0.11639634672704546,0.0017998799445775315,0.06032455481986658
episode_000003_000039,0.17365509556486292,97.3678582922504,0.17365509556486292,13.294463165094248,0.1341317440110511,13.757224363791268,0.1341317440110511,1.856763642750539,0.1233609410543971,26.79948900399269,0.1233609410543971,6.9631232337698155,0.0006443893245757781,0.06961294796526042,0.0006443893245757781,0.032871737822344246
episode_000003_000040,0.18553555520939224,99.969581105042,0.18553555520939224,13.408709109215534,0.12657369372973237,13.056842836900879,0.12657369372973237,1.8084957548662381,0.12603901284759123,27.23881571357702,0.12603901284759123,7.260911278363711,0.000806754699382517,0.0774014960605235,0.000806754699382517,0.04304935178191158
episode_000003_000041,0.1982892553872707,105.55319821525286,0.1982892553872707,13.782092595840032,0.1302432712460324,12.963445621434815,0.1302432712460324,1.8366328869146151,0.14054132773478445,27.513975316500304,0.14054132773478445,7.5231701066158365,0.0014259184978838713,0.10093877738404183,0.0014259184978838713,0.05072957857919051
episode_000003_000042,0.20072461247787643,106.46238324130096,0.20072461247787643,13.786193605068515,0.12300290683300352,12.499063625167121,0.12300290683300352,1.8344092086905495,0.13857982442788064,26.51433868408591,0.13857982442788064,7.354731250198417,0.0017850518062916265,0.11332085278923683,0.0017850518062916265,0.05877470430456343
episode_000003_000043,0.20501500518880622,107.30578917917983,0.20501500518880622,13.828347140454188,0.12376045521304757,12.529731396335164,0.12376045521304757,1.8432034158508126,0.1386823957394967,26.576549051500653,0.1386823957394967,7.306440944933302,0.001716716570392629,0.1109382307001684,0.001716716570392629,0.0572945981287193
episode_000004_000000,0.08101834750159242,62.73390818252229,0.08101834750159242,11.170017138125848,0.03822210442805496,6.783501680991342,0.03822210442805496,1.5613182951922695,0.259400514611521,20.284240165587146,0.259400514611521,6.196024246910088,0.17257577852783568,0.9555490096686464,0.17257577852783568,0.43976817557414744
episode_000004_000001,0.08235029554836604,63.21998066517072,0.08235029554836604,11.219319817524353,0.03875452583909578,6.798912713530542,0.03875452583909578,1.567690880727618,0.27332589063855683,20.82522276870925,0.27332589063855683,6.3129249774054195,0.1839347834423828,0.9829943517486768,0.1839347834423828,0.452677357319461
episode_000004_000002,0.08265749060130867,63.37681365563926,0.08265749060130867,11.246748548558575,0.03907236466615904,6.795717292397653,0.03907236466615904,1.5712613658015764,0.27194388269710557,20.755370092329255,0.27194388269710557,6.315735734842905,0.17901825648710268,0.9661673359221787,0.17901825648710268,0.4468264066511923
episode_000004_000003,0.0830486488168759,63.53941639189472,0.0830486488168759,11.274928034189042,0.03918016981082062,6.737596967182017,0.03918016981082062,1.5733928841345177,0.2698736087518505,20.63669660768426,0.2698736087518505,6.278583028753982,0.1712293604220244,0.9439559153729528,0.1712293604220244,0.43750256282192
episode_000004_000004,0.08516233433321763,64.66039264358581,0.08516233433321763,11.548220323946886,0.041323317197930476,7.138544365464925,0.041323317197930476,1.6264151913736802,0.2752181464359015,20.854238323789186,0.2752181464359015,6.3104392888296985,0.16537001931922257,0.9184333900641684,0.16537001931922257,0.4241656709714684
episode_000004_000005,0.08279076080572678,63.581719944857056,0.08279076080572678,11.511877596466972,0.04367466748106219,6.932610109294882,0.04367466748106219,1.6106241947881996,0.275144974650228,20.98201463912473,0.275144974650228,6.178735450766098,0.18160044815760534,0.9771894050449348,0.18160044815760534,0.44877759887287755
episode_000004_000006,0.08592207904816629,64.88565469232402,0.08592207904816629,11.591028050090195,0.044956190268854335,7.545422675261296,0.044956190268854335,1.6324021445366643,0.26502855906634026,20.222502096096374,0.26502855906634026,5.972218392662638,0.17677426970168497,0.9660106012481362,0.17677426970168497,0.4409204115013141
episode_000004_000007,0.08749992615210211,65.53527335285976,0.08749992615210211,11.875141032518291,0.04239066083361531,6.990664115449006,0.04239066083361531,1.655537237626019,0.30578632425321806,22.985212165381938,0.30578632425321806,6.801775636416158,0.2948247789512205,1.1310649549241865,0.2948247789512205,0.5185124445086725
episode_000004_000008,0.10730165167837857,73.70007573182814,0.10730165167837857,12.238580543543732,0.05262514619384284,8.830845860651506,0.05262514619384284,1.7304760871977471,0.2978838539214044,21.61023009772829,0.2978838539214044,6.759649136264798,0.15869516433930364,0.7537663673690145,0.15869516433930364,0.35603478335066957
episode_000004_000009,0.11987285607630327,78.4194104807958,0.11987285607630327,12.679801242957407,0.06291795711302617,9.190638073283488,0.06291795711302617,1.7849665855878372,0.3227940141821817,22.712483974666448,0.3227940141821817,7.014656893486454,0.11757932385330883,0.5830123876906511,0.11757932385330883,0.2871746541762642
episode_000004_000010,0.12058860387912185,78.53192536007992,0.12058860387912185,12.642169115424128,0.05789987731442259,8.48192041692571,0.05789987731442259,1.7546462280403892,0.3370135223196119,23.80031482858389,0.3370135223196119,7.135411534995614,0.14032903856529255,0.7994003928726249,0.14032903856529255,0.37727122789671047
episode_000004_000011,0.1183708954696806,78.58546400805204,0.1183708954696806,12.755826061804155,0.05831424438598709,8.708174186605259,0.05831424438598709,1.7745903285231406,0.3353119629010016,25.065842481508646,0.3353119629010016,7.14404377096182,0.14202661084319823,0.9459763217197498,0.14202661084319823,0.4328341938686192
episode_000004_000012,0.11428836282326493,76.19668914033217,0.11428836282326493,12.602578853912966,0.06257087736274713,9.331505162337102,0.06257087736274713,1.7807076614109771,0.3492579619314288,26.290825673443706,0.3492579619314288,7.284610612374673,0.13604787320532052,0.9300641565703858,0.13604787320532052,0.42683454810065014
episode_000004_000013,0.11947325815316334,76.39095110185235,0.11947325815316334,12.785667221208225,0.0689499379487466,9.77120394576911,0.0689499379487466,1.8099698777160889,0.4409713517681564,31.343616891233008,0.4409713517681564,8.725205378924274,0.1723206217678812,1.0321406942715021,0.1723206217678812,0.4738327470965366
episode_000004_000014,0.11866831139964651,75.75462917376612,0.11866831139964651,12.777612806628413,0.07453404628035964,10.01658509718698,0.07453404628035964,1.7853670864181903,0.42031827349652573,30.43424557389372,0.42031827349652573,8.81538054187961,0.14604375664594416,0.9234135084860025,0.14604375664594416,0.4263038167023029
episode_000004_000015,0.13773695533428676,79.2958853019079,0.13773695533428676,13.104625581125536,0.09726246423734797,10.768966290178302,0.09726246423734797,1.8292031186388884,0.3672413531894688,27.997398227520016,0.3672413531894688,9.0460090298355,0.08001682873892568,0.6600946703805852,0.08001682873892568,0.3163227991445761
episode_000004_000016,0.13768272106899826,78.3287011135284,0.13768272106899826,12.98961683736533,0.09811429138667194,10.03097728463757,0.09811429138667194,1.7846854044691949,0.2885577597126494,23.345442738228808,0.2885577597126494,8.189825442679869,0.0538822382559202,0.5227054413139867,0.0538822382559202,0.2556433579677856
episode_000004_000017,0.14307603407812597,80.90885494967608,0.14307603407812597,13.036793501654124,0.10193770649950262,10.533862156130708,0.10193770649950262,1.8104327469566093,0.2583094389654492,21.478505592917156,0.2583094389654492,7.975079893311615,0.031483831700634735,0.39346664485136473,0.031483831700634735,0.19701836414537163
episode_000004_000018,0.1435962097118041,81.29909726382802,0.1435962097118041,13.013152484363925,0.10103932570535523,10.646417148081417,0.10103932570535523,1.8108311033166942,0.25891089749185536,21.561985214413635,0.25891089749185536,7.963880913391722,0.0350429936088158,0.41444906001070486,0.0350429936088158,0.205694757043056
episode_000004_000019,0.14604673974719762,81.89055281992587,0.14604673974719762,13.039835961842067,0.1036184192032249,10.796259293321093,0.1036184192032249,1.8165378651904605,0.26190628288778717,21.723514877663685,0.26190628288778717,8.060320944104525,0.035053214600491156,0.4144931399976438,0.035053214600491156,0.20710802849814297
episode_000004_000020,0.1511067188003321,83.69260471611608,0.1511067188003321,12.969751090957125,0.10818781361526897,11.14775023955678,0.10818781361526897,1.8116242136852738,0.22363168475542627,20.14596477964227,0.22363168475542627,7.907278074729936,0.01517286328846712,0.2705426774813293,0.01517286328846712,0.14153606570615476
episode_000004_000021,0.1719514517946813,89.47625197688356,0.1719514517946813,13.311973847465902,0.11371742764583448,10.095877861066173,0.11371742764583448,1.7817496192500808,0.27169523547150143,23.601273345254693,0.27169523547150143,8.317349903380325,0.03155304739894338,0.3961998648771318,0.03155304739894338,0.19130935863519166
episode_000004_000022,0.226060282750428,109.1983696439013,0.226060282750428,14.230782761523754,0.1601470314810357,13.936798719297874,0.1601470314810357,1.9149267185347927,0.28845558604991983,26.4640812907976,0.28845558604991983,8.707192818922504,0.06465529416487292,0.651698380533559,0.06465529416487292,0.31638486436698054
episode_000004_000023,0.21689319893894365,107.11098620846045,0.21689319893894365,14.332152527464553,0.15647305296502556,12.79962077971532,0.15647305296502556,1.8835230072993119,0.28573568983967146,31.45719427920853,0.28573568983967146,8.923783322814284,0.04753924796738829,0.577533386739243,0.04753924796738829,0.2940855027788335
episode_000004_000024,0.2076831373073228,106.6413706423571,0.2076831373073228,14.249610814396798,0.15939121388515887,12.734776929448055,0.15939121388515887,1.8394948174456343,0.23915646445370653,32.22173864727159,0.23915646445370653,9.388217991648752,0.017416676592313163,0.35479572165171913,0.017416676592313163,0.19066953346505403
episode_000004_000025,0.20178887185719363,106.77096298017402,0.20178887185719363,14.104844859304594,0.1615132554713664,13.213545276713747,0.1615132554713664,1.8440884839967322,0.20956385893858975,29.462597048078045,0.20956385893858975,8.794333763617427,0.0066475666879706186,0.22091788350527658,0.0066475666879706186,0.12497820485361714
episode_000004_000026,0.20103920600476755,106.88381638843299,0.20103920600476755,14.054329530380809,0.16322855676884196,13.302292546741324,0.16322855676884196,1.8414052231592706,0.2094561137305614,29.34284409081698,0.2094561137305614,8.87315657616332,0.006996874673563913,0.22553342563076095,0.006996874673563913,0.12786640320031184
episode_000004_000027,0.1760419437981514,102.54057702167101,0.1760419437981514,13.496640540628121,0.15723163214233948,13.065021714645727,0.15723163214233948,1.7906046435095078,0.16728241910913277,28.87669419800398,0.16728241910913277,8.575583992678132,0.0037518527594770923,0.1711236309278183,0.0037518527594770923,0.11440454695475229
episode_000004_000028,0.18370957066645976,104.86645052025759,0.18370957066645976,13.415786030734964,0.16114891654658303,12.98536525874688,0.16114891654658303,1.7737999737288201,0.15194543004363292,28.642848262479895,0.15194543004363292,8.815582966819061,0.0028065027250858687,0.1457230234748642,0.0028065027250858687,0.10299156399318002
episode_000004_000029,0.18879736267938518,106.2698389142645,0.18879736267938518,13.411754228965089,0.16284483173275754,12.90291804670781,0.16284483173275754,1.7747861943897987,0.13949431528274026,27.55373380646198,0.13949431528274026,8.459276817251522,0.002048410730350003,0.12416811276826914,0.002048410730350003,0.0847027743384529
episode_000004_000030,0.1952078333458982,108.42939587873106,0.1952078333458982,13.502000724308443,0.17029033608837607,13.324043891323694,0.17029033608837607,1.7911080298871855,0.13418937108801798,27.10776125029273,0.13418937108801798,8.280869109609423,0.0013952139100931182,0.10311762754501179,0.0013952139100931182,0.06684979133002754
episode_000004_000031,0.19182777140470497,107.30718234368535,0.19182777140470497,13.452933034031892,0.16734374165332178,13.220529115467281,0.16734374165332178,1.7848603528166929,0.13485090426892388,27.277345878589276,0.13485090426892388,8.296098314100353,0.001452922978983695,0.10528708176668483,0.001452922978983695,0.06768988920523104
episode_000004_000032,0.19519228001886169,108.15443011542558,0.19519228001886169,13.509957343063485,0.1697813162234869,13.316117431870515,0.1697813162234869,1.7943598784945842,0.1364876983807588,27.40589843350263,0.1364876983807588,8.31569052683947,0.0013663149726327317,0.10211774317476605,0.0013663149726327317,0.06673213654704793
episode_000004_000033,0.19760632435234748,109.15413135432593,0.19760632435234748,13.541452032750474,0.17134784936400627,13.371851651664068,0.17134784936400627,1.795315054778839,0.1330552165662643,27.063574768524806,0.1330552165662643,8.251556546976992,0.0012875147364073136,0.0988213246535177,0.0012875147364073136,0.06321845530027828
episode_000004_000034,0.19442011382366764,107.96594904702623,0.19442011382366764,13.493653354929503,0.16904860190213433,13.243121413632222,0.16904860190213433,1.7902297032612553,0.1377405554486255,27.566575680841478,0.1377405554486255,8.332866541709194,0.0013847132834767795,0.10317248782701367,0.0013847132834767795,0.06621923704089745
episode_000004_000035,0.1975958699419632,108.98775002245473,0.1975958699419632,13.545190170156804,0.1733091742880305,13.442597390761524,0.1733091742880305,1.7973243386482576,0.13822323044285556,27.52129340360392,0.13822323044285556,8.303997844288652,0.0016406559687820454,0.11153913076855164,0.0016406559687820454,0.07046404719255385
episode_000004_000036,0.1954773502513334,108.41994933821229,0.1954773502513334,13.522446948214899,0.16943892096180746,13.361242541995702,0.16943892096180746,1.7970477319871785,0.13407375436965618,27.17355700971121,0.13407375436965618,8.254409404130222,0.0013523575033712598,0.10163689163001534,0.0013523575033712598,0.06628817214322924
episode_000004_000037,0.19460621458427807,108.43297725084332,0.19460621458427807,13.510038871043585,0.16968924989640555,13.38932024004361,0.16968924989640555,1.7974440326388712,0.13515678143609333,27.14766544453159,0.13515678143609333,8.237201200413654,0.0015278508332911,0.10771736702336938,0.0015278508332911,0.06935835355078283
episode_000004_000038,0.1803736745416804,104.58425391665307,0.1803736745416804,13.31826401144839,0.1506583971282981,12.844701732904918,0.1506583971282981,1.769464613591513,0.12706083056229434,26.768032466870075,0.12706083056229434,8.307203770747156,0.0013271472797504735,0.1006987596369157,0.0013271472797504735,0.0711052350838484
episode_000004_000039,0.18656032382736332,104.31172482579063,0.18656032382736332,13.436357954023975,0.1456762362905416,13.250884357257892,0.1456762362905416,1.8018036418418766,0.11480850769808126,24.31766299584218,0.11480850769808126,7.221345793338993,0.00043155593826227356,0.05762364238207224,0.00043155593826227356,0.044367546207719676
episode_000004_000040,0.18104426306914145,101.4602746588227,0.18104426306914145,13.26543786728368,0.12648135349874612,12.873984104931525,0.12648135349874612,1.7748754104823175,0.09597923380385454,23.358427316066898,0.09597923380385454,6.97845221509396,0.00017783020972650387,0.03654862621559213,0.00017783020972650387,0.018373135219072446
episode_000004_000041,0.1474354710598863,85.8474321266793,0.1474354710598863,12.64240363359295,0.10066792095793087,10.81494644227247,0.10066792095793087,1.703469860138436,0.11115930232651372,25.241847494205153,0.11115930232651372,7.471121576064648,0.0007768745355474227,0.07604707324172848,0.0007768745355474227,0.06885382009198739
episode_000004_000042,0.15191828926178408,88.64875002488257,0.15191828926178408,12.901373666776417,0.10036114522805983,11.006079613495451,0.10036114522805983,1.740598060540732,0.09724961562548606,23.754794151791515,0.09724961562548606,6.959402230819982,0.0005028665989321723,0.061508012079132854,0.0005028665989321723,0.06035622390473153
episode_000004_000043,0.14366561166913072,85.7062738376508,0.14366561166913072,12.624640634552426,0.09418083902591456,10.53691823133501,0.09418083902591456,1.7012676503499407,0.09218760318578922,24.368921069825344,0.09218760318578922,6.900806390842888,0.0005803027966926333,0.06707640933995652,0.0005803027966926333,0.05422780425795122
episode_000004_000044,0.1415111828635378,85.12927940382245,0.1415111828635378,12.575801733232204,0.09245786931999989,10.423319680807618,0.09245786931999989,1.6931238267989779,0.09391971729555104,24.718005887496307,0.09391971729555104,6.929032140024442,0.0004605537848071384,0.05961688113168233,0.0004605537848071384,0.051877257516296196
episode_000005_000000,0.07042181743121789,59.71541736113569,0.07042181743121789,11.09076853698506,0.02855904493768613,6.445833960161692,0.02855904493768613,1.5740918611978059,0.2757506841296029,23.0868184887184,0.2757506841296029,7.337577669121119,0.16540126028849134,0.947720614305009,0.16540126028849134,0.43359551197415697
episode_000005_000001,0.0712231172353609,60.06656595120828,0.0712231172353609,11.121039562013497,0.02912735395088273,6.472364732881443,0.02912735395088273,1.5767497222246027,0.27887509186585224,23.30744569244144,0.27887509186585224,7.438310464199801,0.17046294597465517,0.951676113959799,0.17046294597465517,0.43586623539083635
episode_000005_000002,0.07164140191392465,60.16125325963284,0.07164140191392465,11.172885904559232,0.029622795221251552,6.512244982241303,0.029622795221251552,1.5854725163075187,0.28396366140165796,23.486809015290994,0.28396366140165796,7.5222335255391926,0.1741891365919549,0.9629447182864938,0.1741891365919549,0.44151208958997545
episode_000005_000003,0.07291332697288855,60.51522355561466,0.07291332697288855,11.209081001165965,0.02984602223195132,6.453641537905932,0.02984602223195132,1.5870908141565063,0.2854438532626933,23.75267061084484,0.2854438532626933,7.550816941180352,0.17573372066181692,0.9681417463792371,0.17573372066181692,0.44351891004223704
episode_000005_000004,0.0765015089889931,61.73733613722549,0.0765015089889931,11.417555923641443,0.030730277589865462,6.717509243106545,0.030730277589865462,1.621280844501955,0.2803315431835939,23.440771659817162,0.2803315431835939,7.610769901987206,0.16825173731311815,0.9466180006470142,0.16825173731311815,0.43552571899625586
episode_000005_000005,0.07969709807498748,63.12050773826835,0.07969709807498748,11.447996463008268,0.03361112711093783,6.9928836790579325,0.03361112711093783,1.6396952665924842,0.3553929215389954,27.234845202051645,0.3553929215389954,7.920139043319037,0.2021170330755392,1.120079602689341,0.2021170330755392,0.5088069142378362
episode_000005_000006,0.0811490511714732,63.82603001516931,0.0811490511714732,11.864077500619793,0.03704275679074298,7.518496410940534,0.03704275679074298,1.7279693265004974,0.35679497991093545,25.94108501755504,0.35679497991093545,7.732854239570445,0.20121346517496919,1.0693811151201755,0.20121346517496919,0.4857470777500878
episode_000005_000007,0.09771474730771124,70.15721705215651,0.09771474730771124,12.162341784828637,0.04522724620517582,8.10991510185653,0.04522724620517582,1.7567443215655507,0.40955441327870823,27.66353905803447,0.40955441327870823,8.08130799450762,0.19515876215506245,1.1139786292957319,0.19515876215506245,0.5100910311935936
episode_000005_000008,0.09919792992868337,70.92917870412184,0.09919792992868337,12.43108019406425,0.05025112973563206,9.139460405040058,0.05025112973563206,1.7933626305711607,0.36227790784637426,23.809413753668892,0.36227790784637426,7.816701866696254,0.18663395037221842,1.050993196714325,0.18663395037221842,0.4849043784438997
episode_000005_000009,0.1276494685898656,80.21659075794716,0.1276494685898656,12.903467584429045,0.08135498432989807,11.19094156362642,0.08135498432989807,1.9019305695472493,0.38920810450339105,24.46685744448972,0.38920810450339105,7.718696342995484,0.19909303494397412,1.0960435167222806,0.19909303494397412,0.5022262989158321
episode_000005_000010,0.15307672603898925,87.6885022981382,0.15307672603898925,13.3764717001743,0.10249328431925209,12.788711310363302,0.10249328431925209,1.9677827639534045,0.4131929224105336,26.25085696666525,0.4131929224105336,8.230926145126386,0.20213518264038755,1.143505992031786,0.20213518264038755,0.5238354206643899
episode_000005_000011,0.14946952526591273,86.42617352686011,0.14946952526591273,13.378634757908827,0.1068109528656791,12.51828431260351,0.1068109528656791,1.913817136062225,0.4311662724659273,28.761965346992767,0.4311662724659273,8.307970747853707,0.19022224519297948,1.0997343792549634,0.19022224519297948,0.503725487248196
episode_000005_000012,0.15904994177598453,87.96926384192182,0.15904994177598453,13.292660060617923,0.11026405031808006,11.885376347130896,0.11026405031808006,1.8663190923993225,0.45023065982849364,30.88673212286578,0.45023065982849364,8.891682282427274,0.18694830486233638,1.113985897673536,0.18694830486233638,0.5124678955329789
episode_000005_000013,0.1542437678561106,86.84885555410433,0.1542437678561106,13.38115051912363,0.1065573568393261,11.492182757109273,0.1065573568393261,1.8801047662372234,0.4578195869664736,31.41424009561471,0.4578195869664736,9.121328742563428,0.18472185460363322,1.1029656695161982,0.18472185460363322,0.5075263253220202
episode_000005_000014,0.1486783196241256,84.39109423831421,0.1486783196241256,13.363515121912151,0.09618566646234461,10.932965092567928,0.09618566646234461,1.8543328280808733,0.4380795331299888,32.08789272684687,0.4380795331299888,8.979115671306548,0.15793303580019857,1.006668486041213,0.15793303580019857,0.4586738687029122
episode_000005_000015,0.1421836340976652,82.56077156930489,0.1421836340976652,13.223118537011173,0.08892209973022513,10.537400388955593,0.08892209973022513,1.8373959750430549,0.41152245507876983,31.948960669700497,0.41152245507876983,8.923309054477157,0.1423896921939506,0.9553655027436296,0.1423896921939506,0.435418103944271
episode_000005_000016,0.14455857560899432,82.80514648761584,0.14455857560899432,13.233646059356008,0.09017299189406569,10.387197246636397,0.09017299189406569,1.8310253484902148,0.414982351307961,32.23527479170448,0.414982351307961,9.000214700972759,0.14261022272940838,0.9553189179663786,0.14261022272940838,0.435295064348308
episode_000005_000017,0.14110460081634313,81.71380505399466,0.14110460081634313,13.186575510369774,0.08777476995136868,10.275479113343907,0.08777476995136868,1.8246585720063444,0.41049910445822946,32.00908774833315,0.41049910445822946,8.908076577001758,0.14058342068475604,0.9484370871861925,0.14058342068475604,0.4313090962885243
episode_000005_000018,0.1451493118078082,82.22076181338508,0.1451493118078082,13.054463881047322,0.09243150040647452,10.482868260547894,0.09243150040647452,1.814616021452646,0.40464159509186337,32.650359341565945,0.40464159509186337,8.893790720329907,0.14531601739919564,0.9656827165582564,0.14531601739919564,0.43872077173435226
episode_000005_000019,0.15188726348111448,86.33649761873298,0.15188726348111448,13.070704549476448,0.09199253703944588,11.402095191908945,0.09199253703944588,1.8154699548435433,0.37143130344137076,34.372726540772746,0.37143130344137076,9.734565767285643,0.13921218562332283,0.9359336542486744,0.13921218562332283,0.4244292125288826
episode_000005_000020,0.18278121326502594,96.82569936250508,0.18278121326502594,13.920386499782976,0.12317190045305615,12.978448554681739,0.12317190045305615,1.9012422579845292,0.37505360170775826,34.88425565893594,0.37505360170775826,9.23222514297179,0.12487407577545528,0.9011189541533862,0.12487407577545528,0.41345894135852007
episode_000005_000021,0.2345385779471567,109.61141143481798,0.2345385779471567,14.518646379058412,0.16373128601951648,15.001494037092636,0.16373128601951648,2.0009624623886277,0.2866217797600923,27.931299154844037,0.2866217797600923,8.78221904376123,0.05925146061189068,0.6248390478075034,0.05925146061189068,0.3003111529543355
episode_000005_000022,0.2201184096029154,107.40335314143667,0.2201184096029154,14.279499051714833,0.15048039258183,12.928058705424746,0.15048039258183,1.8751022268289006,0.2847386478679572,34.37026259027794,0.2847386478679572,8.969142955845532,0.04400233518831087,0.5661802717066814,0.04400233518831087,0.286981731233505
episode_000005_000023,0.19455976448976853,102.62997958300436,0.19455976448976853,13.957035228428948,0.13985386986948567,11.515733974700495,0.13985386986948567,1.7890383804695025,0.23701342104928624,36.26743503388054,0.23701342104928624,9.56506571803779,0.013282960340864625,0.31750254329888644,0.013282960340864625,0.1730873070363294
episode_000005_000024,0.20401018010095495,105.43708664280959,0.20401018010095495,14.123303480821443,0.15335312525063838,11.937020717726591,0.15335312525063838,1.8162756659485868,0.22668671418958197,35.56177806847114,0.22668671418958197,9.58139121688685,0.009059567291690662,0.25992595686601117,0.009059567291690662,0.1450568154440329
episode_000005_000025,0.16932022948045578,96.63245392482999,0.16932022948045578,13.265533289980452,0.1273703348678763,10.985105347089851,0.1273703348678763,1.702738934273471,0.10292100039351515,24.434380029877747,0.10292100039351515,7.871576724110902,0.0014402092956586898,0.10556116646917561,0.0014402092956586898,0.09213363884388921
episode_000005_000026,0.16694659185804073,95.29248347124496,0.16694659185804073,13.201793455836437,0.12475858581887123,10.59686654417116,0.12475858581887123,1.6863925184934756,0.09301276497878253,23.64858061508056,0.09301276497878253,7.616894430515927,0.0011400499511962092,0.09355188417316154,0.0011400499511962092,0.07824362332135508
episode_000005_000027,0.17522157045228248,97.69760871290688,0.17522157045228248,13.313046957626813,0.1255115623922871,10.456273125540548,0.1255115623922871,1.7028859278210682,0.0932422460879968,23.892873177055463,0.0932422460879968,7.605116633381002,0.0006228929024449936,0.06942016750745482,0.0006228929024449936,0.07236621454345263
episode_000005_000028,0.1835460133476522,99.91000172230406,0.1835460133476522,13.460531182162697,0.1377765814833548,11.059470341631911,0.1377765814833548,1.7347351263950952,0.08909996343753235,24.99176714572714,0.08909996343753235,7.148276275834363,0.00024115003079872022,0.04311244173607302,0.00024115003079872022,0.03813861041157604
episode_000005_000029,0.18560741268077574,100.54057939362662,0.18560741268077574,13.48975063097476,0.14167227016724449,11.209269241982238,0.14167227016724449,1.7408870609511373,0.08944012474166019,25.07630640140281,0.08944012474166019,7.118635062526964,0.00019300303780400707,0.038794613658988696,0.00019300303780400707,0.03168806122954361
episode_000005_000030,0.1852804523990894,100.97343014477782,0.1852804523990894,13.44909787128917,0.14107146453052544,11.32670421998143,0.14107146453052544,1.73792027990604,0.08700035862840239,24.79922697810014,0.08700035862840239,7.090817820815363,0.00020874396697434516,0.040367129665988224,0.00020874396697434516,0.033671444494057665
episode_000005_000031,0.18752112695523793,101.5917500915648,0.18752112695523793,13.481700647479707,0.14510933124998726,11.525019865667847,0.14510933124998726,1.7461130491284103,0.08887575226327271,24.99707847244107,0.08887575226327271,7.111998896612788,0.00024453338919239176,0.04376841566237834,0.00024453338919239176,0.03444691850807773
episode_000005_000032,0.1862128087164533,101.54572864250831,0.1862128087164533,13.449728050076665,0.14255341796345444,11.452664764736456,0.14255341796345444,1.7406840722814159,0.08847798328212853,24.98325243254171,0.08847798328212853,7.083872758781889,0.00016974065980368547,0.03657992477584454,0.00016974065980368547,0.03238376077660118
episode_000005_000033,0.18534365745242998,100.81029161179355,0.18534365745242998,13.43859339225171,0.14237772166212292,11.355421175484231,0.14237772166212292,1.738691696149835,0.08754884418557174,24.872158595424604,0.08754884418557174,7.103957879780432,0.00025827103698194964,0.04473295874024268,0.00025827103698194964,0.03563717282779602
episode_000005_000034,0.180780725543783,99.33573887591577,0.180780725543783,13.391082078957828,0.1368644898729905,10.95727691519897,0.1368644898729905,1.723137008968152,0.08736455467981075,24.968983673890786,0.08736455467981075,7.1065956288760015,0.00021554742245866176,0.04079554047989645,0.00021554742245866176,0.03470220030918541
episode_000005_000035,0.182363058495299,99.69002063997455,0.182363058495299,13.438209779127723,0.1406884483511719,11.183376521307904,0.1406884483511719,1.7358202143981778,0.08860487192359123,24.90797532165057,0.08860487192359123,7.140167217972816,0.00021645294498595646,0.041147597391806005,0.00021645294498595646,0.0362964779408841
episode_000005_000036,0.1860788419056728,101.06314763289875,0.1860788419056728,13.476599916952066,0.14259394777852696,11.92571290125873,0.14259394777852696,1.7743071272049433,0.08440672384203951,23.884179339447,0.08440672384203951,6.787863236932446,0.00010178856027098782,0.028396650885168528,0.00010178856027098782,0.02050130104960567
episode_000005_000037,0.20545250706477658,104.87277098758157,0.20545250706477658,13.72542430069428,0.14702745815416585,12.476207748753826,0.14702745815416585,1.8078887333063878,0.08454041831703518,23.46052169028966,0.08454041831703518,6.615794508971189,3.455843901634115e-05,0.0161212693267941,3.455843901634115e-05,0.008655671799281383
episode_000005_000038,0.22052529462032378,110.09035664601056,0.22052529462032378,14.095091597701252,0.15948289332803067,14.448713758831351,0.15948289332803067,1.9243012270730246,0.10650738285869599,26.494820041698183,0.10650738285869599,7.1924147603166615,4.681288444774445e-06,0.005810341711188917,4.681288444774445e-06,0.015494449729245288
episode_000005_000039,0.1839527912000859,98.29145498666436,0.1839527912000859,13.364825373717498,0.1263837265157539,12.02189309574855,0.1263837265157539,1.7944842064065287,0.12447836542886159,28.030073209404502,0.12447836542886159,7.103733103844012,0.0001323075748245195,0.030921737817090827,0.0001323075748245195,0.026716793947953822
episode_000005_000040,0.1825186553540925,97.56384703805278,0.1825186553540925,13.418569034648543,0.12442330875696772,12.149038771964873,0.12442330875696772,1.8061591752674477,0.12682281069311296,28.082900073398097,0.12682281069311296,7.449932139101218,5.933721237028067e-06,0.006481462307048931,5.933721237028067e-06,0.01989480966327866
episode_000005_000041,0.1777053986841095,94.05819908347787,0.1777053986841095,13.337825082265118,0.10727690722614358,10.699119280241677,0.10727690722614358,1.77370019769848,0.14092171816565235,30.62869985018372,0.14092171816565235,7.8396141592630135,0.00034863805731466524,0.05072149428901081,0.00034863805731466524,0.026333528864009866
episode_000005_000042,0.1694288931429535,91.78961764114283,0.1694288931429535,13.177085657603216,0.09965761777158932,10.244030260225726,0.09965761777158932,1.7475320813889532,0.13877782849720277,30.90212490461193,0.13877782849720277,7.861729094019318,0.00027886186674608293,0.045780266760985885,0.00027886186674608293,0.024247478550654563
