planner_phase,method,count,token_count_mean,token_count_p50,token_count_p90,hidden_shift_norm_mean,hidden_shift_norm_p50,hidden_shift_norm_p90,repr_gap_reduction_ratio_mean,repr_gap_reduction_ratio_p50,repr_gap_reduction_ratio_p90,gap_to_sim_chunk_mean_l2_mean,gap_to_sim_chunk_mean_l2_p50,gap_to_sim_chunk_mean_l2_p90,gap_to_sim_chunk_max_l2_mean,gap_to_sim_chunk_max_l2_p50,gap_to_sim_chunk_max_l2_p90,gap_to_sim_first_translation_l2_mean,gap_to_sim_first_translation_l2_p50,gap_to_sim_first_translation_l2_p90,gap_to_sim_first_rotation_l2_mean,gap_to_sim_first_rotation_l2_p50,gap_to_sim_first_rotation_l2_p90,gap_to_sim_first_gripper_abs_mean,gap_to_sim_first_gripper_abs_p50,gap_to_sim_first_gripper_abs_p90,action_gap_reduction_mean,action_gap_reduction_p50,action_gap_reduction_p90,action_gap_reduction_ratio_mean,action_gap_reduction_ratio_p50,action_gap_reduction_ratio_p90,improved_count,worsened_count
alignment,all35_full_delta,85,35.0,35.0,35.0,271.08168828345913,266.84717966871096,313.4877558601177,1.0,1.0,1.0,0.00028839806988840185,0.00018783684508848084,0.0007389658584783836,0.00066903346751574,0.00041401860643852363,0.0015869150890815411,2.0398185183614547e-05,1.6535564733759617e-05,4.043730115105008e-05,3.875578665008001e-05,3.5530162507095685e-05,6.465408939808181e-05,0.0001282036167514675,7.13961198925972e-05,0.0002697838470339778,0.7125989871216788,0.7544875209085694,0.8876830251323314,0.9995009742137112,0.9997520498107397,0.9998651917117284,85,0
alignment,bottom10,85,10.0,10.0,10.0,118.55773279769689,118.73209085813959,139.79735318101322,0.1025974118091327,0.10377877029201603,0.1298167310433747,0.49839763457565894,0.5040611588731194,0.6887517606042902,0.7786251985218272,0.8400830447111713,0.9322891423223467,0.004871162019892169,0.004734024921174659,0.007607972496421885,0.012385289410524258,0.011393085300468486,0.019004701924551358,0.5314152586109498,0.5392354130744934,0.8387516736984253,0.21448975061590822,0.23368573471248888,0.26216258228043154,0.31321316120032183,0.31342108094593557,0.44218713790190417,85,0
alignment,bottom5,85,5.0,5.0,5.0,84.21158720619394,83.03787519330449,100.14561139071347,0.05027341242221015,0.050461051747268615,0.06383574693565389,0.5971706418865663,0.6108931695082404,0.7950048834945347,0.8149482713340577,0.8629210800085328,0.9370547289819738,0.0048711624149476,0.004734024948225695,0.007607973341372462,0.012385289581407385,0.011393084824584246,0.01900470063804614,0.5314152586109498,0.5392354130744934,0.8387516736984253,0.11571674330500092,0.12980712134194705,0.15699810145750517,0.16822582067555225,0.18541935686926234,0.23874112287266008,85,0
alignment,no_correction,85,0.0,0.0,0.0,0.0,0.0,0.0,0.0,0.0,0.0,0.7128545436726449,0.7546514862982461,0.8881977540114876,0.843770401864537,0.900911582021811,0.9431701499476836,0.004871162019892169,0.004734024921174659,0.007607972496421885,0.012385289410524258,0.011393085300468486,0.019004701924551358,0.5314152586109498,0.5392354130744934,0.8387516736984253,3.284151892227945e-05,1.3061897832900016e-05,0.0007065210473161224,9.932453212048163e-05,1.5430608607004094e-05,0.0010059785774309204,45,40
alignment,top1,85,1.0,1.0,1.0,75.82501922398184,73.53982546032968,97.03564127701415,0.04091914624821288,0.034159131817612653,0.060218068847594036,0.6751056202688,0.7138776858456599,0.8347819067582498,0.8436929559064588,0.900911582021811,0.9431701499410798,0.003584650974441834,0.003640466950579647,0.005370817136515843,0.009294115373799964,0.009330253744906597,0.014717329561159832,0.34268086000400433,0.34588369727134705,0.559771454334259,0.03778176492276708,0.037775694962491224,0.05667088870217153,0.0519717951502082,0.0514020821198001,0.07114697248550465,85,0
alignment,top10,85,10.0,10.0,10.0,204.7550513929249,208.7464748060173,235.4127603781646,0.3498396462059685,0.33948991296630654,0.43775875503792144,0.49675155832101203,0.5342302418738235,0.5869112835692242,0.8326926935343403,0.9009115820221918,0.9431701499476836,0.00042393934221628257,0.0004479922346767038,0.0006189856276721601,0.0013221802535553725,0.0013171478069406847,0.0018995898981350975,0.006812526625307167,0.005207912065088749,0.012962110340595256,0.21613582687055508,0.22674303741622004,0.3052574466172213,0.2951163089071594,0.30495224660135,0.35554036662649907,85,0
alignment,top15,85,15.0,15.0,15.0,221.40691297661837,222.62445187132985,253.58656729810994,0.4264382048721905,0.41505536111349883,0.5113029832147046,0.4025925206671706,0.42596011513726284,0.4976812660169307,0.8261912520609213,0.888721859835259,0.9431701499476836,0.00042393934221628257,0.0004479922346767038,0.0006189856276721601,0.0013221802535553725,0.0013171478069406847,0.0018995898981350975,0.006812526625307167,0.005207912065088749,0.012962110340595256,0.31029486452439664,0.3335548578823755,0.3969192736433316,0.42925902480850575,0.43128757942004575,0.4881281156787515,85,0
alignment,top2,85,2.0,2.0,2.0,105.1766391361853,103.49718342748969,129.60133869258038,0.07985514251071427,0.07551499075434841,0.1082189253651706,0.6448983375931441,0.6883335053077935,0.7933079193161968,0.8436929559062532,0.900911582021811,0.9431701499410798,0.002884073600135131,0.0029840380732076757,0.0041080337217776096,0.007892286352863456,0.007946835524973068,0.011619893001432376,0.19157899955616278,0.17804786562919617,0.31424741148948676,0.06798904759842309,0.06598883395206351,0.10605765964636553,0.09278470535540767,0.08661570008507859,0.127432614761616,85,0
alignment,top20,85,20.0,20.0,20.0,233.15134419798812,234.9892830638964,267.2457542360415,0.49283011614371364,0.4815556942275287,0.5686552327170608,0.32034352695862356,0.35091811073272206,0.37522859654023616,0.8261912520611228,0.8887218598175669,0.9431701499410798,2.0398027786567867e-05,1.6534483150047732e-05,4.043584914783211e-05,3.875599062464435e-05,3.552968962012952e-05,6.465401024528878e-05,0.0001282036167514675,7.13961198925972e-05,0.0002697838470339778,0.3925438582329436,0.407534951887612,0.5282374378155233,0.54113790326145,0.5394401399489096,0.6194524990562368,85,0
alignment,top3,85,3.0,3.0,3.0,131.48777323998917,129.67175310762295,159.86701950296646,0.12766365949516162,0.1254617871199385,0.1614105152097609,0.6253813676518436,0.6639155297255864,0.7579481359565349,0.843692955906575,0.900911582021811,0.9431701499410798,0.0022365622395849605,0.002303813490204104,0.003047480754859855,0.00656946155138843,0.006594744616565993,0.009637676178069664,0.09387802606558099,0.08430635184049606,0.171323162317276,0.08750601753972369,0.0874756694647505,0.1393431187721555,0.1192625351650168,0.1205170690666206,0.1655412320255942,85,0
alignment,top5,85,5.0,5.0,5.0,154.38055009913344,153.6591890494981,184.27685311691425,0.18066714433080377,0.1752360594287544,0.2284512608418486,0.5654980688725458,0.5933737313568086,0.6910624545684619,0.833310215958354,0.9009115820221918,0.9431701499410798,0.0022365622395849605,0.002303813490204104,0.003047480754859855,0.00656946155138843,0.006594744616565993,0.009637676178069664,0.09387802606558099,0.08430635184049606,0.171323162317276,0.14738931631902133,0.1537282542704932,0.20292908785038533,0.202143663123949,0.20465020145234736,0.24330609478579215,85,0
descent_to_grasp,all35_full_delta,40,35.0,35.0,35.0,302.78016814476064,309.1810809461631,334.83443937729436,1.0,1.0,1.0,0.0009386782666150753,0.0009573865847278956,0.0014585620764846594,0.0019027301244989026,0.001723109477783735,0.003024588290288596,1.9894803232364102e-05,1.6880836230868657e-05,3.591020906738588e-05,4.94513958804952e-05,5.044480755618498e-05,7.596121947309669e-05,0.0008360895793884992,0.00043088383972644806,0.002059966325759888,0.3869267449987811,0.3523079244617497,0.7464381833486172,0.9959098366992748,0.9976349568158378,0.9991903569644784,40,0
descent_to_grasp,bottom10,40,10.0,10.0,10.0,120.90009243029385,125.20268833936959,143.01358494705872,0.08375519736717409,0.08597028441913758,0.10590892396150726,0.34023878868658847,0.2603946022189616,0.6489496979728382,0.560669680953464,0.5134720678428175,0.8858685278413398,0.004033970294745081,0.0034710322682078264,0.007930104476125173,0.0024020303059877493,0.0011578873710970839,0.005636380270530352,0.5245957329869271,0.49676403403282166,0.8589899420738221,0.04762663457880769,0.03200054598973012,0.12010094629674564,0.10969437858083837,0.05925815249641657,0.34973493831273805,40,0
descent_to_grasp,bottom5,40,5.0,5.0,5.0,85.51915182395973,88.21437163318757,100.14377525475072,0.041074780711744356,0.04134439007649543,0.05426233502980816,0.3708355311817002,0.2982062201629371,0.7164927708103568,0.5802672304496884,0.5417402649496534,0.8858685278413398,0.004033970233077881,0.003471032693221663,0.007930104615505362,0.002402030530647056,0.0011578848114475876,0.00563638066266862,0.5245957329869271,0.49676403403282166,0.8589899420738221,0.017029892083695986,0.010666831182989334,0.04210542701618189,0.043627982027908616,0.01975389003352063,0.14383617200590626,37,3
descent_to_grasp,no_correction,40,0.0,0.0,0.0,0.0,0.0,0.0,0.0,0.0,0.0,0.387706816324828,0.35255064516501483,0.7475520072719721,0.5836632483423635,0.5769877331496274,0.8858685278453092,0.004033970294745081,0.0034710322682078264,0.007930104476125173,0.0024020303059877493,0.0011578873710970839,0.005636380270530352,0.5245957329869271,0.49676403403282166,0.8589899420738221,0.000158606940568198,0.0002621299174244557,0.0008105677608940238,0.0005002925782394454,0.0006461355244523112,0.0027553205468682767,25,15
descent_to_grasp,top1,40,1.0,1.0,1.0,82.92507655452157,83.5990008324352,102.52261674247627,0.04184685192091052,0.04634344264384399,0.06252743872535182,0.37165544443808785,0.3355285066239647,0.7158029874077203,0.573821355431728,0.5769877331483234,0.8858685278453092,0.0029917425105840272,0.002452474063659769,0.005777234364204035,0.0019073600995873207,0.0011942166222439316,0.004635930384001494,0.4443440081551671,0.4446116089820862,0.7352461218833923,0.01620997882730832,0.01018565979727648,0.034704901817203704,0.03628742060573796,0.03755947606610589,0.055999155546334375,40,0
descent_to_grasp,top10,40,10.0,10.0,10.0,229.13349950869306,231.6559466057813,246.3230050789514,0.356767976339313,0.33037824842295127,0.4791159956925595,0.24594065323277975,0.2342367804773141,0.47621859492903135,0.4752382701317826,0.46640975408413016,0.8424330654673501,0.0004565053760260414,0.00046266141529042386,0.0007615582740781357,0.0005274322796725254,0.00039921350211733397,0.0012228827984813336,0.05586986343842,0.03642243891954422,0.13366406559944155,0.14192477003261644,0.10037957334846323,0.27715610827154036,0.3668840073556419,0.38201085916926325,0.4403318638851739,40,0
descent_to_grasp,top15,40,15.0,15.0,15.0,249.9779638288811,251.61857866022567,269.70455201930207,0.4431660325416124,0.41980057907823765,0.5556611766593734,0.18828078086751282,0.1741939863416112,0.37198310247938504,0.3932238046228537,0.4051464664269355,0.7504420937910985,0.0004565053760260414,0.00046266141529042386,0.0007615582740781357,0.0005274322796725254,0.00039921350211733397,0.0012228827984813336,0.05586986343842,0.03642243891954422,0.13366406559944155,0.1995846423978834,0.14758840309947613,0.3752910361345696,0.5215907892206288,0.5443430999867657,0.609046894964521,40,0
descent_to_grasp,top2,40,2.0,2.0,2.0,108.07228996037664,109.92307367393309,135.0987921372341,0.07258443218240392,0.08065103235989182,0.11975866350970257,0.35301127254026354,0.3267825203045806,0.672537800392755,0.5615176787920426,0.5769877331483234,0.8858685278413398,0.0023513365712346987,0.0018288443830290727,0.004536599977412488,0.0017240347068589689,0.0010273085299642153,0.004070490424476638,0.3511220312677324,0.36164620518684387,0.5823898017406464,0.03485415072513262,0.020581067352245075,0.08539086254201628,0.07543509585418072,0.07704918270061688,0.12237227764900187,40,0
descent_to_grasp,top20,40,20.0,20.0,20.0,265.279461161918,268.847455796928,291.5733266072862,0.5229490094711846,0.5093466022496386,0.6095411188443486,0.11429385900504503,0.10221354032334337,0.2436392106115396,0.3499784341806973,0.2622395236510678,0.7504420937910985,1.9894709925157163e-05,1.6879898398723476e-05,3.591013135436503e-05,4.945170154723842e-05,5.044413031750995e-05,7.596141610659757e-05,0.0008360895793884992,0.00043088383972644806,0.002059966325759888,0.2735715642603512,0.20632464721796612,0.5062323352956025,0.7293020659862778,0.7804376368369865,0.8616084509570073,40,0
descent_to_grasp,top3,40,3.0,3.0,3.0,139.33574877409447,138.10786665265107,168.58609474753533,0.12110270035866724,0.1300573417256999,0.18496515954559864,0.33493956627594956,0.31898759857121173,0.6359418382406241,0.5471814133701599,0.5769877331483234,0.8858685278413398,0.0016036179158714341,0.0011699822481156693,0.0032923811893287368,0.0014036697490042356,0.0006366635003816483,0.003194860490928186,0.2607611030805856,0.2602034956216812,0.4261981248855592,0.05292585698944661,0.03371741543213028,0.11986054581314824,0.12443268018711569,0.12083440710338705,0.1712092568497678,40,0
descent_to_grasp,top5,40,5.0,5.0,5.0,172.25027617527266,171.74165308290662,190.8257498959804,0.18490200642078083,0.18040623512558535,0.26105601455548494,0.3176787742318174,0.29646493167056165,0.593991608825569,0.5154133198596572,0.4895706646579526,0.842433065477022,0.0016036179158714341,0.0011699822481156693,0.0032923811893287368,0.0014036697490042356,0.0006366635003816483,0.003194860490928186,0.2607611030805856,0.2602034956216812,0.4261981248855592,0.07018664903357881,0.04628467233087688,0.15472413421335002,0.16093623600429793,0.15724359736323945,0.22196811089856944,40,0
grasp_close,all35_full_delta,50,35.0,35.0,35.0,282.2641331729543,286.08640979428867,300.1826517941794,1.0,1.0,1.0,0.0008207992698504754,0.0009338213920628588,0.0012007579866503517,0.001366644059378085,0.001571257063756153,0.001962921587047156,1.9130282791842184e-05,1.741494221972125e-05,3.339016318354544e-05,4.383001592768364e-05,3.9662286285808794e-05,7.953025788670784e-05,0.0007251214981079102,0.0004616081714630127,0.0018071353435516358,0.0036404023973727684,0.0028354156372416067,0.006947891393462954,0.7545359621649209,0.7766911112502213,0.9195112046118749,50,0
grasp_close,bottom10,50,10.0,10.0,10.0,101.33565302227078,102.03760545145644,110.50069658358163,0.06678673899109187,0.06482445624954578,0.07754741441426324,0.004382972850428784,0.0032522096896099276,0.007376333622750206,0.012042009805593857,0.006820824879201314,0.023511986835391793,0.0037678090129450088,0.0035069355687405443,0.004948665795717057,0.00043945904043978396,0.00044385230844223834,0.0008945201562688413,0.009932669401168824,0.004113435745239258,0.022980064153671268,7.822881679445938e-05,4.729187601289209e-05,0.0004644008355336044,0.031730714440136316,0.011890730136842,0.14254255989612766,31,19
grasp_close,bottom5,50,5.0,5.0,5.0,70.71104994606368,71.01013611515357,76.59371748700168,0.03195610844042429,0.03100037296329061,0.03688060408699029,0.00445881629971287,0.003409615517150565,0.007502885398795069,0.01204200967988774,0.006820824879201314,0.02351198695810732,0.0037678090088451815,0.0035069352417548723,0.004948663291099646,0.00043945902145937357,0.0004438537522268582,0.0008945195140898594,0.009932669401168824,0.004113435745239258,0.022980064153671268,2.385367510373917e-06,-1.7267932592603466e-05,0.00038028784619754556,0.010174020535823537,-0.004588123911512813,0.11082339151228367,20,30
grasp_close,no_correction,50,0.0,0.0,0.0,0.0,0.0,0.0,0.0,0.0,0.0,0.004526128492758315,0.0034734940179620196,0.007431199049451035,0.012042009621159809,0.006820825190724815,0.023511986835391793,0.0037678090129450088,0.0035069355687405443,0.004948665795717057,0.00043945904043978396,0.00044385230844223834,0.0008945201562688413,0.009932669401168824,0.004113435745239258,0.022980064153671268,-6.492682553507061e-05,-9.137622210229012e-05,0.00019027783849508747,-0.01782806486230052,-0.02329752150036373,0.04417075010971653,14,36
grasp_close,top1,50,1.0,1.0,1.0,48.909048571374896,48.581187112929385,53.42581964145768,0.015171736827658494,0.0153128690729468,0.01697470661152842,0.004173749171524417,0.0034193274973199042,0.0065688865212643905,0.010328599401875915,0.006820825190724815,0.01921874134586023,0.003563813713376758,0.0033262181686443495,0.004652189070062176,0.0003976206777027352,0.0004073732666880522,0.0008777766137264898,0.008288131952285767,0.003921627998352051,0.018650078773498537,0.0002874524956988277,4.714230043793475e-05,0.0007048604484808064,0.020957439532435375,0.012215499149857385,0.12180991803102317,29,21
grasp_close,top10,50,10.0,10.0,10.0,216.0216980714604,218.78075735697797,228.79323118409698,0.3571271734626833,0.3562613095843786,0.38211846700132507,0.0016182841697676446,0.0015545118174404389,0.001949303855079128,0.0027667919944587616,0.0026482149634154705,0.003987586838981889,0.0005449001080416068,0.0005340699118139549,0.000739761700395182,6.34359833135418e-05,5.955286814462448e-05,9.708446717956507e-05,0.0008703970909118652,0.0006097853183746338,0.0019017040729522707,0.0028429174974555996,0.0018258697707815093,0.00565684193230699,0.5450698773182894,0.549568210845458,0.7544075161361905,50,0
grasp_close,top15,50,15.0,15.0,15.0,237.3686196953621,240.6855541627628,250.27184344419646,0.45950398079574106,0.45985386324729893,0.48740319325186526,0.0012359877719704665,0.0012456020443589039,0.0014768479380324428,0.0020258793444016526,0.001955641838266099,0.002707394786551249,0.0005449001080416068,0.0005340699118139549,0.000739761700395182,6.34359833135418e-05,5.955286814462448e-05,9.708446717956507e-05,0.0008703970909118652,0.0006097853183746338,0.0019017040729522707,0.003225213895252777,0.002247989946441017,0.006390563700416029,0.6373996107715187,0.6669215904819858,0.8550031427874135,50,0
grasp_close,top2,50,2.0,2.0,2.0,71.10897049884795,69.54380377943784,77.83608554702857,0.03237744845595872,0.031409837730010756,0.03659694458807021,0.003601134507660695,0.0033242909303338375,0.005533504151824147,0.007914697301002548,0.006637480427538998,0.013354303984552637,0.0033698658193487196,0.003171265807960231,0.004294640727534223,0.0003711923777271497,0.00040560841896487485,0.0007997202378571083,0.00527388334274292,0.003351449966430664,0.012622272968292237,0.0008600671595625493,0.00017381289059918183,0.0018933652512076885,0.09660561220746695,0.057234212931601636,0.2603817506553795,34,16
grasp_close,top20,50,20.0,20.0,20.0,252.57763753554133,255.8270646061159,268.0423313066079,0.5543440156611227,0.5564233384595865,0.5766576633230837,0.0010204020639224148,0.0011134479186077398,0.0012837903028048718,0.0016640648991321375,0.0016053463463261454,0.002104136137336261,1.913047533417949e-05,1.74145458546461e-05,3.339216996644068e-05,4.382990584714516e-05,3.966301699311406e-05,7.952999047060404e-05,0.0007251214981079102,0.0004616081714630127,0.0018071353435516358,0.0034407996033008286,0.002555320215448402,0.006791618942451,0.6889391737565416,0.7274822301200278,0.905587737367917,50,0
grasp_close,top3,50,3.0,3.0,3.0,106.07070748803308,104.9369278137876,119.096808666498,0.07367814870171722,0.07019232407912113,0.08743271374994109,0.0032173764219512267,0.0031191601648914904,0.004407526116473426,0.006830414991351897,0.006637480427538998,0.009811576585536903,0.0028134488901431515,0.0028055113396528333,0.003581528295992264,0.0003319286285455667,0.0003341701520533421,0.0006838499361409079,0.0035422289371490477,0.0027649104595184326,0.008206975460052491,0.0012438252452720172,0.0003513517253530788,0.002722900447969084,0.16133832526138694,0.11532211565270309,0.386894973430998,44,6
grasp_close,top5,50,5.0,5.0,5.0,142.07969278715095,142.10491225412608,154.753022962508,0.13607069660435328,0.13327457281302799,0.15217033121393864,0.002842607276031266,0.0027284028336893966,0.003961272546279487,0.00537782998316561,0.004551082046540537,0.008900336364446334,0.0028134488901431515,0.0028055113396528333,0.003581528295992264,0.0003319286285455667,0.0003341701520533421,0.0006838499361409079,0.0035422289371490477,0.0027649104595184326,0.008206975460052491,0.0016185943911919782,0.0006810153678296676,0.003254695318308427,0.2607535951823517,0.20837442226166897,0.4733761594031611,50,0
hold,all35_full_delta,10,35.0,35.0,35.0,265.47442504705276,258.57804233311606,335.57924417182784,1.0,1.0,1.0,0.00019165375573812292,0.00021559572643411502,0.00029128485275540177,0.0003789540683017428,0.0003562161782102507,0.0005392512879214892,2.081954746117452e-05,1.9353040148711703e-05,2.8460292949919374e-05,3.994111438197046e-05,3.696453237397962e-05,7.119020477922284e-05,0.00011571785435080529,9.73348505795002e-05,0.00021997680887579917,0.6851189297249836,0.7338494058628309,0.7758753876122332,0.9996964226610393,0.9997016494301655,0.99988073134965,10,0
hold,bottom10,10,10.0,10.0,10.0,126.50345438157001,119.33986664928028,181.4413265759117,0.12006632315474966,0.11185798522930948,0.1565987740551072,0.44037437112646965,0.4815895467441135,0.5367606565683738,0.7436029219527349,0.8285664474656442,0.8690118065600396,0.004472988557594789,0.004798627222425377,0.0051492037604986655,0.014948254777370818,0.015769125132002522,0.017497276620792233,0.4165211617946625,0.453702911734581,0.5338240265846252,0.24493621235425186,0.24151806216384827,0.2935993506759125,0.36888471076618606,0.3343792719690297,0.4863027007371176,10,0
hold,bottom5,10,5.0,5.0,5.0,89.28323039406237,87.0142034810199,121.10429762666463,0.058106101700830415,0.056984611073809754,0.0685805770932202,0.5444675492930976,0.5967352888179607,0.6391643272316163,0.7917540871232263,0.8554696823316534,0.8939494616956547,0.004472989224139284,0.004798626687849925,0.0051492058791109355,0.014948256013210984,0.015769126313365984,0.01749727553612036,0.4165211617946625,0.453702911734581,0.5338240265846252,0.14084303418762395,0.13948224702517342,0.1734660142065664,0.2114361618872703,0.19755395344549653,0.27057737265468296,10,0
hold,no_correction,10,0.0,0.0,0.0,0.0,0.0,0.0,0.0,0.0,0.0,0.6850572708796567,0.7346839488392753,0.7756137436527302,0.8520803329504938,0.8822343958157418,0.9154806495398544,0.004472988557594789,0.004798627222425377,0.0051492037604986655,0.014948254777370818,0.015769125132002522,0.017497276620792233,0.4165211617946625,0.453702911734581,0.5338240265846252,0.0002533126010648201,0.00033717098451274685,0.0008715792432942681,0.000423569875902384,0.00044457925716285325,0.0013282625248323824,6,4
hold,top1,10,1.0,1.0,1.0,68.54158544945317,65.0046761966337,85.12516537973667,0.036179862717235875,0.03421754786749891,0.05637224046431134,0.6506812566637121,0.6969285314845355,0.7380406344969707,0.8520803329449285,0.882234395804794,0.915480649532397,0.003274437071772084,0.003379121004269389,0.0038707852688512276,0.011017350456665105,0.011654979413626946,0.012591485426082865,0.24466400891542434,0.27332212030887604,0.3376320034265518,0.034629326817009386,0.03718121606939523,0.046925258243467785,0.04916796227007227,0.049440670786428845,0.06480154379511635,10,0
hold,top10,10,10.0,10.0,10.0,190.99380758192166,200.6652951882624,208.05334214790375,0.31750083218458797,0.31949072654900046,0.38753913053058564,0.49230394365061575,0.5343021405106505,0.5463580785959812,0.8520803329504938,0.8822343958157418,0.9154806495398544,0.0004808373369553246,0.00047665402448313445,0.0005901462464653683,0.0016256698601636234,0.0017899719963514844,0.0019286414555128087,0.004911754559725523,0.004536604043096304,0.006201704777777195,0.19300663983010583,0.22504501846484087,0.22972342004105756,0.27375131357625404,0.2950159366360627,0.31019926659471303,10,0
hold,top15,10,15.0,15.0,15.0,210.8288745282545,217.08233348755533,248.48272094045294,0.3989660607928711,0.4079661031084031,0.458612273261964,0.38751797958545076,0.4063726370806694,0.43348870843804205,0.8520803329504938,0.8822343958157418,0.9154806495398544,0.0004808373369553246,0.00047665402448313445,0.0005901462464653683,0.0016256698601636234,0.0017899719963514844,0.0019286414555128087,0.004911754559725523,0.004536604043096304,0.006201704777777195,0.2977926038952708,0.31624363546013196,0.3833741273106842,0.425384453692952,0.4376360682680086,0.4967604073950047,10,0
hold,top2,10,2.0,2.0,2.0,98.66749080224342,99.12698598679479,113.67721552981347,0.07536498051464499,0.07817147855686993,0.1030008234865781,0.629008894487969,0.6775626475347477,0.7112738632106663,0.8520803329449285,0.882234395804794,0.915480649532397,0.0027905745524598492,0.0028585008336663876,0.0033157568495320445,0.009061297007422298,0.009521576051989514,0.01030625429887999,0.13623870983719827,0.14298061281442642,0.19123468548059464,0.05630168899275247,0.061328764607009256,0.07393577894262222,0.07957132659324131,0.07939887607158763,0.10210092656810761,10,0
hold,top20,10,20.0,20.0,20.0,222.917990430607,227.14297130201209,268.14149727613443,0.4629181839250571,0.47249028096261797,0.521947476295204,0.3305388164555422,0.3497910704040461,0.362969328181046,0.8520803329449285,0.882234395804794,0.915480649532397,2.081982396142506e-05,1.9354489146717625e-05,2.84592384078852e-05,3.994007468415926e-05,3.6964188428076175e-05,7.11889608413926e-05,0.00011571785435080529,9.73348505795002e-05,0.00021997680887579917,0.35477176702517943,0.3905216285439083,0.4165793490237334,0.5083122978423009,0.5305683888884662,0.5380282917070501,10,0
hold,top3,10,3.0,3.0,3.0,120.67380858909083,121.13520668973652,133.39613266952242,0.11554619742039988,0.12490551519341189,0.14504977823417767,0.615191142740194,0.6639224367831358,0.6957623145869996,0.8520803329449285,0.882234395804794,0.915480649532397,0.0022188714106836423,0.0022264392393908103,0.002795862475635971,0.007640830202914735,0.008287535629424893,0.009078339533342587,0.06701291725039482,0.06710796430706978,0.09575759842991828,0.07011944074052759,0.07648149363594875,0.08924559649082311,0.09901610130897434,0.09901679542686367,0.1237650010909975,10,0
hold,top5,10,5.0,5.0,5.0,142.37378756692794,145.95631067837547,157.94162039294136,0.1632755819338038,0.16714043461149083,0.21081451064305137,0.5436893331383423,0.5934334677622644,0.6145905223149228,0.8520803329449285,0.882234395804794,0.915480649532397,0.0022188714106836423,0.0022264392393908103,0.002795862475635971,0.007640830202914735,0.008287535629424893,0.009078339533342587,0.06701291725039482,0.06710796430706978,0.09575759842991828,0.1416212503423792,0.1641712465294436,0.17393959154565994,0.2003280496264201,0.21076746615371458,0.24008750138489265,10,0
lift,all35_full_delta,40,35.0,35.0,35.0,262.4773455507264,261.4810434312742,282.7949821662848,1.0,1.0,1.0,0.001110227582960575,0.0011416908676331657,0.0014715563281738344,0.0016356582427897223,0.001704713334699291,0.001991901031625642,1.8630980230472614e-05,1.4145522082459822e-05,3.413617862410431e-05,5.1075334226845955e-05,4.660902764285308e-05,7.937658147855855e-05,0.0007774099707603454,0.0006886422634124756,0.0016960263252258302,0.001958610636779859,0.001673358362047861,0.003422576674064214,0.584471338039098,0.5978604004346759,0.8056560321067245,40,0
lift,bottom10,40,10.0,10.0,10.0,102.86484776114071,104.39034272063745,112.53609660912194,0.08060192384136441,0.08181014554418048,0.09472524773005299,0.003004059078200022,0.002746414387019118,0.00471351034985922,0.006296616728147827,0.0059741912931579495,0.009286843077095961,0.003128458219508713,0.003230897773097356,0.005356538885179978,0.00023606848716982423,0.00020968871248429316,0.0004014865400169041,0.004381638765335083,0.0034401416778564453,0.008902418613433839,6.477914154041186e-05,-1.2164599903982448e-05,0.00048654607172714904,0.0007858837721720413,-0.0031358425619453997,0.1728395993308565,18,22
lift,bottom5,40,5.0,5.0,5.0,72.3939017240609,72.5187967182375,79.0060558864316,0.03909726670735003,0.039651067568203704,0.04597008209465718,0.0030824280192724724,0.0027506995258222877,0.004896840020975725,0.006296616580327372,0.0059741912931579495,0.00928684328165071,0.0031284582850395286,0.0032308970904866984,0.005356539574151086,0.0002360685332108533,0.0002096887020660799,0.00040148606737169714,0.004381638765335083,0.0034401416778564453,0.008902418613433839,-1.3589799532038845e-05,-0.00010003973012671203,0.0002988470904746262,-0.02328625571878116,-0.027452243977543242,0.08111287715022192,15,25
lift,no_correction,40,0.0,0.0,0.0,0.0,0.0,0.0,0.0,0.0,0.0,0.0031831156040315798,0.0029148719683095153,0.004741039151764766,0.006319587964260331,0.005974192143231636,0.009286843077095961,0.003128458219508713,0.003230897773097356,0.005356538885179978,0.00023606848716982423,0.00020968871248429316,0.0004014865400169041,0.004381638765335083,0.0034401416778564453,0.008902418613433839,-0.00011427738429114612,-0.00012908839453378007,0.00011993272895891565,-0.06427765196927138,-0.04008825284171826,0.035981929822751745,11,29
lift,top1,40,1.0,1.0,1.0,46.9334811888486,46.05259783467049,51.68225364008156,0.016208029767198234,0.01591948955154284,0.017944619326436914,0.003077824465346849,0.0028808277980015085,0.004766553957506248,0.0058012507499571,0.005806147767666272,0.008574193073190598,0.0028922148321742468,0.0030558165304256464,0.00486721978786508,0.00020457040922869344,0.00018141754511861617,0.00036737899099637786,0.00397738516330719,0.003272145986557007,0.007764238119125368,-8.986245606415553e-06,-6.637503521579797e-05,0.0002338898292179052,-0.0362271954422493,-0.021265561268654393,0.07953419526046222,17,23
lift,top10,40,10.0,10.0,10.0,196.2750563868628,193.8747697762417,212.85716193047554,0.33726073185033917,0.3379674404178533,0.3769347429320137,0.0018248947229229193,0.0017056476088417253,0.0026540634269465796,0.0028619628874902137,0.0030175135135292477,0.00415703754125611,0.00035475950009221635,0.00035816651626758157,0.0006135981391633356,6.176954393686334e-05,5.731212902434413e-05,9.178610044007415e-05,0.0010295823216438294,0.0009345710277557373,0.0018254220485687258,0.0012439434968175146,0.00115186177253667,0.0023393554723384006,0.3659279608295819,0.3864575563973611,0.64291584193024,37,3
lift,top15,40,15.0,15.0,15.0,215.6460076348797,213.00768367675892,234.33775169600935,0.4310489055709901,0.43082131138649843,0.47005989813427523,0.0015682920922571227,0.0015113670724760742,0.002196508207060587,0.00248586187266839,0.002269531431203054,0.0037505041817428074,0.00035475950009221635,0.00035816651626758157,0.0006135981391633356,6.176954393686334e-05,5.731212902434413e-05,9.178610044007415e-05,0.0010295823216438294,0.0009345710277557373,0.0018254220485687258,0.0015005461274833112,0.001499853697935796,0.0027247905335770115,0.4384131902169594,0.4900754718755194,0.6698837867136591,39,1
lift,top2,40,2.0,2.0,2.0,67.44269478094694,66.41553461281593,74.08806475742516,0.03372618504312669,0.03393517699200113,0.03675093948960726,0.0029470269915964084,0.002868031076963728,0.004414233043017038,0.005234029350447146,0.004967947940336066,0.007738487514365372,0.002666757054294928,0.002950802412042256,0.004373369949201061,0.00019536268152872937,0.00016878675814047638,0.00036223270685923275,0.003320091962814331,0.0027975142002105713,0.006807738542556763,0.00012181122814402554,4.566034574766118e-05,0.0005690957411168768,-0.00023914068058013827,0.02115229840287798,0.16290409368793995,22,18
lift,top20,40,20.0,20.0,20.0,229.87858311026656,226.92352678611059,250.0394447724433,0.5185866620814628,0.5139542822881396,0.5576484429598733,0.001392288792752091,0.0013417927172758395,0.001897916963699707,0.0022987923641702357,0.002048405741882849,0.0036089544393721725,1.8631104127339236e-05,1.4145538576633762e-05,3.413511819967234e-05,5.1075481275113297e-05,4.660873406606055e-05,7.937709429494881e-05,0.0007774099707603454,0.0006886422634124756,0.0016960263252258302,0.0016765494269883427,0.0016082353552404319,0.0030390246460339078,0.4923729097432682,0.5635675544009158,0.7358607796744719,38,2
lift,top3,40,3.0,3.0,3.0,98.12541487348304,97.94299291074105,109.35558707503765,0.0726492213799849,0.072160107993235,0.08244154182890336,0.002800829159710105,0.002708525563399969,0.004086622834610878,0.004827386959157335,0.004232830524090256,0.00711099274337355,0.002131962391178482,0.0024205186481759755,0.0034832438131788676,0.00018886974303898612,0.00016095855969475032,0.0003516988009907449,0.0028188377618789673,0.002521514892578125,0.004943245649337769,0.0002680090600303292,0.0001783365534296391,0.0006189353376510793,0.04563453973387804,0.053258837566665315,0.20365305470347234,29,11
lift,top5,40,5.0,5.0,5.0,126.50763950984576,125.13266435360298,141.87019828627155,0.12400366847788684,0.12315368380177731,0.14012467658370836,0.0025952134057432687,0.0023837096014945845,0.00392165011646515,0.004261757766469415,0.0038605069957111143,0.00598253046377948,0.002131962391178482,0.0024205186481759755,0.0034832438131788676,0.00018886974303898612,0.00016095855969475032,0.0003516988009907449,0.0028188377618789673,0.002521514892578125,0.004943245649337769,0.00047362481399716526,0.0004866148291920783,0.0009349408573617842,0.11557226574769167,0.14597338201213345,0.31065152442231636,33,7
