subspace_method,rank_k,count,gap_to_sim_chunk_mean_l2_mean,gap_to_sim_chunk_mean_l2_p50,gap_to_sim_chunk_mean_l2_p90,gap_to_sim_first_translation_l2_mean,gap_to_sim_first_translation_l2_p50,gap_to_sim_first_translation_l2_p90,gap_to_sim_first_rotation_l2_mean,gap_to_sim_first_rotation_l2_p50,gap_to_sim_first_rotation_l2_p90,gap_to_sim_first_gripper_abs_mean,gap_to_sim_first_gripper_abs_p50,gap_to_sim_first_gripper_abs_p90,repr_gap_reduction_ratio_mean,repr_gap_reduction_ratio_p50,repr_gap_reduction_ratio_p90,action_gap_reduction_mean,action_gap_reduction_p50,action_gap_reduction_p90,improved_count,worsened_count
delta_basis,1,225,0.2799459812271042,0.21220303108465388,0.6745918480684046,0.0023983636192209043,0.002217389650801032,0.004652400166297398,0.0041137932420179605,0.0010023152162501041,0.01165612995566588,0.1618061106155316,0.0590456947684288,0.5058391451835632,0.06398614310921036,0.06274570689023762,0.11031011728841465,0.09031608152337163,0.039494868581317455,0.2449041367050113,152,73
delta_basis,2,225,0.28229292149781166,0.18632447321068984,0.6866301044923496,0.0022591411127628152,0.0021940058333681594,0.0038896984475070284,0.004031258128796172,0.0016752056116525027,0.011284477146777272,0.15219640576177174,0.06799699366092682,0.4182155549526214,0.08742429805342782,0.08801460165786114,0.13230902679757647,0.08796914125266411,0.09846280383984729,0.20423791210779232,155,70
delta_basis,4,225,0.22700277762987905,0.15797956630129023,0.5868793036099346,0.0019267984302068074,0.0018884119499654533,0.0034288300115157583,0.003582828515287819,0.0013912666606040092,0.01056026990007031,0.10188877787854936,0.04805096238851547,0.3097317099571228,0.12055660752121691,0.11373639785015113,0.1940692990295907,0.14325928512059677,0.1255562585226785,0.36300813033464824,170,55
delta_basis,8,225,0.1718788158363761,0.15926600857853296,0.4458591852220443,0.0014924301897972464,0.0013856398564674945,0.0024965428915725498,0.0027334678270905534,0.0009566099196020192,0.007936742244184412,0.07148935510052574,0.04490842670202255,0.19264311194419861,0.16108467133789361,0.1607654027002907,0.24754582010640194,0.19838324691409973,0.13695836116383464,0.5035078343603199,193,32
delta_basis,16,225,0.14159054153613734,0.1295111419772224,0.37121864606518185,0.0012861137863439001,0.0012059411387614703,0.00221882013473757,0.0024908203653117343,0.001035658587746247,0.007130477217677293,0.05509007180316581,0.028997249901294708,0.16431070566177366,0.18760444873148194,0.19132022826754264,0.26033193360304624,0.22867152121433848,0.1647378590858255,0.576121326591372,202,23
delta_basis,32,225,0.12422869761450966,0.09507566079582161,0.3194056196152705,0.0011679383324126591,0.0011112697683454895,0.0020681926769115797,0.002420115506617859,0.0008458441923652382,0.0070207876862991925,0.04597801942378282,0.022390790283679962,0.1229013442993164,0.2085847696260675,0.2129984166193846,0.28882483662415925,0.2460333651359661,0.16729743027002508,0.6023706732953666,205,20
delta_basis,64,225,0.1098172501626293,0.10196167405829089,0.2894226232262826,0.0010347267709022807,0.0009656705454750892,0.0017463560553700012,0.002151385198062289,0.0007412232162676904,0.006262924201851857,0.03977277789264917,0.020640505477786064,0.10362675189971923,0.22665463170944122,0.22912944815579897,0.3190862991617056,0.2604448125878465,0.17423573257583208,0.6214362728899133,209,16
delta_basis,128,225,0.0883647667371458,0.07402788504011862,0.24326262154395611,0.0008662685354783371,0.0007808873606847766,0.00164426844850522,0.0016875918661365217,0.0005250622818250666,0.005522582216848493,0.03317797366529703,0.013653920963406563,0.09099304676055907,0.2449757551926587,0.2459767574542436,0.3426292470368098,0.28189729601332997,0.20679387878098918,0.6637597904259347,217,8
random_basis,1,225,0.3702469078306221,0.3391658610674463,0.8433891352963149,0.00414965528049776,0.004147510791219714,0.006940425500702026,0.005909788587895905,0.0018104918370096532,0.016634134958201235,0.31552281240622204,0.2415022850036621,0.8120001792907715,4.046655700628727e-06,1.911703412074963e-06,1.1158512404364746e-05,1.5154919853694666e-05,-4.768113612025346e-05,0.000632763566498251,101,124
random_basis,2,225,0.37023553517963276,0.3391449577589073,0.8434207175289896,0.004149521705841885,0.004146614900780212,0.006941518339974444,0.005909411382822966,0.001810772570796514,0.016631671025280202,0.3155029206805759,0.24161815643310547,0.8120405197143554,5.990966989785816e-06,4.501867574800065e-06,1.4068516564686723e-05,2.6527570842999862e-05,-4.320150798469303e-05,0.0006539345909611582,102,123
random_basis,4,225,0.3702390779900049,0.33917886270313746,0.843410445704044,0.004149412205293622,0.004145193864933373,0.006941134928760911,0.0059100043408615655,0.0018083083103203783,0.01663200675427133,0.31549399150742424,0.24145928025245667,0.8119113564491272,1.543230753599764e-05,1.2493147212672122e-05,3.1757214511427705e-05,2.298476047085523e-05,-4.910210454139516e-05,0.0006366310501285111,103,122
random_basis,8,225,0.3702329381101495,0.339127916344878,0.8433553756606268,0.004149698514662564,0.004147734741794411,0.006937581441225288,0.00591076264229734,0.0018108845464248392,0.01663141586148042,0.31550941275225747,0.2414214015007019,0.811626124382019,2.228244692201522e-05,2.0530212016080665e-05,3.6272798285308124e-05,2.91246403262759e-05,-3.575288645700503e-05,0.0006255491926705268,104,121
random_basis,16,225,0.37021793649503637,0.3391427685929672,0.8433344797967952,0.00414959028602499,0.004147230310422927,0.006935825676520832,0.005908764519834675,0.001810866189383321,0.01663485555079251,0.3155004413922628,0.24193528294563293,0.8117775440216064,5.332445489930499e-05,5.2402972818282104e-05,7.331777903617398e-05,4.412625543946951e-05,-1.9628705046903505e-05,0.000652974682438856,106,119
random_basis,32,225,0.37019470717750436,0.33890887814242465,0.8433340471383586,0.004147681622255821,0.004147698628422091,0.006929202026194539,0.00590734457777773,0.001803475942783148,0.016617235501519306,0.315343396531211,0.24074861407279968,0.8112559914588928,0.00011228819521312434,0.00010964277571364869,0.00014463767790928134,6.735557297146266e-05,-6.4909868575848545e-06,0.0007001216425154055,111,114
random_basis,64,225,0.37009950136454095,0.33886136533047806,0.843264750597643,0.004148328864522552,0.0041461861417071465,0.006933239580867416,0.005908606857539042,0.0018190230336324793,0.016618481597171535,0.31532574945025976,0.24156087636947632,0.8117039561271667,0.0002136607186001947,0.0002192348400024735,0.0002535945702790582,0.00016256138593487827,7.954667646109352e-05,0.0009219775716971079,123,102
random_basis,128,225,0.36999599698874225,0.339384252986353,0.8432312289709689,0.004146931078830096,0.004141626175600678,0.006941059586341185,0.005902439459192351,0.0018012820314856804,0.016616103808321438,0.3151158152686225,0.24151694774627686,0.8115772128105163,0.00044324956574762247,0.00043416857095193647,0.0005067798815773736,0.0002660657617335585,0.00010994986811839122,0.0010929722774180918,129,96
sensitive_basis,1,225,0.15105224974301454,0.1424425780590537,0.369036984462379,0.002480805949067673,0.0021843839866599003,0.004488180567991078,0.0025273119036583478,0.0010945233473943013,0.006930061496205046,0.026633997723046275,0.005629599094390869,0.027719233930110925,0.010211581561045761,0.007361370236746736,0.02372913444020609,0.21920981300746123,0.1632445734892837,0.5202783211036608,158,67
sensitive_basis,2,225,0.05851401396333278,0.05141113343138602,0.1533935348637546,0.002185156750110251,0.0018581499675514317,0.00413353762359036,0.0028076525094850417,0.0010945208660401856,0.008089001134872188,0.040013936230291924,0.01063525676727295,0.10591655373573301,0.014089673672297437,0.009070264557018428,0.03201703956420831,0.311748048787143,0.23483839806854317,0.7443423016934453,154,71
sensitive_basis,4,225,0.05354615934186855,0.047632322432713155,0.1431159321984509,0.0020059370845954194,0.0015823546359014576,0.004049481687623647,0.0023866198345608145,0.0011143475960846015,0.006498042116912759,0.017171058871058954,0.003629744052886963,0.046991962194442745,0.015490391471981427,0.009592363681874255,0.033871370294176126,0.3167159034086073,0.25793079398699126,0.7551848019799465,163,62
sensitive_basis,8,225,0.04977936117908072,0.04178626320671179,0.13769068539091037,0.0015118913419438925,0.0014373936539484877,0.0023778499806035823,0.00279909730346176,0.0007078844986137538,0.008918754439864939,0.012049935975422461,0.004206075333058834,0.030858841538429257,0.02021625219161789,0.014985903043904986,0.040476220690388524,0.3204827015713951,0.2734306795564041,0.7514525844341736,169,56
sensitive_basis,16,225,0.014662569123102882,0.01061041247934339,0.0374453113847317,0.0011225470012625226,0.000979174520573212,0.0020258679900012067,0.0011695857946293342,0.0008652966071979047,0.002625544390088091,0.005280427432929476,0.0013314085081219673,0.010569314658641814,0.02446504592374616,0.017986270911747565,0.047680646619702435,0.35559949362737286,0.31598918902680184,0.8047661494196572,223,2
sensitive_basis,32,225,0.009350888911848964,0.0073679332434758256,0.02292564071811555,0.000777402201073326,0.0007223877080883872,0.0015576515045022392,0.0011262052904803853,0.0008803866247875154,0.0025395348446610945,0.0025457806874894435,0.0011303434148430824,0.006311325728893276,0.02643280808650661,0.019949038066647277,0.0511182588745919,0.36091117383862675,0.3200175803357277,0.8217248409210578,225,0
sensitive_basis,64,225,0.00861604102185974,0.006166796758535845,0.021847888051138954,0.0005385376792825317,0.00045953469737772013,0.0011073867270104281,0.0009819548712637308,0.0007274031931179587,0.002119624484996412,0.001906507123882572,0.0008290745317935944,0.005162054300308227,0.02818668325526443,0.02153828017008835,0.05419954832955227,0.36164602172861604,0.31980519805078855,0.8189843118767112,225,0
sensitive_basis,128,225,0.006675657136292842,0.0053822279515111215,0.016485191588701098,0.0004107555349774006,0.000394102470758406,0.0008702088627180343,0.0006348774370717439,0.0004843590189229371,0.0013695478765847397,0.0023673763550404047,0.0006559635512530804,0.005874693393707275,0.03066946673061298,0.024652408669912196,0.05768589553693586,0.36358640561418293,0.32360609761337933,0.8285845223749133,225,0
