RQ,Experiment,Factor,Observation Effect,Representation Effect,Policy-Sensitive Effect,Action Effect,Generalization,Status,Limitation
RQ1,preprocessing full-forward ablation,P1-P4,varies by crop/resize; P4 MSE 0.048943 vs P0 0.088393,P4 hidden gap reduction 32.08%; P2 11.69%; P3 7.53%; P1 ~0%,not directly decomposed; inferred by action gap,P4 action gap reduction 72.45%; P2 59.70%; P3 51.24%; P1 0.26%,"same 225-frame evaluation, no held-out selection",VERIFIED_FULL_FORWARD,preprocessing conditions evaluated on same dataset; sensitive/null basis not populated
RQ2,photometric full-forward ablation,"P5 brightness, P6 contrast",P5 strongly reduces observation MSE to 0.026690; P6 reduces luma std diff,P5 worsens hidden gap by 1.54%; P6 improves hidden gap only 0.13%,not directly decomposed; action worsens/slightly worsens,P5 action gap worsens -1.78%; P6 worsens -0.36%,same 225-frame evaluation,VERIFIED_FULL_FORWARD,image-stat matching is not physical lighting calibration
RQ3,image-space camera sensitivity full-forward,shift/zoom/rotate Sim image,C1 improves MSE; C2 worsens MSE,best camera hidden reduction 2.81%,C2 sensitive energy reduction 7.78%; C1/C5/C8 increase sensitive energy and worsen action,best C2_sim_shift_right_24px action reduction 9.33%; C1 worsens -3.34%,same 225-frame evaluation,VERIFIED_FULL_FORWARD_IMAGE_SPACE_CAMERA_SENSITIVITY_WITH_SENSITIVE_PROJECTION,"image-space perturbation, not calibrated camera extrinsic/intrinsic alignment; same 225-frame evaluation"
RQ4,factor ranking,all evaluated P0-P6,best observation MSE P5 brightness,best hidden reduction P4 letterbox,best action impact P4 letterbox,P4 best action gap 0.101993,not held-out,VERIFIED_FULL_FORWARD,"P4 is image-space preprocessing sensitivity, not necessarily deployment preprocessing recommendation"
RQ5,vision/observation vs action comparison,P5 vs P4,P5 observation MSE much lower than P4,P5 hidden worse; P4 hidden better,P4 aligns action-relevant structure better by action metric,P5 worsens action; P4 improves action 72.45%,not held-out,VERIFIED_FULL_FORWARD,causal claim limited to this offline intervention pipeline
RQ6,P0-derived sensitive subspace projection,P0/P4 raw and corrected residuals,uses previously computed P0/P4 conditions,P4 raw total energy 188.495 vs P0 raw 277.530,P0 raw sensitive 67.585; P4 raw 29.082; P4+corr 21.532,consistent with P4 and P4+corr action gap reductions,same dataset; P0-derived basis,VERIFIED_OFFLINE_SENSITIVE_SUBSPACE_PROJECTION,basis is P0-derived and not causal neuron identity
RQ7,combined P4 plus C2 full-forward,K0_P4 vs K1_P4_C2,"K1 observation MSE 0.072586 vs K0 0.048681, worsened","K1 hidden gap 200.902644 vs K0 187.747536, worsened 7.01%","K1 sensitive energy 37.908585 vs K0 29.077619, worsened 30.37%","K1 action gap 0.130148 vs K0 0.101274, worsened 28.51%",same 225-frame full-forward evaluation,VERIFIED_FULL_FORWARD_COMBINED_NON_ADDITIVE,"image-space P4+C2 sensitivity only, not calibrated physical alignment"
RQ8,environment x hidden correction 2x2,P0 vs P4 x progress/phase hidden correction,P4 letterbox condition reused,P4 condition-specific repr reduction 0.153; P4 transfer repr reduction -0.387,not decomposed into sensitive/null basis,P0 corrected 0.061464; P4 corrected 0.072575; P4 transfer 0.090531,LOO episode correction within condition; transfer P0->P4 tested,VERIFIED_OFFLINE_FULL_FORWARD_ACTION_HEAD,"offline action-head injection, not runtime-integrated correction"
RQ8-heldout,LOO held-out condition selection,P0-P6,observation-MSE selection chooses P5 brightness,hidden/vision selection chooses P4,action/hidden-aligned selection generalizes at episode level,P4 selected action gap 0.102457; MSE-selected P5 gap 0.378114,leave-one-episode-out selection,VERIFIED_LOO_HELDOUT_SELECTION,"episode-heldout only, not unseen-layout or real-world generalization"
