heldout_episode,method,count,token_count_mean,token_count_p50,token_count_p90,hidden_shift_norm_mean,hidden_shift_norm_p50,hidden_shift_norm_p90,repr_gap_reduction_ratio_mean,repr_gap_reduction_ratio_p50,repr_gap_reduction_ratio_p90,gap_to_sim_chunk_mean_l2_mean,gap_to_sim_chunk_mean_l2_p50,gap_to_sim_chunk_mean_l2_p90,gap_to_sim_chunk_max_l2_mean,gap_to_sim_chunk_max_l2_p50,gap_to_sim_chunk_max_l2_p90,gap_to_sim_first_translation_l2_mean,gap_to_sim_first_translation_l2_p50,gap_to_sim_first_translation_l2_p90,gap_to_sim_first_rotation_l2_mean,gap_to_sim_first_rotation_l2_p50,gap_to_sim_first_rotation_l2_p90,gap_to_sim_first_gripper_abs_mean,gap_to_sim_first_gripper_abs_p50,gap_to_sim_first_gripper_abs_p90,action_gap_reduction_mean,action_gap_reduction_p50,action_gap_reduction_p90,action_gap_reduction_ratio_mean,action_gap_reduction_ratio_p50,action_gap_reduction_ratio_p90,improved_count,worsened_count
episode_000001,all35_full_delta,46,35.0,35.0,35.0,270.1544441393479,266.72508582030696,295.15164421812494,1.0,1.0,1.0,0.0007059306744373486,0.0006051168636460059,0.0013453218702723939,0.0012864884653079642,0.0009231967531841887,0.0026339506686215448,2.207544275302499e-05,1.974588034993723e-05,3.970122520139901e-05,4.333900616043462e-05,4.193006412569107e-05,5.943293162516815e-05,0.0003871982917189598,0.00017744721844792366,0.0010450668632984161,0.3150737172670677,0.41677051366403745,0.7122233766749293,0.9032915942409323,0.9973512824621755,0.999717230306225,46,0
episode_000001,loo_bottom10,46,10.0,10.0,10.0,114.74328349092032,111.99198574168727,124.70029633394984,0.09661135877004363,0.09170265143851897,0.1269105725038872,0.22812673868577346,0.21494964705764819,0.48511156857420584,0.3838727190530377,0.41970591600584795,0.8278108273227011,0.003958902014368215,0.004071466018385627,0.005302733139662313,0.0049345465297964105,0.0028871595957978237,0.010822555463310325,0.2600050377457038,0.19497516751289368,0.6084723174571991,0.08765290925573158,0.04629581844494993,0.23236733095645754,0.16556559405756274,0.11108631600291743,0.4190837800527138,40,6
episode_000001,loo_top10,46,10.0,10.0,10.0,200.99517943345612,203.61957098081993,221.2353189219869,0.33324657037447625,0.3322675157965905,0.3756851903217783,0.21933153097367422,0.23322938209914057,0.525920610857409,0.38830026780832405,0.4026998494530948,0.8741044501821946,0.0004193723915473731,0.0003753454236617985,0.00057082761430796,0.000566333499480097,0.0004084844361523731,0.0013369345964243955,0.014921694366342348,0.004758218768984079,0.03642243891954422,0.09644811696783083,0.08109783468256213,0.21551875604090667,0.4014996669737652,0.3974102979345476,0.5820239039413206,46,0
episode_000001,loo_top15,46,15.0,15.0,15.0,219.6727947462615,220.57306122396534,245.6945299717459,0.41829618529972357,0.4236960336247901,0.4499213051736538,0.17473152849130721,0.17084350435611328,0.4197901618001634,0.369254243034857,0.3689027195289326,0.8741044501821946,0.0004193723915473731,0.0003753454236617985,0.00057082761430796,0.000566333499480097,0.0004084844361523731,0.0013369345964243955,0.014921694366342348,0.004758218768984079,0.03642243891954422,0.14104811945019777,0.14116892083317564,0.29983292039428033,0.525010279631908,0.5463054499609554,0.6793175513938279,46,0
episode_000001,loo_top20,46,20.0,20.0,20.0,233.03877718148394,231.90639199641382,261.71015142556894,0.49381746945445054,0.49896443713691807,0.5249927544064779,0.13443579396553917,0.115421429503001,0.34668982607086546,0.3659380242671212,0.3689027195289326,0.8741044501821946,2.207544275302499e-05,1.974588034993723e-05,3.970122520139901e-05,4.333900616043462e-05,4.193006412569107e-05,5.943293162516815e-05,0.0003871982917189598,0.00017744721844792366,0.0010450668632984161,0.18134385397596584,0.17329807399240255,0.3900846018802842,0.6383725733856341,0.6916670082818788,0.8311939891951339,46,0
episode_000001,loo_top5,46,5.0,5.0,5.0,142.28000293692457,142.47545771801953,157.43261784650048,0.15387041380557076,0.15697290660001384,0.19924454595364677,0.2546386512844288,0.30849031162316987,0.5772705184461041,0.3945043130222388,0.42929109755843176,0.8741044501821946,0.002087192916285833,0.001988920321070674,0.0032863727616643723,0.002475744581784313,0.0015930185865763303,0.005931560957928451,0.079451865800049,0.041758591309189796,0.18628837168216705,0.06114099665707627,0.056338359177399794,0.1366340286109024,0.21225135225959404,0.2025056554246751,0.30979600803568963,46,0
episode_000001,no_correction,46,0.0,0.0,0.0,0.0,0.0,0.0,0.0,0.0,0.0,0.3157841033109578,0.41578371551346327,0.712479907424743,0.4254966921430917,0.6122023672387225,0.8741044501821946,0.003958902014368215,0.004071466018385627,0.005302733139662313,0.0049345465297964105,0.0028871595957978237,0.010822555463310325,0.2600050377457038,0.19497516751289368,0.6084723174571991,-4.4553694527394965e-06,-5.628606026018791e-06,0.0005621047558458381,-0.003303568629204545,-0.00011594762605611092,0.006130026952393078,22,24
episode_000002,all35_full_delta,47,35.0,35.0,35.0,277.593407007136,275.30862265926345,332.30650959657095,1.0,1.0,1.0,0.0006576716373580492,0.0005601482004808422,0.0012409865755864948,0.0011691587809292254,0.0013438392710457261,0.001989757578487236,1.9021890441391953e-05,1.594827053844135e-05,3.493395067714558e-05,5.24779648685542e-05,5.27933766513882e-05,8.054451319965076e-05,0.0004724018434260754,0.00031882524490356445,0.0009894862771034237,0.34334612991067975,0.20834157399728212,0.789785457278492,0.8592555204777479,0.9976407110200731,0.9998566503620376,47,0
episode_000002,loo_bottom10,47,10.0,10.0,10.0,114.84678061271872,105.11949260072872,159.33543814431323,0.09169068883122165,0.07621786326697805,0.14626306521167173,0.23148016013529024,0.15042126714138043,0.5224881559203495,0.4080991836418314,0.37814223393787616,0.873394171635827,0.0034250578014474228,0.0031880475441515136,0.005325236119766038,0.00467704479692341,0.0011637830736065237,0.014618562844820805,0.25504696020420564,0.23216018080711365,0.5833365559577941,0.11252364141274745,0.054147184413614546,0.2941293185588607,0.2068777299650642,0.2098383234027913,0.4095597052229582,43,4
episode_000002,loo_top10,47,10.0,10.0,10.0,206.8843642542931,212.20736586502665,232.15193193813658,0.3462452860412026,0.3429253664323529,0.4987771674793369,0.24556932743013982,0.16272740247902656,0.5662382390726391,0.4225025589840206,0.31262536384392325,0.9163572253743609,0.0004695647428417299,0.0005253156381614716,0.0006497545232164889,0.0006269807803404996,0.0001256688535922103,0.0018839321614514972,0.014613481040330643,0.004028189927339554,0.011810566484928129,0.09843447411789792,0.06511774179795109,0.22871127348004297,0.32260818641228256,0.30854756398209526,0.44586595275266394,47,0
episode_000002,loo_top15,47,15.0,15.0,15.0,225.88427237107652,230.8665471979438,254.7288960258471,0.4302196043092986,0.43223993240615566,0.5573999148352127,0.1917551026006149,0.1355451724949593,0.45088586841447925,0.4108121223576494,0.31262536384392325,0.9163572253743609,0.0004695647428417299,0.0005253156381614716,0.0006497545232164889,0.0006269807803404996,0.0001256688535922103,0.0018839321614514972,0.014613481040330643,0.004028189927339554,0.011810566484928129,0.15224869894742285,0.08546406554638579,0.37072615462040615,0.4646762974279823,0.4581614826256124,0.5734226688830243,47,0
episode_000002,loo_top20,47,20.0,20.0,20.0,241.6194633041672,244.23637426281866,272.51016246143513,0.5153570774187748,0.5309425378185817,0.6113937556780936,0.15573877338218534,0.11475666903351514,0.3627106727394342,0.40308155667028883,0.2919023326666687,0.9163572253743609,1.9021890441391953e-05,1.594827053844135e-05,3.493395067714558e-05,5.24779648685542e-05,5.27933766513882e-05,8.054451319965076e-05,0.0004724018434260754,0.00031882524490356445,0.0009894862771034237,0.18826502816585242,0.13127157322023725,0.4220468720046401,0.5575197485200155,0.5314247126201523,0.7406499298900745,47,0
episode_000002,loo_top5,47,5.0,5.0,5.0,149.02558513415332,144.07952460229274,175.30276440190465,0.1632505240425193,0.14397013719917812,0.25993656026267914,0.2795042794179425,0.18870714640741676,0.6407640756082371,0.4334114172685354,0.3689806364511316,0.9163572253743609,0.002093866311710917,0.0024363872744570746,0.0029911986162716956,0.0027214834229372484,0.00041339121466741464,0.008101252377886784,0.08017392607128367,0.05175943672657013,0.1841143190860748,0.06449952213009526,0.024913917033775962,0.16980461394601587,0.16202538422009136,0.15245603492246795,0.22660018010030422,47,0
episode_000002,no_correction,47,0.0,0.0,0.0,0.0,0.0,0.0,0.0,0.0,0.0,0.3439309306790557,0.20837770796987587,0.7896048428320348,0.4427180852584378,0.39682275048591253,0.9163572253743609,0.0034250578014474228,0.0031880475441515136,0.005325236119766038,0.00467704479692341,0.0011637830736065237,0.014618562844820805,0.25504696020420564,0.23216018080711365,0.5833365559577941,7.287086898207073e-05,-5.4080937270106766e-05,0.0007649624373471885,-0.010631536121064279,-0.00010758011139420721,0.0038210472897493427,20,27
episode_000003,all35_full_delta,44,35.0,35.0,35.0,290.0418040717237,287.99809809047474,318.50339794299475,1.0,1.0,1.0,0.00057188323295433,0.00036233443789451635,0.0012371100000061616,0.0010879573330690735,0.0007802380268494898,0.0021625739496494265,1.9510416190142087e-05,1.6247867177826402e-05,4.201276190970356e-05,3.876788904180102e-05,3.249057198006009e-05,6.948212476188935e-05,0.0003412074875086546,8.594198152422905e-05,0.0010714113712310793,0.42434799600983397,0.58225268327436,0.872381944999456,0.9081903949230992,0.9980837673277939,0.9998579718477264,44,0
episode_000003,loo_bottom10,44,10.0,10.0,10.0,115.40420525506538,115.65825438550138,127.76054646860968,0.08348451906183448,0.08708598531189066,0.10265338338571466,0.3392434983609908,0.5009308968832009,0.6587139491609638,0.48457030924791095,0.7952840511142977,0.9249705160760358,0.004778503739651251,0.004720877749980408,0.008190628808713254,0.006256370222357232,0.0024822323186300226,0.017489381540704233,0.413965721021999,0.5338755249977112,0.8553328037261964,0.08567638088179756,0.03971622961726223,0.23172838534609372,0.12795573011206252,0.12460437254007692,0.28946422337245264,39,5
episode_000003,loo_top10,44,10.0,10.0,10.0,217.83045811339392,220.71762874106406,235.6517185559335,0.34046482842438214,0.3496441386475922,0.3653856626728311,0.28031645970080254,0.3526658068300807,0.584188031751407,0.47175484850736144,0.668029464663515,0.9343956575482028,0.0005448511492123908,0.000597082391860077,0.000722216990501982,0.0008461453647651573,0.0008226275862485038,0.0019702867637864524,0.013404026098380034,0.005289942026138306,0.02828524038195611,0.14460341954198583,0.2111574975644293,0.28843773869799744,0.38798886699390844,0.353706736477734,0.5595726163945717,42,2
episode_000003,loo_top15,44,15.0,15.0,15.0,238.38513091077786,241.8617561225103,261.0021738841442,0.4309012370895205,0.42576144945611616,0.4637289449118066,0.22742749895256298,0.2584127613739742,0.5083210556526554,0.44765369684207257,0.5534857052650576,0.9343956575482028,0.0005448511492123908,0.000597082391860077,0.000722216990501982,0.0008461453647651573,0.0008226275862485038,0.0019702867637864524,0.013404026098380034,0.005289942026138306,0.02828524038195611,0.19749238029022545,0.31042676354500887,0.3790860006292679,0.5145979187048012,0.4946096730718267,0.7017104396120478,44,0
episode_000003,loo_top20,44,20.0,20.0,20.0,252.9572853269752,256.53924940564673,276.67858295835055,0.5117595135979816,0.5010047691286396,0.5558366644425365,0.17119961940800282,0.1666722018392989,0.3774464030246092,0.4351751865575142,0.4234072823120878,0.9343956575482028,1.9510416190142087e-05,1.6247867177826402e-05,4.201276190970356e-05,3.876788904180102e-05,3.249057198006009e-05,6.948212476188935e-05,0.0003412074875086546,8.594198152422905e-05,0.0010714113712310793,0.25372025983478547,0.38843901286732996,0.4962972737175003,0.6241526196448057,0.630202795453468,0.7931573946080277,43,1
episode_000003,loo_top5,44,5.0,5.0,5.0,153.0802866187486,150.98443970409596,182.68269956265613,0.15235151199516103,0.13567863489249943,0.2051814483270998,0.3337414319495687,0.477944243905455,0.683861289204892,0.47843582280396896,0.7215303254057234,0.9343956575482028,0.0025741011315969795,0.0029469877160621482,0.0036634569495351023,0.003468118056433706,0.0015793673972264613,0.009282969173197618,0.11472285369580443,0.09298872947692871,0.26227197647094724,0.09117844729321974,0.10371593148408392,0.1975642247602447,0.1798977315030161,0.2059281010798554,0.23372273094008594,41,3
episode_000003,no_correction,44,0.0,0.0,0.0,0.0,0.0,0.0,0.0,0.0,0.0,0.42490469220069665,0.5826249794604819,0.8722575961214917,0.4970193027353222,0.8026112159370781,0.9343956575482028,0.004778503739651251,0.004720877749980408,0.008190628808713254,0.006256370222357232,0.0024822323186300226,0.017489381540704233,0.413965721021999,0.5338755249977112,0.8553328037261964,1.5187042091726665e-05,-0.00011524806673571882,0.0005494905561566733,-0.020725761378368554,-0.00027369764765650605,0.0016490575739544922,20,24
episode_000004,all35_full_delta,45,35.0,35.0,35.0,270.8862494191955,282.1112330436584,308.5425698895148,1.0,1.0,1.0,0.000708464277002166,0.0007881437119881283,0.001293222191038234,0.001100604288202677,0.0014798779797889087,0.0018196349689578377,2.1790930634857256e-05,1.8692343257312504e-05,4.058691373914259e-05,5.4716704640825814e-05,5.504827743538229e-05,8.399888252707936e-05,0.0005075112709568607,0.00013410206884145737,0.00130232572555542,0.33358813183351194,0.3386182540302606,0.7482304008419305,0.8572879433748949,0.9982388586805451,0.9997992998883733,45,0
episode_000004,loo_bottom10,45,10.0,10.0,10.0,105.64501944023276,99.94187231043415,124.9964375636299,0.08318928680836869,0.07454189863076591,0.12210706298601738,0.22150301164324473,0.18513668289135007,0.5045924833571678,0.3906101530845236,0.35111694536820326,0.8304660672161939,0.003879827993041093,0.003699466501018213,0.0050388776003648566,0.005806072149311673,0.00152756252481003,0.015348683351219998,0.23704655667146046,0.195211723446846,0.5265363097190857,0.11279358446726942,0.026975768742812045,0.25811072849769706,0.16565133071401977,0.04975231207292991,0.48113953581201296,29,16
episode_000004,loo_top10,45,10.0,10.0,10.0,209.39823176276477,223.20599817619652,242.61423481072273,0.3687306180381831,0.363812447415996,0.4655587211779766,0.24038416314611105,0.22688820821731626,0.5395556845231269,0.4307103150608337,0.46631094326980765,0.9112841628851874,0.00038528440898011405,0.0003736899183984074,0.0005636313034145263,0.0006189188637656578,0.0004277156410234275,0.0015992579553865038,0.008941494487226009,0.0024195099249482155,0.016149577498436,0.09391243296440314,0.07762823425712598,0.21882055794860406,0.4242962055952172,0.3130973194996649,0.6646987287560532,45,0
episode_000004,loo_top15,45,15.0,15.0,15.0,226.69478784164295,248.07922455200287,256.68553841372864,0.45417243924902173,0.45501685836983263,0.5374694308584008,0.19169569735357106,0.1713534341177895,0.4329195941339687,0.42038900108671806,0.4186868148174857,0.9112841628851874,0.00038528440898011405,0.0003736899183984074,0.0005636313034145263,0.0006189188637656578,0.0004277156410234275,0.0015992579553865038,0.008941494487226009,0.0024195099249482155,0.016149577498436,0.14260089875694307,0.11452471305830844,0.3231133638932614,0.5280362697706196,0.4526044326978733,0.6890224498791331,45,0
episode_000004,loo_top20,45,20.0,20.0,20.0,239.19810360330266,258.9549102058926,272.01162530737344,0.5318451249679771,0.5505200640552208,0.5997880512243531,0.15664458917140858,0.1104453463205342,0.35260641911678436,0.40681272041643946,0.3914417378849902,0.9112841628851874,2.1790930634857256e-05,1.8692343257312504e-05,4.058691373914259e-05,5.4716704640825814e-05,5.504827743538229e-05,8.399888252707936e-05,0.0005075112709568607,0.00013410206884145737,0.00130232572555542,0.17765200693910557,0.14153206494878326,0.4048152492626633,0.6052608210616368,0.5495741819899277,0.859372018786636,45,0
episode_000004,loo_top5,45,5.0,5.0,5.0,150.37243715782162,153.40581053959872,189.1510480471151,0.17023048378241012,0.15321933446927438,0.2501275842082427,0.27202316712536956,0.28788949102400735,0.6018404153174133,0.43977707362206725,0.55793661940154,0.9112841628851874,0.0021473677275863456,0.002440589104883055,0.002813358356437339,0.003222099962356854,0.0009365352357954735,0.008591536476032181,0.06296100914478302,0.0255083329975605,0.17706615924835223,0.062273428985144534,0.05120087614273794,0.14663037525969777,0.23931059628340481,0.1958038863100857,0.3224216877974503,45,0
episode_000004,no_correction,45,0.0,0.0,0.0,0.0,0.0,0.0,0.0,0.0,0.0,0.3343002671831663,0.3391642845654582,0.7486956131794001,0.45954084921635385,0.55793661940154,0.9112841628851874,0.003879827993041093,0.003699466501018213,0.0050388776003648566,0.005806072149311673,0.00152756252481003,0.015348683351219998,0.23704655667146046,0.195211723446846,0.5265363097190857,-3.6710726521305966e-06,-6.776366945640717e-05,0.0006843168983613257,-0.01586704269897032,-0.000532609705338055,0.002053754585285182,18,27
episode_000005,all35_full_delta,43,35.0,35.0,35.0,278.9413906573656,270.6498983849656,318.3987076985853,1.0,1.0,1.0,0.0006744055413583908,0.0007457156337653256,0.001201915089506766,0.0013720668686117426,0.0014735554588021084,0.0020362280890127062,1.6070634535003717e-05,1.4641580403107482e-05,3.004275774556257e-05,2.9723850020369464e-05,2.9280327744433888e-05,4.933946034274929e-05,0.0008136139110510432,0.00022489577531814575,0.001987409591674805,0.43828141141525145,0.53719930924388,0.9045511111654839,0.8237635931751891,0.9976947199429077,0.9998097613341057,43,0
episode_000005,loo_bottom10,43,10.0,10.0,10.0,109.92830231125498,107.63126257418992,135.29784436624564,0.08086847266213724,0.08093683768592436,0.09736360898862687,0.3425507021265785,0.49181101732009436,0.6995363920127803,0.486264650240152,0.7424197017818499,0.9330737924189328,0.004784479416830544,0.005131165729495295,0.007820581376865636,0.008055006257855428,0.0028058638984537624,0.020509578683553794,0.4223770069521527,0.5120658278465271,0.853908383846283,0.09640511483003135,0.04179332931796442,0.22788837160133588,0.13977130310279484,0.18087769396569692,0.292524097345409,37,6
episode_000005,loo_top10,43,10.0,10.0,10.0,212.90094473043226,210.87664747221189,239.5224000881231,0.35703916991906925,0.3625705721066488,0.3967191280715865,0.28735436377443263,0.3218043000380316,0.5844289202099898,0.4814749093194148,0.6470925784874118,0.9371252097412656,0.00041550920954783996,0.00040988215945608606,0.0007356288165875199,0.000808853713783397,0.0008408703088072826,0.0017855703643467069,0.013541954504542573,0.003622031770646572,0.017184999212622662,0.15160145318217724,0.2166362655035209,0.3157235862470163,0.33934791008086623,0.34349746234492495,0.4020697566917075,42,1
episode_000005,loo_top15,43,15.0,15.0,15.0,230.78743228288832,227.35323833606677,260.5466080657749,0.4420112306020448,0.4556713075832436,0.48787396597316357,0.23506836788341867,0.22961704252191142,0.4918693911951539,0.45973345943527444,0.4888054365225713,0.9371252097412656,0.00041550920954783996,0.00040988215945608606,0.0007356288165875199,0.000808853713783397,0.0008408703088072826,0.0017855703643467069,0.013541954504542573,0.003622031770646572,0.017184999212622662,0.2038874490731912,0.3088235230196411,0.4100623066421998,0.4317873041877819,0.44934771351352104,0.5711858717447218,42,1
episode_000005,loo_top20,43,20.0,20.0,20.0,244.41081592450846,240.21122412074038,272.0935055819849,0.5231168015438179,0.5223636986649864,0.5648363538638467,0.17305662945213365,0.12676327541296972,0.37124492172911183,0.45320482362584735,0.42332542187621763,0.9371252097412656,1.6070634535003717e-05,1.4641580403107482e-05,3.004275774556257e-05,2.9723850020369464e-05,2.9280327744433888e-05,4.933946034274929e-05,0.0008136139110510432,0.00022489577531814575,0.001987409591674805,0.2658991875044763,0.3875078212138687,0.5362213163257409,0.5462435247647324,0.5784657362569408,0.7585499439348837,42,1
episode_000005,loo_top5,43,5.0,5.0,5.0,152.30258095644797,161.57395598268792,182.48434064542607,0.16359471978070986,0.17301435435393914,0.2138724973269678,0.34143196369961226,0.41640917006374095,0.6925300499644499,0.4895206224161804,0.6470925784874118,0.9371252097412656,0.0022808737890580976,0.0022161952370033096,0.003230637444678228,0.004086625129695362,0.002035052744078002,0.009608855488627796,0.09455951493839886,0.06206248700618744,0.2754611968994141,0.09752385325699764,0.12203139547781156,0.2091083056512141,0.16791343172270848,0.21110191478331505,0.25192008544103783,39,4
episode_000005,no_correction,43,0.0,0.0,0.0,0.0,0.0,0.0,0.0,0.0,0.0,0.438952829042684,0.5390252452123231,0.9050725857553703,0.5003236288333024,0.7735004893512961,0.9371252097412656,0.004784479416830544,0.005131165729495295,0.007820581376865636,0.008055006257855428,0.0028058638984537624,0.020509578683553794,0.4223770069521527,0.5120658278465271,0.853908383846283,2.9879139258775886e-06,-4.860959447072766e-06,0.0004135079198022807,-0.026795902257390532,-6.720420922329539e-06,0.06043455232335898,21,22
