direction,alpha,count,gap_to_sim_chunk_mean_l2_mean,gap_to_sim_chunk_mean_l2_p50,gap_to_sim_chunk_mean_l2_p90,gap_to_sim_chunk_max_l2_mean,gap_to_sim_chunk_max_l2_p50,gap_to_sim_chunk_max_l2_p90,gap_to_sim_first_translation_l2_mean,gap_to_sim_first_translation_l2_p50,gap_to_sim_first_translation_l2_p90,gap_to_sim_first_rotation_l2_mean,gap_to_sim_first_rotation_l2_p50,gap_to_sim_first_rotation_l2_p90,gap_to_sim_first_gripper_abs_mean,gap_to_sim_first_gripper_abs_p50,gap_to_sim_first_gripper_abs_p90,change_from_real_chunk_mean_l2_mean,change_from_real_chunk_mean_l2_p50,change_from_real_chunk_mean_l2_p90,change_from_real_first_translation_l2_mean,change_from_real_first_translation_l2_p50,change_from_real_first_translation_l2_p90,change_from_real_first_rotation_l2_mean,change_from_real_first_rotation_l2_p50,change_from_real_first_rotation_l2_p90,change_from_real_first_gripper_abs_mean,change_from_real_first_gripper_abs_p50,change_from_real_first_gripper_abs_p90,gap_reduction_chunk_mean_l2_mean,gap_reduction_chunk_mean_l2_p50,gap_reduction_chunk_mean_l2_p90,gap_reduction_ratio_chunk_mean_l2_mean,gap_reduction_ratio_chunk_mean_l2_p50,gap_reduction_ratio_chunk_mean_l2_p90,improved_count,worsened_count
orthogonal,-0.5,225,0.368974550916518,0.3407755639025417,0.8414674520895716,0.463144596729436,0.5556519413630364,0.924063233042165,0.0041284189380094895,0.004145625423041017,0.006836529737014775,0.005924790666246076,0.0017213953176092838,0.016904875472887076,0.3140395958556069,0.2464883029460907,0.8072203993797302,0.0037872962132257677,0.0016471016566320534,0.009514235033256692,0.00010484151634181495,9.008401021855872e-05,0.00021249745760963865,0.0001468842024036202,8.561919428470468e-05,0.00033995983784813026,0.0049514361884858875,0.0018659234046936035,0.01356585025787353,0.0012875118339577482,8.680874586698261e-05,0.005092491988416814,-0.020475319321152968,0.0011645403481886237,0.013750126295063066,126,99
orthogonal,0.0,225,0.37024494499148836,0.3391642845654582,0.8434039306107537,0.4641897840908186,0.55793661940154,0.9243781255193758,0.004149627765539274,0.00414749034188765,0.006940550414908007,0.0059099068931838875,0.0018109510898518073,0.016633139958573524,0.31551660862233905,0.2414180338382721,0.8119922280311584,0.0009638014128640574,0.0009371142143309212,0.001474988670073278,1.8896317554107416e-05,1.6174313605449004e-05,3.430145941901591e-05,4.175698375355177e-05,3.5773483206143844e-05,7.36407772429874e-05,0.0010317393806245593,0.0008775591850280762,0.0020681619644165035,1.7117758987452598e-05,-4.860719930703441e-05,0.0006335038301584993,-0.015243646954905748,-0.00020274217995045472,0.004397067949528275,101,124
orthogonal,0.25,225,0.3697113048049423,0.3348436281245257,0.8432473019806265,0.4638611000861324,0.546614758903308,0.9224559326243158,0.004148425972518946,0.004150514076379338,0.006934231123789989,0.005908801506666831,0.0018432163635336547,0.01653219706105955,0.3150056427717209,0.2372281700372696,0.8088016390800477,0.0021441924779474143,0.0013156568964038376,0.0049238612545031675,5.212965306226428e-05,4.636864842755498e-05,9.669757265799364e-05,8.527209578737226e-05,5.604305106088728e-05,0.0001857339343278109,0.0026706751849916244,0.0016477704048156738,0.006440424919128416,0.0005507579455335546,3.238445210100539e-05,0.0029500889742681835,-0.016195086517887612,0.00017343059679874128,0.011991726261355664,117,108
orthogonal,0.5,225,0.36845633009596135,0.32827076291494006,0.8413573161104291,0.4629841112026775,0.5259034222103458,0.9212457582249105,0.004140125934917268,0.004180923534624407,0.006892034416938281,0.005912327059235882,0.0017635812165634136,0.01656104242468834,0.31372790697548125,0.23058149218559265,0.8050966382026672,0.003933289240005261,0.0018544882839372679,0.0105056065455874,0.00010375678349575042,9.37182599647892e-05,0.00019044577981026033,0.00014677719806484332,7.649982170139147e-05,0.00033236953699897686,0.004947306017080943,0.002169013023376465,0.012470528483390805,0.00180573265451437,0.00025515495752684303,0.007180282054842734,-0.01983851854952622,0.0012735986027202655,0.019684267823032748,127,98
orthogonal,0.75,225,0.36666273144953937,0.31993849085578907,0.838889529090626,0.4617709780205761,0.530541872680004,0.9199471550438155,0.004126437795425295,0.0041981800785721056,0.006748624633395418,0.0059191240355587725,0.0016478322248473498,0.016670993288334802,0.3118154716160562,0.22837461531162262,0.8018056273460388,0.0060645451749923,0.0026711331606917798,0.01681255770693351,0.00016340404153351878,0.00015269845019578838,0.0003042483134430483,0.00021056385733608907,0.00010224251492736218,0.0005102779425262682,0.007488877806398604,0.003064185380935669,0.01992767453193664,0.003599331300936447,0.0007777984963051598,0.012420013211489287,-0.026598582939800382,0.0032099392439864814,0.028192938885090935,137,88
orthogonal,1.0,225,0.36450475529718035,0.31055423676265875,0.8363643219152905,0.460395339910399,0.5253662669904362,0.9179362215019246,0.004109744059256673,0.004181015514122141,0.006590414162100849,0.005928077326746632,0.0015483481444523693,0.016817177800129094,0.30942662056949405,0.22568897902965546,0.7972394108772278,0.00847994875936215,0.0038800291697912623,0.02374927420379299,0.00022950493623803846,0.00021357680676673316,0.000425201987171043,0.00027451360330575214,0.00012586969079760976,0.0007040689737096562,0.010304343667295244,0.003832519054412842,0.02777185440063476,0.005757307453295473,0.001898523102620786,0.018807268212451864,-0.03660351301567665,0.005378761326952158,0.0398654960979713,136,89
orthogonal,1.5,225,0.3595858049022813,0.28969717448552196,0.8303166023945465,0.45738707997754446,0.5121047857931096,0.9151891065092518,0.004073126459795739,0.004179392681264214,0.006449289436294646,0.005950253147097566,0.001451761681797024,0.01680788732004392,0.3037801770038075,0.2197669893503189,0.7861955046653747,0.013877069574506587,0.007076212858036869,0.037713947022320365,0.00037635959405985176,0.00033903540006653617,0.0007095041654260228,0.0004034693596015614,0.0001975517978501532,0.0010222938121946603,0.016634279919995203,0.005694836378097534,0.04623588323593139,0.01067625784819447,0.003746887019389411,0.03318319926039228,-0.06604128225825351,0.010041751427209257,0.06259117328268687,137,88
random,-0.5,225,0.36852921646609926,0.33546831143763167,0.8386285492301365,0.46263442543922856,0.5439605258580049,0.9245892796221818,0.004122002998222784,0.004114281684945993,0.0068748827701462945,0.00589753794631782,0.0016381735514011593,0.016536365809137536,0.3132227067814933,0.23350438475608826,0.8110773086547851,0.004096552658767648,0.002093972615141082,0.010265022942662957,0.00010783830987570369,8.619693800875745e-05,0.00021723791212679676,0.00015564028841426623,8.330227857203786e-05,0.00035423930103014206,0.005539053347375658,0.0027091503143310547,0.01490504741668701,0.0017328462843765558,0.00011930257532927202,0.006528008980755162,-0.01998716760119208,0.001336062622284751,0.02519134462052278,124,101
random,0.0,225,0.3702449449923064,0.3391642845654582,0.8434039306107537,0.4641897840917818,0.55793661940154,0.9243781255193758,0.00414962777104082,0.00414749034188765,0.006940550414908007,0.00590990689518472,0.0018109510898518073,0.016633139958573524,0.31551660862233905,0.2414180338382721,0.8119922280311584,0.0009638014128898777,0.0009371142143309212,0.001474988670073278,1.889631244304759e-05,1.6174313605449004e-05,3.430145941901591e-05,4.1757000345882875e-05,3.5773483206143844e-05,7.36407772429874e-05,0.0010317393806245593,0.0008775591850280762,0.0020681619644165035,1.7117758169378237e-05,-4.860719930703441e-05,0.0006335038301584993,-0.01524364712382006,-0.00020274217995045472,0.004397067949528275,101,124
random,0.25,225,0.3699355650691798,0.3378094250062763,0.8440851593871556,0.46399458684507444,0.559399713337327,0.9225042123740275,0.004151526406397742,0.004158035845040794,0.006872529210143937,0.005923165592110498,0.0019129669980585723,0.01664843673352664,0.3154198698865043,0.2426919937133789,0.8117763519287109,0.0021817600138667966,0.001358125548155182,0.004575045725788154,5.4126449456884955e-05,4.4916739503095764e-05,0.00010312304773499789,8.834609105006186e-05,5.755646562540358e-05,0.00019727535025925287,0.0028697729772991605,0.0015425682067871094,0.007033729553222655,0.0003264976812959671,-2.9935025452189432e-05,0.00201650131500317,-0.016493997078138735,-0.00025259977852512647,0.006785364095405657,107,118
random,0.5,225,0.3688965725976468,0.33432584804972454,0.8430876823421822,0.4632322087359733,0.5542114907119706,0.9205998904501408,0.004146059786857904,0.004198393907913266,0.0067656347456645964,0.005939809107721885,0.001989426768148018,0.016754821819685052,0.3145210598574744,0.24149294197559357,0.8079339504241944,0.0040021564450311905,0.0022665489507397427,0.009217593017683538,0.0001062278542331103,9.296091650824265e-05,0.00020360082647376813,0.00015552707925439296,7.742922957791723e-05,0.0003825324296836506,0.005333793560663859,0.0019401907920837402,0.014728808403015136,0.0013654901528290227,0.000259594797451094,0.005514644783798838,-0.020347070419456,0.0012225977333681726,0.015720952794091733,129,96
random,0.75,225,0.36730793434607206,0.32923302158902573,0.8435985539799351,0.46205615756301716,0.5405627930508038,0.9183526801844997,0.004134947670470095,0.00417606899747143,0.0066349484115145255,0.0059590140921473335,0.0020470633886205077,0.016898211788699383,0.31296811004479724,0.23659013211727142,0.801447868347168,0.006148409714081884,0.003384943567013087,0.014431575529192182,0.00016577159942576943,0.00014494545393095476,0.0003077428445432577,0.00022648562980179823,0.00010621002868067474,0.0005669490036740289,0.008095106614960565,0.0031031370162963867,0.02395719289779663,0.002954128404403712,0.0006233659502238031,0.01003673712348556,-0.02720761950339838,0.003544211149016414,0.025391443885015436,133,92
random,1.0,225,0.36534934011789566,0.32361592474711576,0.8417529999122189,0.4606817885915848,0.5252071465283608,0.916455082546352,0.004120147715846878,0.004166455678458832,0.006488737103705843,0.005979299053316922,0.0018908398190057804,0.017016692599797895,0.3109129001696905,0.23373913764953613,0.7929404020309448,0.008559395231876437,0.004725168046284677,0.020087987767426093,0.00023208232238251605,0.00020235366723533714,0.0004357002889233451,0.0002980810136954745,0.0001327582032270716,0.0007515353319597676,0.011103081636958652,0.00437578558921814,0.034378993511199954,0.0049127226325801675,0.0012087194953288027,0.015423182691240777,-0.037307837911462985,0.005572879464048962,0.03791193485592828,139,86
random,1.5,225,0.3608026558349722,0.31099860765635895,0.8340834553476261,0.45775273324386034,0.4957582103763458,0.9124976437328967,0.0040865210368819255,0.004142642832834752,0.006275413603579758,0.006019788408567103,0.0015267519682923847,0.01727398462815943,0.3058200709025065,0.23392601311206818,0.7739744782447815,0.013983355138485178,0.006520674308888081,0.03339439464987472,0.0003773530862019926,0.00030851745504665586,0.0007154346982555639,0.00044010520060048234,0.00018138856927661746,0.0010975617238154327,0.017832201851738824,0.006592810153961182,0.05754925012588501,0.009459406915503643,0.002938141277165962,0.027849819976922728,-0.06716862262315414,0.01054416543655788,0.05814963611207657,136,89
real_to_sim,-0.5,225,0.4441971808408393,0.4197930844982053,0.9517186198155152,0.518007446939352,0.7036413634169462,0.9759986271110717,0.0058000069186484,0.005584312087669681,0.01000994970469043,0.007572102786100441,0.0021230994908083677,0.021901642513089823,0.457530958255132,0.4704209864139557,0.9537007451057434,0.07410871041070093,0.03717876788322176,0.20065748377357723,0.001673350543230001,0.0014479247756539347,0.0031479920211760883,0.00168000462505077,0.0003268899493868625,0.005293337231971609,0.14196855849689907,0.08701753616333008,0.373627758026123,-0.0739351180903635,-0.03713870804234942,-0.0010952094664038888,-0.3588501253087861,-0.2794567422284611,-0.05188702083048095,0,225
real_to_sim,0.0,225,0.37024494499272953,0.3391642845654582,0.8434039306107537,0.4641897840917818,0.55793661940154,0.9243781255193758,0.00414962777104082,0.00414749034188765,0.006940550414908007,0.00590990689518472,0.0018109510898518073,0.016633139958573524,0.31551660862233905,0.2414180338382721,0.8119922280311584,0.0009638014132068986,0.0009371142143309212,0.001474988670073278,1.889631244304759e-05,1.6174313605449004e-05,3.430145941901591e-05,4.1757000345882875e-05,3.5773483206143844e-05,7.36407772429874e-05,0.0010317393806245593,0.0008775591850280762,0.0020681619644165035,1.7117757746305283e-05,-4.860719930703441e-05,0.0006335038301584993,-0.015243647211175295,-0.00020274217995045472,0.004397067949528275,101,124
real_to_sim,0.25,225,0.2882722453380579,0.2395636719303754,0.6873283961036708,0.39608921074786774,0.45419754683912594,0.8416623812954347,0.003174103048839614,0.0032135531658231665,0.005228620024190831,0.004504699982226996,0.0015469752534112873,0.012310580503633525,0.2015244938267602,0.14437232911586761,0.5409141898155211,0.08223965740893727,0.06286618415936569,0.20726720172074206,0.0009802124748197326,0.0008949628534547186,0.0017341588354179973,0.0014172568508696315,0.00023693790504528614,0.004285813064082789,0.1143658639325036,0.06424649804830551,0.27851160764694216,0.08198981741241788,0.06284295207441881,0.20724757542371175,0.20234160431112563,0.1940329772519909,0.33678820203505294,222,3
real_to_sim,0.5,225,0.17733330380047738,0.1300341881512784,0.4700667579088767,0.275415118260691,0.2591679747235185,0.6447009516769543,0.0021082296640938763,0.002148016351992433,0.0032467523024820397,0.0029355860048065874,0.0012436534264326708,0.00785260432843697,0.0981343003279633,0.05107809603214264,0.2832574009895324,0.1931812026777231,0.13746964405016998,0.47184257545568375,0.0020465962513681528,0.0018598835111798282,0.0036234612568222346,0.0029867443438876913,0.0005527309893038462,0.008750503202223049,0.21774431028299862,0.13090002164244652,0.5549395561218261,0.1929287589499984,0.13746764341945944,0.47179757847778697,0.4521895930145359,0.42878497666483556,0.6557858823835723,224,1
real_to_sim,0.75,225,0.07069003923886653,0.05082153616612417,0.20467710519420437,0.12499976748753272,0.09699846767745926,0.36798674100341877,0.0010195770727883375,0.0010147928686573256,0.001479620319607113,0.001398225917370093,0.0006803746793596965,0.003639641747897698,0.03621033108068837,0.014524867758154869,0.10612444281578062,0.2998816361904882,0.203047593674492,0.7175230604188774,0.003133824446526364,0.0029767283497657013,0.005485331563151515,0.0045245394145463635,0.0011270467944223077,0.012946705513429259,0.27966512922611503,0.1870412826538086,0.7540616149082779,0.2995720235116093,0.20297626868485152,0.7174000643412917,0.6904707382005709,0.6983759243208731,0.9074199907238056,225,0
real_to_sim,1.0,225,0.0006641185285923925,0.0005747875506766898,0.0012765169551870582,0.0012023369508198023,0.0011165875738734753,0.0020269800119275872,1.973149641477582e-05,1.6995795283854826e-05,3.729457496352129e-05,4.402765782113037e-05,4.1089053732925226e-05,7.463038314826188e-05,0.0005015579683499203,0.00018384959548711777,0.001603412628173828,0.37030170201388884,0.3386611616150364,0.8441430845032355,0.004154293124739588,0.004142525946100433,0.006960007198830392,0.005908335139470005,0.0018087465666768827,0.016627625343517787,0.3156910205601404,0.23987722396850586,0.8133690312504768,0.36959794422188347,0.3386182539885082,0.8429441759926235,0.8706515018825236,0.9976645627480555,0.99983140900541,225,0
real_to_sim,1.5,225,0.06544284880443278,0.015641857972183346,0.22925988742785708,0.13258750008140596,0.025149473883732162,0.561930825654036,0.0017723148732644478,0.0016511392973652934,0.0026778397937923383,0.0023117244413334223,0.0014725926984029357,0.0056483565650953865,0.03996203814917761,0.006569828721694648,0.07948126718401907,0.4350737902070555,0.4944652928569915,0.9213099681497489,0.005912771935057575,0.006010347645745279,0.009178627513335246,0.008195668666573591,0.003270477392380061,0.022329383920213382,0.35555070474717976,0.2892463095486164,0.8693242773297243,0.30481921394604305,0.17711466203050863,0.7990365190998769,0.49753673351508093,0.6530232570936083,0.9794951335902166,197,28
