planner_phase,direction,alpha,count,gap_to_sim_chunk_mean_l2_mean,gap_to_sim_chunk_mean_l2_p50,gap_to_sim_chunk_mean_l2_p90,gap_to_sim_chunk_max_l2_mean,gap_to_sim_chunk_max_l2_p50,gap_to_sim_chunk_max_l2_p90,gap_to_sim_first_translation_l2_mean,gap_to_sim_first_translation_l2_p50,gap_to_sim_first_translation_l2_p90,gap_to_sim_first_rotation_l2_mean,gap_to_sim_first_rotation_l2_p50,gap_to_sim_first_rotation_l2_p90,gap_to_sim_first_gripper_abs_mean,gap_to_sim_first_gripper_abs_p50,gap_to_sim_first_gripper_abs_p90,change_from_real_chunk_mean_l2_mean,change_from_real_chunk_mean_l2_p50,change_from_real_chunk_mean_l2_p90,change_from_real_first_translation_l2_mean,change_from_real_first_translation_l2_p50,change_from_real_first_translation_l2_p90,change_from_real_first_rotation_l2_mean,change_from_real_first_rotation_l2_p50,change_from_real_first_rotation_l2_p90,change_from_real_first_gripper_abs_mean,change_from_real_first_gripper_abs_p50,change_from_real_first_gripper_abs_p90,gap_reduction_chunk_mean_l2_mean,gap_reduction_chunk_mean_l2_p50,gap_reduction_chunk_mean_l2_p90,gap_reduction_ratio_chunk_mean_l2_mean,gap_reduction_ratio_chunk_mean_l2_p50,gap_reduction_ratio_chunk_mean_l2_p90,improved_count,worsened_count
alignment,orthogonal,-0.5,85,0.7103172619763348,0.7504617852923701,0.8876328798511366,0.8424060967546823,0.8985143380860359,0.9407953276329506,0.004809413946617476,0.00465711988752426,0.007687233613144079,0.012390968817326447,0.011680710166612564,0.01892313980320549,0.5278567224740982,0.5443751811981201,0.8350636601448059,0.006483350710336433,0.005382084037270082,0.012160495520520072,0.0001497098638993739,0.0001306668542787619,0.000261242175550767,0.0002563075022081056,0.00024369992961955093,0.00044422287796481156,0.00841599264565636,0.0068152546882629395,0.01769894361495973,0.0025701232152323516,0.0026083718258451682,0.006600069508853813,0.0041729688682865486,0.003036940947769497,0.009216318382238027,67,18
alignment,orthogonal,0.0,85,0.712854543672285,0.7546514862951811,0.8881977540109217,0.8437704018647383,0.900911582021811,0.9431701499410798,0.004871162019892169,0.004734024921174659,0.007607972496421885,0.012385289410524258,0.011393085300468486,0.019004701924551358,0.5314152586109498,0.5392354130744934,0.8387516736984253,0.0010892199830184986,0.001076589097622862,0.0015929412691797528,1.9043597234906163e-05,1.539005037474902e-05,3.516745103260635e-05,4.678022226509245e-05,4.4796936687536606e-05,7.169481775021464e-05,0.0010787299450706032,0.0008591115474700928,0.0023188829421997076,3.284151928221604e-05,1.3061890647647623e-05,0.0007065210489839882,9.932453249933862e-05,1.5430600118741606e-05,0.0010059785767092056,45,40
alignment,orthogonal,0.25,85,0.7118395233046502,0.7541208585003062,0.8875189454042062,0.8431408484933216,0.9010732096244126,0.9435207276811054,0.004876636100071597,0.004772770760733769,0.007522778222831673,0.012395381506688747,0.011373630787853464,0.01916640726223129,0.5307048229610218,0.5342926383018494,0.8365018963813782,0.0032872990121765124,0.002905711735748265,0.005744513120048929,6.739671336000069e-05,6.0496048112977013e-05,0.0001100358360504053,0.00014024171507877854,0.00012253872856814795,0.00026179120644927314,0.0038970929734847125,0.0034217536449432373,0.00807340145111084,0.0010478618869170623,0.0006786466832229276,0.003379962233635027,0.0019524694735045295,0.0010170248024813208,0.006087137035896828,59,26
alignment,orthogonal,0.5,85,0.7094072900762498,0.7526181216158168,0.8864703210801614,0.8416283578110297,0.8989482838437051,0.9433434810749404,0.004866319980746657,0.004756325719337062,0.00742509980577859,0.012414733510100728,0.011416371605192368,0.019264515195257997,0.5284697303000618,0.5342798829078674,0.8339138627052307,0.006646939491033101,0.005820269954932647,0.011724991307663796,0.00013454281643379378,0.00012726595662790628,0.0002361031055504742,0.00026518571239208687,0.00024369772665409946,0.000495983818565316,0.007844589562977062,0.006274670362472534,0.016030362248420714,0.0034800951153174543,0.002571490272903043,0.009237669232384295,0.006199485955687169,0.003542655365037431,0.014680228183739796,73,12
alignment,orthogonal,0.75,85,0.7059044537592827,0.7477795117499786,0.8849156693734892,0.8396183346085802,0.8952702457662046,0.9428169327904967,0.004843157364390483,0.004755466363793425,0.007308427211870215,0.012436184907329438,0.011450608932137384,0.019408332504945693,0.5249438485678505,0.5295954942703247,0.8286398649215698,0.010657286824109873,0.009455432660468116,0.019027380051720617,0.0002117938420606598,0.00020327547935011794,0.0003667106454494479,0.0003911044576771032,0.0003773565101459217,0.0007076701150810698,0.012175062474082498,0.008915185928344727,0.024549579620361334,0.006982931432284572,0.0053546943478745,0.016194058187612326,0.01219980656484396,0.007620548776921536,0.025776434234785622,81,4
alignment,orthogonal,1.0,85,0.7016620336168617,0.7440221324497963,0.8829511637533667,0.837242642406954,0.8917215482446613,0.9420183503417243,0.0048111099952627915,0.004743521008241693,0.0071812121891408325,0.012458339212256453,0.011719696210344901,0.01956017836512284,0.5204383755431455,0.5268125534057617,0.8206779718399048,0.015209252591824282,0.01325305202533009,0.027339222473264056,0.0002977866584019798,0.00027265071503205477,0.0005224779579870813,0.0005156472566832966,0.0005016584951992028,0.0009144055890258867,0.01695929870885961,0.01359933614730835,0.034050405025482185,0.011225351574705297,0.009452887916004848,0.02377942957915297,0.019371110880583582,0.013490229493446432,0.039865496097971326,82,3
alignment,orthogonal,1.5,85,0.6919150270196518,0.7351325444551323,0.8784004064932777,0.8319372700217054,0.886407228252435,0.9399484984350702,0.0047331221768802155,0.004683349516317651,0.006924542901907999,0.012504383101353982,0.01197203376550518,0.019874295545800634,0.5095984499244129,0.5182012915611267,0.8034084916114808,0.025262916264660037,0.02221582699031937,0.04578962144019151,0.0004887412933962122,0.00046971576623787713,0.0008098792285947781,0.0007564496379498559,0.0006839819595884794,0.0013499312290514893,0.027589521863881278,0.023523032665252686,0.056719326972961455,0.02097235817191533,0.018864004352391772,0.040335891908429525,0.03556237691332461,0.02525009260431897,0.07221586248472107,85,0
alignment,random,-0.5,85,0.7095102804859198,0.7543528115368238,0.8856200952223677,0.8414225013865552,0.8990915125409322,0.9379143079364234,0.004812649481665752,0.004673365894645733,0.007516559420475082,0.012367390304395183,0.011937474244246404,0.019179343787080583,0.5267228694523082,0.5292901992797852,0.8331767320632935,0.0072176696207202195,0.006190101018725859,0.012266362663608118,0.00015647970125959348,0.00014626238991625028,0.00027409090919252926,0.0002688283945212868,0.00024387904177058332,0.0005322560430767974,0.01017075356315164,0.00917428731918335,0.018934455513954163,0.0033771047056473666,0.0027001841001902394,0.00922538701966318,0.006176076536516663,0.0035192854314595734,0.021913298578936008,63,22
alignment,random,0.0,85,0.712854543672285,0.7546514862951811,0.8881977540109217,0.8437704018647383,0.900911582021811,0.9431701499410798,0.004871162019892169,0.004734024921174659,0.007607972496421885,0.012385289410524258,0.011393085300468486,0.019004701924551358,0.5314152586109498,0.5392354130744934,0.8387516736984253,0.0010892199830184986,0.001076589097622862,0.0015929412691797528,1.9043597234906163e-05,1.539005037474902e-05,3.516745103260635e-05,4.678022226509245e-05,4.4796936687536606e-05,7.169481775021464e-05,0.0010787299450706032,0.0008591115474700928,0.0023188829421997076,3.284151928221604e-05,1.3061890647647623e-05,0.0007065210489839882,9.932453249933862e-05,1.5430600118741606e-05,0.0010059785767092056,45,40
alignment,random,0.25,85,0.7122326000059599,0.752482015068491,0.8887910021062934,0.8431456273621366,0.8994357906168227,0.9440094876780291,0.004875752383593952,0.004765094016785036,0.007644556215553423,0.012407341577049421,0.011436949155522787,0.018954940155068416,0.5312934770303614,0.536903440952301,0.8372562408447266,0.0034362022699409014,0.0031495442692471716,0.005723449247626291,7.52667911867172e-05,7.544499761885225e-05,0.00013344916387690028,0.00014025584086187605,0.00011543275131171932,0.0002555768291126591,0.004900782949784223,0.004388630390167236,0.010280716419219972,0.000654785185607269,0.0006022145513456256,0.0031318191463408644,0.0009712772848095991,0.0012731293561510466,0.004001408687778898,52,33
alignment,random,0.5,85,0.71017813805434,0.7508986514517829,0.8890126728941602,0.8415666150147351,0.8982443767376909,0.944399959392429,0.004864824977271533,0.0047583253195687784,0.007624331582737882,0.012436532275817659,0.011534320156495746,0.018942436435227635,0.5295758173746221,0.5319512486457825,0.8369133234024049,0.006943257169607326,0.006520220587423882,0.011786382600720291,0.0001499423869728254,0.0001420947185145245,0.00026322693085930335,0.0002735936178533096,0.00024576591871308586,0.0005114435987989264,0.009833229990566478,0.008136212825775146,0.02284586429595949,0.0027092471372271655,0.0026208873908407926,0.007690053491762906,0.004275361398422951,0.003600699872800273,0.01265008049607174,68,17
alignment,random,0.75,85,0.7070299890936401,0.74720557081676,0.8887491999959336,0.8393435691042035,0.8972119612873698,0.9455554035501968,0.004841366868274906,0.004777982505608636,0.007586378163866511,0.012469558252076542,0.011645268929300496,0.018984788136542224,0.526531969799715,0.5256823897361755,0.8301883697509767,0.011011516724021,0.009825041778835603,0.018423559532051086,0.00023272715546344825,0.00020339559151451897,0.00041711305229199033,0.00041172300719328407,0.00036018583875683683,0.0008078724041721137,0.015183303636663101,0.011768877506256104,0.03465697765350344,0.0058573960979272114,0.005655856193912179,0.013459787770478834,0.009404523235121042,0.007670562138908677,0.025034278689096655,71,14
alignment,random,1.0,85,0.7031317047614366,0.7440006080675857,0.8869795412781654,0.8368778625143198,0.8949869396208304,0.946492428538038,0.004809180725097966,0.004726199322988675,0.0074614225806074975,0.012503003010538413,0.011634345482024147,0.01904098319797927,0.5224675146972432,0.5246264338493347,0.823448383808136,0.015560162993737905,0.013469900609662352,0.025125947693158287,0.0003232492215080135,0.0002758012927685833,0.0005785399809356164,0.0005479672132610306,0.0004869754707179561,0.0011001145333778754,0.020826408792944517,0.014631658792495728,0.04492193460464478,0.009755680430130545,0.009479862987445298,0.01983627060247303,0.015742025622457422,0.011822253125679038,0.038780988679277116,77,8
alignment,random,1.5,85,0.6940200860325872,0.7284437817363394,0.882044795492245,0.8316189277348724,0.8841363673685518,0.9449116086429038,0.004730869574683082,0.004673177616761869,0.007284160206202203,0.012564741377000296,0.011947654334815544,0.019252886681744283,0.5123185967697816,0.5199940204620361,0.8068782091140747,0.02570222550721256,0.02309695892814373,0.04073580603734025,0.0005189333174973777,0.0004781242626725122,0.0008925421182824967,0.000810960793573751,0.0007164295937962965,0.0016606662601621209,0.03304636548547184,0.02609074115753174,0.06864200830459595,0.018867299158980038,0.018226002395597907,0.03408347052849314,0.030416294655701722,0.022680896093115816,0.06663190444832698,80,5
alignment,real_to_sim,-0.5,85,0.8594271932606439,0.9207187095916867,0.966163305700119,0.929312101037974,0.9634111653243973,0.9851520033013872,0.00706187052192384,0.006780810804201467,0.011114480664880013,0.015816397602776505,0.015402950819531979,0.023584684173264876,0.8107620691551881,0.8617573380470276,0.9754223227500916,0.14657245747539802,0.13603523981736848,0.2434250348233422,0.0022349027632504333,0.0020693692195829275,0.0034868796470990168,0.0034388071483562664,0.003290559060112126,0.005678725082947857,0.27898070426548227,0.29624664783477783,0.4111818671226502,-0.14653980806907677,-0.135992775710587,-0.05118437109088962,-0.24262373135855944,-0.1944289860595723,-0.059405421438243906,0,85
alignment,real_to_sim,0.0,85,0.712854543672285,0.7546514862951811,0.8881977540109217,0.8437704018647383,0.900911582021811,0.9431701499410798,0.004871162019892169,0.004734024921174659,0.007607972496421885,0.012385289410524258,0.011393085300468486,0.019004701924551358,0.5314152586109498,0.5392354130744934,0.8387516736984253,0.0010892199830184986,0.001076589097622862,0.0015929412691797528,1.9043597234906163e-05,1.539005037474902e-05,3.516745103260635e-05,4.678022226509245e-05,4.4796936687536606e-05,7.169481775021464e-05,0.0010787299450706032,0.0008591115474700928,0.0023188829421997076,3.284151928221604e-05,1.3061890647647623e-05,0.0007065210489839882,9.932453249933862e-05,1.5430600118741606e-05,0.0010059785767092056,45,40
alignment,real_to_sim,0.25,85,0.5446720117843432,0.5437246644610969,0.7549927314510947,0.7192258138893662,0.765540548072405,0.8800598180886328,0.0035918140031912745,0.0035090299198519462,0.0055225992060270145,0.00937813185787644,0.009453361256516144,0.01400884206840686,0.30205291763824577,0.2807700037956238,0.5634103417396548,0.16823579862019616,0.16812768003805517,0.22364220172653515,0.0012876542948476331,0.001222704185228978,0.0019462837571283618,0.0030081203284156284,0.002878368739062326,0.004865561889505889,0.22972844725146013,0.23303481936454773,0.3358646869659424,0.16821537340722406,0.16811744450556565,0.22361392863997387,0.24640104520438422,0.2542960436146895,0.36053384480139505,85,0
alignment,real_to_sim,0.5,85,0.3169293850534278,0.3000619316211305,0.5203581057126647,0.4854754952616211,0.4657217259375553,0.7338167767189024,0.0022724272639481043,0.0022237421169731546,0.003311062030641181,0.006040065225730851,0.006326391206643217,0.008751371572786933,0.11251111289157587,0.08786112815141678,0.21613005697727206,0.39601354375396264,0.420761065961148,0.5212043757817302,0.00260689535894817,0.0025010864235688883,0.0040125593011741305,0.006346743119538807,0.005891216819834545,0.01011201082501054,0.41927025199813,0.42314110696315765,0.6651370614767076,0.39595800013813937,0.42074490815336074,0.5211366051229874,0.5639720723864327,0.5907115738522813,0.6976963000947968,85,0
alignment,real_to_sim,0.75,85,0.1089441011165441,0.08030860558341005,0.22459389379023345,0.194095756148231,0.1545376889811026,0.40535635663890773,0.0010419885164254345,0.001030608448185675,0.0014666977951913,0.002829614817730371,0.003015348069119829,0.003923267560434259,0.027703627023626776,0.01973811164498329,0.05217917412519459,0.6040269448379221,0.6510100214526391,0.7542762179092386,0.0038344565425359476,0.003752357549947238,0.006152373370657606,0.00955650542211089,0.008787924827153432,0.015020240522356737,0.5040777378660791,0.5024638585746288,0.7982747612521053,0.6039432840750232,0.6509064256290314,0.754136138201271,0.8471523705225783,0.8784036209714566,0.9284737218385043,85,0
alignment,real_to_sim,1.0,85,0.00028839861503535645,0.00018783824934653025,0.0007389814494013057,0.0006690370028135968,0.00041401874355843937,0.0015869031712089836,2.0398185183614547e-05,1.6535564733759617e-05,4.043730115105008e-05,3.875578665008001e-05,3.5530162507095685e-05,6.465408939808181e-05,0.0001282036167514675,7.13961198925972e-05,0.0002697838470339778,0.7128986066538211,0.7548945942940098,0.8878920622931472,0.004873373614150773,0.004726265351282488,0.007579983079623375,0.012383654858861254,0.011392069528206344,0.018998862703877503,0.5317752649377593,0.5399835342541337,0.8380146155133843,0.7125989865765319,0.7544875268513218,0.8876830233804034,0.9995009740427548,0.9997520406149737,0.999865193445512,85,0
alignment,real_to_sim,1.5,85,0.04626516936628434,0.02352347623689289,0.11850891828324463,0.0983234507594125,0.03890000855166712,0.3150583612516125,0.001536689676721033,0.0015069540097926541,0.0021825604155155795,0.004505420814938973,0.004789198533073753,0.0058782622709163,0.012273435023448923,0.007877764524891973,0.020486672641709475,0.7580984090238465,0.779046919348842,0.9364582591051663,0.006394301871831963,0.006295708328411052,0.00961674486862404,0.01688344143584474,0.016396917955508367,0.024935560573020356,0.5440547999131548,0.5529724634252489,0.8470348275150172,0.6666222158252829,0.7177756588969442,0.8534009613161675,0.9211372799947866,0.9681209509269018,0.9830556393334495,85,0
descent_to_grasp,orthogonal,-0.5,40,0.38623298627800245,0.3501449021094061,0.7473958469094514,0.5804877024954976,0.5715515684901609,0.8833373532370096,0.004007215698672742,0.00344742503796567,0.007934462078413154,0.002391296582687111,0.0011337333012261565,0.0054788314854405515,0.5232031293213367,0.49572110176086426,0.8555852949619294,0.003394612974943937,0.0019085803846002171,0.006942910120067091,0.00010130205204222222,7.9578501716589e-05,0.00018842825513950206,0.00010442762901762744,9.099790311767469e-05,0.00018349476687824092,0.004283596575260162,0.002671957015991211,0.010220034420490265,0.0016324369873937448,0.001260176793851403,0.003216060961907654,0.005158721905087443,0.003002201507887702,0.010547682305965094,30,10
descent_to_grasp,orthogonal,0.0,40,0.3877068162627638,0.3525506451646238,0.7475520072647,0.5836632483422417,0.5769877331483234,0.8858685278453092,0.004033970294745081,0.0034710322682078264,0.007930104476125173,0.0024020303059877493,0.0011578873710970839,0.005636380270530352,0.5245957329869271,0.49676403403282166,0.8589899420738221,0.0009596656438641812,0.0009784970247726224,0.001255198379111822,1.9288670105445338e-05,1.7040491499160954e-05,3.4783645779334835e-05,4.8908476570629944e-05,4.187189227629491e-05,9.010498348837721e-05,0.001110268384218216,0.0010737478733062744,0.0020991086959838865,0.00015860700263236257,0.0002621300357110862,0.000810567767525,0.0005002929212672171,0.0006461363452137406,0.0027553165899025763,25,15
descent_to_grasp,orthogonal,0.25,40,0.3872984676551475,0.34978121188393857,0.7466559780257419,0.5834680371065202,0.5744921960846912,0.8863740936669003,0.004016285181420221,0.003435161602562724,0.007866337238107469,0.0023992056621420605,0.0011539330533506713,0.0057069396002294315,0.5238794401288033,0.4967324435710907,0.8582879066467285,0.001979601972277023,0.001362064740852356,0.004404287025612651,5.630657340578097e-05,4.466622660197976e-05,9.509098392140983e-05,6.408826721848382e-05,6.218934925860025e-05,0.00010289949413709798,0.0025138653814792632,0.001780480146408081,0.005334079265594483,0.0005669556102486934,0.0004333308496849153,0.0026147387217749047,0.0020203177014851354,0.0009119077258875068,0.007696795345050312,28,12
descent_to_grasp,orthogonal,0.5,40,0.38619001280301524,0.34462032003218757,0.7450872440295997,0.5822092370182815,0.5687035229109734,0.8862240370272328,0.003979754114793784,0.0033593397441038573,0.00776746483578384,0.002391600614614021,0.001149612870568684,0.005771194706090935,0.5222601195797324,0.49635541439056396,0.8563473701477051,0.003484354872642169,0.0018602932806654987,0.010925269071356556,0.0001181367814350193,9.76878253813414e-05,0.00017895347386705086,0.00010001378604021132,8.473488443759542e-05,0.000167885346276257,0.004591742344200611,0.0032282769680023193,0.01074570119380951,0.0016754104623810406,0.0008784327802640046,0.006503553628941506,0.005876399770778242,0.0021633450910983243,0.01655956700237248,29,11
descent_to_grasp,orthogonal,0.75,40,0.3845723932598621,0.33781539944113403,0.7429336500121885,0.5801731846319763,0.5607354228602794,0.8856505035016148,0.003928292066382584,0.003286427173297636,0.007639792362094921,0.0023882418724059076,0.0011459248790162834,0.0058208658119756765,0.5199197812005878,0.4956972599029541,0.8529383063316345,0.005278614556101738,0.0026254638109487662,0.017154889145105094,0.00019183192078502378,0.0001762335509944207,0.00031417449815241343,0.00014087286291695057,0.00010696294198545096,0.00023233688769586463,0.007066278345882892,0.004997372627258301,0.017929328978061675,0.003293030005534138,0.001452574385317651,0.011635199673521264,0.01137525614463333,0.0037287910233597165,0.03064627449198134,33,7
descent_to_grasp,orthogonal,1.0,40,0.3826172293384457,0.3300190191830509,0.7403179796361762,0.5780068148400479,0.5516025005225018,0.8847901775430831,0.0038657380558334113,0.0032154231395956556,0.0074908595430745895,0.0023861738665482968,0.0011338139221507885,0.005856473094569043,0.5170375561341644,0.49483659863471985,0.8465923607349396,0.007306344596043335,0.003613739960000045,0.021214773176987136,0.00027375268579564807,0.00027324349823530425,0.00047222297610996787,0.00018141906226399427,0.00013194075407043832,0.0003178914378704034,0.009898600913584233,0.0071724653244018555,0.024064608663320546,0.005248193926950473,0.002424455368537415,0.017271769931823416,0.017920495682639478,0.00572648506139283,0.04827273410103147,36,4
descent_to_grasp,orthogonal,1.5,40,0.3781704333157441,0.3129490255470551,0.7341733840415262,0.5731446022069493,0.5371598357563393,0.8825334809421124,0.0037226317699282723,0.00308137581491867,0.007145307494780827,0.0023796254790825,0.0010950855061335036,0.005918276771158824,0.5102040549740195,0.4926604628562927,0.8397405683994293,0.011937037952044975,0.006238383444677724,0.03548291941242806,0.00045742169266005194,0.0004540928086343482,0.000816280956860335,0.00026967128075043443,0.00019470679453236167,0.0005296016679607822,0.016658379323780538,0.010844826698303223,0.03956260904669762,0.00969498994965205,0.004946868254834147,0.02928792568623256,0.032499243286768995,0.01191361539126314,0.08590064920471799,37,3
descent_to_grasp,random,-0.5,40,0.3859583954485874,0.3465911228983235,0.7451793318119894,0.58110724197369,0.5627533240852743,0.8827232366176156,0.003991096387977374,0.0033993484151184413,0.007795107430602375,0.0023679296709792803,0.001215517715780075,0.005425194969183699,0.5220781937241554,0.49605095386505127,0.85479456782341,0.0038382195977526767,0.0024066832426950626,0.01126331886034753,0.00010240770173657195,8.523560029500285e-05,0.00020766173608251763,0.00012524871691260725,9.180593657396585e-05,0.00024792436449551337,0.004829289019107818,0.004280894994735718,0.010418860614299776,0.0019070278168088015,0.0009073724697220842,0.006190928336205442,0.006433653006661077,0.0030698642704940996,0.02340945469644792,35,5
descent_to_grasp,random,0.0,40,0.3877068162627638,0.3525506451646238,0.7475520072647,0.5836632483422417,0.5769877331483234,0.8858685278453092,0.004033970294745081,0.0034710322682078264,0.007930104476125173,0.0024020303059877493,0.0011578873710970839,0.005636380270530352,0.5245957329869271,0.49676403403282166,0.8589899420738221,0.0009596656438641812,0.0009784970247726224,0.001255198379111822,1.9288670105445338e-05,1.7040491499160954e-05,3.4783645779334835e-05,4.8908476570629944e-05,4.187189227629491e-05,9.010498348837721e-05,0.001110268384218216,0.0010737478733062744,0.0020991086959838865,0.00015860700263236257,0.0002621300357110862,0.000810567767525,0.0005002929212672171,0.0006461363452137406,0.0027553165899025763,25,15
descent_to_grasp,random,0.25,40,0.38744853884597485,0.351887363062476,0.7477358160289657,0.5835288550287078,0.5786795162904735,0.8887477403048806,0.004023149520308248,0.003497489745336408,0.007936124517169709,0.0024156599457250605,0.001113886966134195,0.005734225096293828,0.5243917673826217,0.4965724050998688,0.8590330362319947,0.002103521559262955,0.0013149658514920773,0.0049645508703588985,5.500415765780007e-05,5.1370709294568275e-05,8.933128158106522e-05,8.019895907860955e-05,5.711387645617816e-05,0.00015039243914115717,0.0021090038120746613,0.0015775859355926514,0.004013843834400179,0.00041688441942129144,0.0003228117749439763,0.0015124892471455767,0.0012816286090256133,0.0010821266117027432,0.003876105625790789,27,13
descent_to_grasp,random,0.5,40,0.3864791600258363,0.3488226252219847,0.747253219255543,0.5823793981438998,0.577044576668531,0.8909294466336082,0.003991773792938963,0.0035005616582364845,0.007902638539648569,0.0024232232502872505,0.0010757703800395014,0.005838779420556067,0.5232606407254934,0.4960475564002991,0.8578204572200775,0.0036927189982531626,0.0020264104225673017,0.009928302488542741,0.00010943632347608372,0.00010032805374233836,0.000186062048497421,0.00012256805593275141,6.973411215492015e-05,0.0002636315146901019,0.0038464177399873734,0.002859443426132202,0.00759367048740387,0.0013862632395598498,0.0008593489249633796,0.0035419777015889037,0.004441262124403102,0.003232032896583391,0.011158840796567095,33,7
descent_to_grasp,random,0.75,40,0.3849765703468658,0.3442213478134629,0.7462425729689416,0.5803692992767984,0.573368323290165,0.8925613112390351,0.003944076422289289,0.00346817115243758,0.007841154289250868,0.002427747487063696,0.0011588227168120005,0.005937634119502229,0.5213618345558644,0.4952561855316162,0.8556523978710174,0.005619885475719767,0.0030777776651771355,0.014813867518958931,0.000173862629413731,0.00017703106983783427,0.00030551978907495585,0.00016783510930712902,9.12798297e-05,0.0003760735339283019,0.006024936586618424,0.004584521055221558,0.012731729447841645,0.002888852918530454,0.0016814008707845551,0.007765795985213492,0.009359832626380049,0.005756342225707656,0.022148296518389406,37,3
descent_to_grasp,random,1.0,40,0.38311677361461116,0.33921786838488754,0.7448557230177707,0.5777670773906266,0.5684630498935779,0.8937662226603567,0.0038863214388411746,0.0034326966183849407,0.007763278345561728,0.002431297423425917,0.0010751139567087512,0.006030407883691412,0.5188927132636308,0.49427124857902527,0.8527737259864807,0.007776242945677916,0.004413292942349589,0.020130408703972542,0.00024764731536808406,0.00023224861300205895,0.00043376153011628123,0.00021450563231404933,0.00012987159666975691,0.00048522429258680643,0.008591917529702186,0.006199181079864502,0.016739569604396824,0.0047486496507850515,0.0025093187485281804,0.01240451421920447,0.015443187331020658,0.009154489376944408,0.03448133320983353,39,1
descent_to_grasp,random,1.5,40,0.37880624358066256,0.3304740601796775,0.7413370154733163,0.5721277786816088,0.5579156813434141,0.895074167067126,0.0037557095995208933,0.0033460799102613043,0.007532667122533402,0.002436446850823616,0.0009367870203341531,0.0061913936638740555,0.5127499874681234,0.4907730221748352,0.8496265411376953,0.01270130659145845,0.0073516129718586105,0.030618295252450103,0.00041093316546604846,0.00041932981439465856,0.0006917902864681032,0.000307772920456343,0.0001936633297527632,0.0006979197542739042,0.015086540952324867,0.011379122734069824,0.02717260122299195,0.0090591796847337,0.00542698462949609,0.022902987482352335,0.02943924548635417,0.015876537315087567,0.06397600036150813,40,0
descent_to_grasp,real_to_sim,-0.5,40,0.43612637027307405,0.4346752647357558,0.797631243710859,0.6558481402925934,0.7367970900854146,0.952350488958378,0.005287842435605513,0.004694210679208013,0.011316588300477244,0.002758842135879709,0.001456551921978594,0.0069265652051015425,0.6147088333964348,0.5427423715591431,0.9522640585899353,0.04834446250955399,0.031122584364031678,0.12006413571475216,0.0012791132250146479,0.001186670364396199,0.003318346496185836,0.0004033266995254853,0.00016997814541854295,0.0009890915416962958,0.0899079605937004,0.06609737873077393,0.19131622314453126,-0.04826094700767785,-0.031061297498673646,-0.005006339293180485,-0.141033948740936,-0.055094869226161636,-0.025838010297225232,0,40
descent_to_grasp,real_to_sim,0.0,40,0.3877068162627638,0.3525506451646238,0.7475520072647,0.5836632483422417,0.5769877331483234,0.8858685278453092,0.004033970294745081,0.0034710322682078264,0.007930104476125173,0.0024020303059877493,0.0011578873710970839,0.005636380270530352,0.5245957329869271,0.49676403403282166,0.8589899420738221,0.0009596656438641812,0.0009784970247726224,0.001255198379111822,1.9288670105445338e-05,1.7040491499160954e-05,3.4783645779334835e-05,4.8908476570629944e-05,4.187189227629491e-05,9.010498348837721e-05,0.001110268384218216,0.0010737478733062744,0.0020991086959838865,0.00015860700263236257,0.0002621300357110862,0.000810567767525,0.0005002929212672171,0.0006461363452137406,0.0027553165899025763,25,15
descent_to_grasp,real_to_sim,0.25,40,0.3403285583723141,0.2524170429888144,0.6616042213160035,0.5166103024063752,0.47501644959372036,0.8314100113402467,0.0032257366746800123,0.0026755426207338605,0.006081330324357339,0.0020495006889784543,0.0009955263649831585,0.004635816459999227,0.4306929739192128,0.44518354535102844,0.708324009180069,0.04759563523227518,0.045611864766330966,0.09232866252931975,0.0008172442878111655,0.000761999203122019,0.0018312331777923531,0.00038380418652509383,0.00014304064239959146,0.0012142794572130005,0.09410789888352156,0.06600053235888481,0.1940174162387848,0.047536864893082065,0.045593477635700125,0.09231899033882662,0.11681735511055105,0.08809285035412534,0.25653728827926753,40,0
descent_to_grasp,real_to_sim,0.5,40,0.2622237811501453,0.2173033276663765,0.5052344254674274,0.41310885382408447,0.38191586752538886,0.6619508602911955,0.002261237074801263,0.0019569209024490578,0.0040259372250962796,0.0015149316559097674,0.0008077282179123139,0.0034695427307612353,0.28864150056615473,0.29084596037864685,0.4438369780778886,0.12569707087299192,0.11080822856275975,0.2430912430467577,0.0017833467966868893,0.0016815047794972874,0.003933649506735006,0.0009174811158671472,0.0003407714334056919,0.002698401751417416,0.23615937223657965,0.14859825372695923,0.5091249018907547,0.12564164211525092,0.11078094470256497,0.24307528549804075,0.2943318603450948,0.3009653945031091,0.5202465495484525,40,0
descent_to_grasp,real_to_sim,0.75,40,0.14635951725678745,0.13084681199588374,0.26166141554838096,0.2555762435520891,0.2255915859025734,0.4271719118075287,0.001150031452391482,0.0010588849210356756,0.0020167613631430297,0.0008086755570002434,0.0004210187538505987,0.0017553884964079682,0.13662594552151858,0.10776028037071228,0.2675475299358368,0.24155794305380418,0.20437391906947475,0.5000316636276482,0.002892406810198688,0.002597209233488644,0.006049993507616037,0.0016203051793406721,0.000684164870029896,0.004126620105398192,0.3881749272812158,0.27091118693351746,0.7646049734205008,0.24150590600860875,0.20428705185066476,0.5000148100558798,0.5694910937550655,0.6442380737203341,0.7707774137985048,40,0
descent_to_grasp,real_to_sim,1.0,40,0.0009386788573008682,0.0009573865868620824,0.001458562153990348,0.0019027364484639942,0.0017231093148845265,0.003024588290288596,1.9894803232364102e-05,1.6880836230868657e-05,3.591020906738588e-05,4.94513958804952e-05,5.044480755618498e-05,7.596121947309669e-05,0.0008360895793884992,0.00043088383972644806,0.002059966325759888,0.3878834146899651,0.35244346009993277,0.7468153100744414,0.004041305902434371,0.003454495899701911,0.00792641747296857,0.0024079984897035786,0.0012342385890485165,0.005581291031295967,0.5250609026523307,0.49762214720249176,0.8596265554428101,0.3869267444080953,0.3523079245438136,0.7464381714861401,0.9959098314714291,0.9976349566536188,0.9991903854874676,40,0
descent_to_grasp,real_to_sim,1.5,40,0.25970434527765696,0.2359269354775367,0.41211221478670435,0.5206849315040464,0.5637121510171621,0.7504382065329458,0.0021569284143344017,0.0021862607270913314,0.003192463154854988,0.001838608407248266,0.0014576656254461566,0.0032953420291783287,0.19220051106676692,0.09075352922081947,0.4809973858296871,0.6474253017573149,0.6385947681868092,0.937898142594974,0.006181569774616942,0.005596913576988174,0.010612912540060882,0.0041721890226287086,0.0029238068150343743,0.009281567244775291,0.7170013838695013,0.85602691033273,0.9317835902329534,0.1281610779877393,0.141977446459862,0.5675400822318091,-0.19671427927553511,0.5281837343593967,0.7795710768139404,25,15
grasp_close,orthogonal,-0.5,50,0.004606492109505589,0.003533946721311331,0.00746916613885066,0.012206969456989132,0.0068330702663264905,0.023990136573337158,0.0037731829427606824,0.003513293831103546,0.004993384946686416,0.000445069194274934,0.0004408640538557707,0.0008641498611988022,0.010110589265823365,0.0039733946323394775,0.023446494340896608,0.0008033162775696594,0.0007269741427715145,0.0013367122107519282,5.5097591219527245e-05,3.9838625513264565e-05,0.00012247661324531566,4.420142781785142e-05,3.6565380371495755e-05,8.011914089843891e-05,0.000977221727371216,0.0007919967174530029,0.0018801629543304446,-0.00014529044228234526,-0.00015155508158126902,8.927768590448392e-05,-0.03786850376752018,-0.04373880831320917,0.02437566391850926,9,41
grasp_close,orthogonal,0.0,50,0.004526128547420108,0.003473494322284401,0.00743119938333149,0.012042009621159809,0.006820825190724815,0.023511986835391793,0.0037678090129450088,0.0035069355687405443,0.004948665795717057,0.00043945904043978396,0.00044385230844223834,0.0008945201562688413,0.009932669401168824,0.004113435745239258,0.022980064153671268,0.0007231386214214759,0.0006753604628995807,0.0012413105239618167,1.946782098582805e-05,1.633310098931484e-05,3.4405129821508226e-05,3.146027500622646e-05,2.7716396282252073e-05,5.2769609147335034e-05,0.0007709348201751709,0.0006059408187866211,0.0016891658306121826,-6.492688019686409e-05,-9.137624507624619e-05,0.00019027781578443922,-0.017828082901888923,-0.023297563797258378,0.0441706996661486,14,36
grasp_close,orthogonal,0.25,50,0.004548671700984256,0.0034701302598327786,0.00750447154872821,0.01211775430120961,0.006827923268481251,0.023688024912828794,0.0037775704384565107,0.0035107215225947245,0.004936965556267052,0.00044038605576718673,0.00044255007951915135,0.0009076891131620434,0.010055898427963257,0.004219383001327515,0.023103404045104983,0.0007545726757324711,0.0006944926113557038,0.0012702740783209242,3.217772176502791e-05,2.4425849586017715e-05,6.575939130477109e-05,3.5648866838611445e-05,3.291688898309895e-05,5.5453599415602446e-05,0.0009198248386383057,0.0006331205368041992,0.0019925177097320558,-8.747003376101166e-05,-0.00012100502106933322,0.00017368363393797622,-0.02237316731968978,-0.028155917005619722,0.043748846074366764,11,39
grasp_close,orthogonal,0.5,50,0.004613725354154728,0.0035168409991956527,0.007629250103245088,0.012299663079119732,0.006849734827067463,0.024177405279083342,0.0037950937132822547,0.003564754886395928,0.0049117025257971545,0.00044404275815476663,0.00044488152132206424,0.0009155837128358913,0.010317983627319336,0.00441586971282959,0.023535037040710454,0.0008249502035631631,0.0007161847104870578,0.001297513054698749,6.037125189499975e-05,4.85135376513999e-05,0.00011290536320961652,4.569514268697446e-05,4.27419484860112e-05,6.628332458287795e-05,0.0011617302894592284,0.0007763504981994629,0.0022740244865417482,-0.00015252368693148403,-0.0001694718980761625,0.00015314233185653449,-0.036886539873373404,-0.04639192693632159,0.036123097227808335,9,41
grasp_close,orthogonal,0.75,50,0.0047212936550615845,0.0036197444720881115,0.007822930918664652,0.012590486629316288,0.006885263455864969,0.02490386956786906,0.0038197972870395057,0.0036268676957027027,0.004946318368401105,0.00044957275609197394,0.00044545629427209475,0.0009220760276403408,0.01070551633834839,0.004634946584701538,0.024272924661636358,0.0009479192175360716,0.0007637217028139167,0.0013833248068704002,9.300370863304428e-05,7.106374429012967e-05,0.00016604167471732166,5.8550711959294776e-05,5.448011200566848e-05,8.433892601792099e-05,0.0015203976631164551,0.0011025071144104004,0.0028743803501129154,-0.0002600919878383403,-0.00024634795921934876,9.021882304096791e-05,-0.06144071566868639,-0.06454585953768784,0.037461020396325366,8,42
grasp_close,orthogonal,1.0,50,0.004870135821028987,0.003752712504689541,0.00807956633704925,0.012984782242409685,0.006937594922228431,0.025756867694087634,0.003850413930823283,0.0036948122656570385,0.004959185626595816,0.00045699168182612195,0.0004323685481520737,0.0009300194587024934,0.011200958490371704,0.004909932613372803,0.02511077523231507,0.0011275179636579759,0.000949494433849852,0.0016266728397228674,0.0001288217540434889,0.00010019134762477057,0.00022679024786401207,7.352696270738962e-05,6.880087126580732e-05,0.00011230001097189109,0.001989320516586304,0.0014637410640716553,0.0038368284702301027,-0.0004089341538057426,-0.0003438943760030891,3.75312470105037e-06,-0.09575876895934679,-0.08984262482061545,0.0017539851720158352,5,45
grasp_close,orthogonal,1.5,50,0.005279226301294738,0.004108997409493081,0.008581613584203854,0.01402217637131985,0.007191132397341789,0.027711499558691156,0.0039233148677842635,0.003845028261438823,0.0050022507742821885,0.00047719711721050254,0.00044527608521497243,0.0009406981022443967,0.012446237802505493,0.005595743656158447,0.027091330289840697,0.0016413330181778985,0.0013203645092350236,0.002384086477382058,0.00020837960837598595,0.00015973550699556146,0.00036430572216714666,0.00010966999324076258,0.00010215065242409895,0.00019035477420072024,0.003168114423751831,0.0020941495895385742,0.006381756067276001,-0.0008180246340714942,-0.0006156329338196427,-0.0002298382018993012,-0.19136381855128984,-0.17880332813590502,-0.07548030658220731,3,47
grasp_close,random,-0.5,50,0.004594078385605169,0.003584107709922314,0.007787422163266362,0.01208391379345606,0.006867742999160816,0.024274080245421322,0.0037762564565183942,0.003571850015280302,0.004914418470752284,0.00044510308547998076,0.0004288082725492765,0.00091084383457391,0.01003153681755066,0.004131704568862915,0.023747813701629643,0.000791142193737808,0.000689010202648546,0.0012534147134302712,5.982451366284155e-05,5.345161945492645e-05,0.00010726186748729234,4.484551179206395e-05,4.288251967907036e-05,6.70441665421677e-05,0.0009171211719512939,0.000681459903717041,0.0017871141433715826,-0.0001328767183819247,-0.00017663175553288757,0.0001051329853404004,-0.04062981081453938,-0.05042534262452446,0.03848154841017126,11,39
grasp_close,random,0.0,50,0.004526128547420108,0.003473494322284401,0.00743119938333149,0.012042009621159809,0.006820825190724815,0.023511986835391793,0.0037678090129450088,0.0035069355687405443,0.004948665795717057,0.00043945904043978396,0.00044385230844223834,0.0008945201562688413,0.009932669401168824,0.004113435745239258,0.022980064153671268,0.0007231386214214759,0.0006753604628995807,0.0012413105239618167,1.946782098582805e-05,1.633310098931484e-05,3.4405129821508226e-05,3.146027500622646e-05,2.7716396282252073e-05,5.2769609147335034e-05,0.0007709348201751709,0.0006059408187866211,0.0016891658306121826,-6.492688019686409e-05,-9.137624507624619e-05,0.00019027781578443922,-0.017828082901888923,-0.023297563797258378,0.0441706996661486,14,36
grasp_close,random,0.25,50,0.0045545983821129185,0.0034645209884554117,0.007455471122100246,0.012183772299170632,0.006817499149638778,0.023474015725101452,0.003775828537356109,0.0034866884375132938,0.0049759392870830895,0.0004403090285794857,0.00045243206763561256,0.0008937446887624976,0.010093022584915162,0.004178136587142944,0.02294319272041321,0.0007443296615505231,0.0006721905303335668,0.0012679649454398242,3.0433815409584883e-05,2.4263235861048894e-05,5.006573605699122e-05,3.392816769280019e-05,3.055555298234257e-05,5.247000241985136e-05,0.0008673703670501709,0.0006560385227203369,0.0017910897731781006,-9.339671488967423e-05,-0.00010879082929793902,0.00017184360745118313,-0.020998413260603234,-0.03426456370457168,0.044196841717465754,11,39
grasp_close,random,0.5,50,0.004626583111491845,0.0035117123064699837,0.00754690803455894,0.01243029253229889,0.006820704282445471,0.023722431319280524,0.003791884685849012,0.00348277696027449,0.004984077843251477,0.00044363374654513585,0.00045713180800430956,0.0008981298312461724,0.01039381980895996,0.004338711500167847,0.023135197162628175,0.0008186409601697131,0.0007145560970053243,0.0013285315348301801,5.715900502662835e-05,4.5784927619457885e-05,0.0001081115883514627,4.172914109028955e-05,3.969468835829764e-05,6.49902974310916e-05,0.0011156558990478515,0.0007706284523010254,0.002047860622406006,-0.00016538144426860095,-0.00017200791078449303,0.0001925813720874769,-0.03450562818377137,-0.04496526972787408,0.05952368872426708,9,41
grasp_close,random,0.75,50,0.004742110849774109,0.0036302338973653505,0.007704523565642894,0.012771945619108833,0.006783504486168145,0.024150775884539313,0.003814745065039274,0.0035020408359726905,0.004999693481877186,0.00044914470531227176,0.00045744868949791466,0.0009031308312955654,0.010818289518356323,0.004569262266159058,0.02354736328125,0.0009524768705676595,0.0007808312718762222,0.0015197798867026063,8.854609311785958e-05,7.221322838249939e-05,0.00016803196811269105,5.298848809812549e-05,5.164529687114247e-05,7.58677182805352e-05,0.0014796173572540284,0.000990748405456543,0.002696359157562256,-0.0002809091825508648,-0.0002382542650160148,0.00013620911774034987,-0.058592770161055976,-0.070546839525786,0.044531977571506294,7,43
grasp_close,random,1.0,50,0.004900005979813272,0.0037214522050030016,0.007929136440661427,0.013203833065230536,0.00684525431715707,0.024692736178273087,0.00384309359438218,0.003525470187445099,0.005024014765462886,0.0004564700458248333,0.00046075077443517875,0.0008988509626289263,0.0113448965549469,0.0048542320728302,0.02414359450340271,0.0011449804464162701,0.000873990486148611,0.0018994822177087877,0.0001236765770586217,9.827089331800132e-05,0.00024828913013940544,6.722472260183367e-05,6.638297726970323e-05,9.966830163086628e-05,0.001967562437057495,0.0012739002704620361,0.003457266092300415,-0.0004388043125900278,-0.0003681000541061677,4.638147981650871e-05,-0.09272882052566354,-0.0995937331795099,0.016058527026366818,6,44
grasp_close,random,1.5,50,0.00532439019882146,0.003979298074540076,0.008529011621529437,0.014326126624932902,0.007270539680540674,0.02630175466386199,0.0039117654001617295,0.0035841118133540916,0.005088815759243456,0.00047627684152758484,0.00045785884443607066,0.0008768720601730364,0.012634446620941162,0.005564689636230469,0.025774145126342775,0.0016756639838501658,0.0013698837548176798,0.0028322706933196426,0.00020232272278040842,0.00016458322312756026,0.00042697431186783255,0.00010298515877620573,9.694868671772386e-05,0.00015339099497577234,0.003186395168304443,0.0018657445907592773,0.00578015446662903,-0.0008631885315982163,-0.0006636887535429621,-8.770524917874411e-05,-0.18712352015577627,-0.18168477292571716,-0.03803957201329136,4,46
grasp_close,real_to_sim,-0.5,50,0.008554935754010116,0.004824957681175947,0.015662753940159466,0.028249288833136214,0.009248328257374766,0.061658553020996064,0.005078397751682959,0.004881664411116147,0.006424571436350072,0.0006115015796296174,0.0006152891783946493,0.0011367957662127269,0.02555363893508911,0.006165057420730591,0.06139792203903199,0.004432396236070101,0.001774575987424949,0.008738683399924419,0.0013127798415472863,0.001223029956725556,0.001799753889713054,0.00018828581716120316,0.0001689877371025874,0.0002638127730941963,0.016002280712127684,0.002258807420730591,0.03796042203903199,-0.004093734086786872,-0.0015409150565389733,-0.0007262261853609575,-0.6005277679146487,-0.46647058582535833,-0.32623336162756034,0,50
grasp_close,real_to_sim,0.0,50,0.004526128547420108,0.003473494322284401,0.00743119938333149,0.012042009621159809,0.006820825190724815,0.023511986835391793,0.0037678090129450088,0.0035069355687405443,0.004948665795717057,0.00043945904043978396,0.00044385230844223834,0.0008945201562688413,0.009932669401168824,0.004113435745239258,0.022980064153671268,0.0007231386214214759,0.0006753604628995807,0.0012413105239618167,1.946782098582805e-05,1.633310098931484e-05,3.4405129821508226e-05,3.146027500622646e-05,2.7716396282252073e-05,5.2769609147335034e-05,0.0007709348201751709,0.0006059408187866211,0.0016891658306121826,-6.492688019686409e-05,-9.137624507624619e-05,0.00019027781578443922,-0.017828082901888923,-0.023297563797258378,0.0441706996661486,14,36
grasp_close,real_to_sim,0.25,50,0.003248756139921261,0.002725957632655933,0.0050243799045364915,0.007801584846791074,0.005322599789605748,0.014519965146696512,0.0030162268264504826,0.0027969727079292907,0.003999431060405906,0.000338480314403646,0.00034349835118944707,0.0007448356793141701,0.0061208951473236085,0.0031591057777404785,0.01395712494850159,0.0016588992379220039,0.0012782188960573106,0.0028394562327072317,0.0007496185133808658,0.0007008687086086376,0.0009794616026955866,0.00011152623149933766,0.00010169186596314486,0.0002065395688711874,0.004140630960464477,0.0016797780990600586,0.009730559587478638,0.0012124455273019826,0.0007108268968042566,0.0022858011372588294,0.22022937962042202,0.20217129610405682,0.31273171085607593,50,0
grasp_close,real_to_sim,0.5,50,0.0022154034299469967,0.0019366198747656357,0.0030969461224325187,0.004792676303855191,0.0036755639532279364,0.008154619867205467,0.0021070202794656752,0.0019996516399435,0.002756964788759604,0.0002251641277543652,0.00021758574638352718,0.00048514304858605857,0.003609951734542847,0.0020758211612701416,0.0076124012470245375,0.0026475479169435477,0.0017413580965542482,0.004678188219038957,0.0016588104364695768,0.0015168426311253788,0.002123346417111982,0.0002241563110250484,0.0002096136929859389,0.0004571326054150524,0.006651579141616821,0.002151578664779663,0.01595752239227295,0.0022457982372762475,0.0014594831859636953,0.004261655084613094,0.4390313859112561,0.4235149633161995,0.5745072450402716,50,0
grasp_close,real_to_sim,0.75,50,0.0013675948408333812,0.0011668961339074777,0.0018989583349707333,0.0025550459705426156,0.002266525694841361,0.0035313334371486114,0.0010635032855089827,0.0010111168089297503,0.0013497667627960243,0.0001159281942358587,9.906360458403359e-05,0.00021801775265996504,0.001866835355758667,0.0017825961112976074,0.0032049357891082765,0.0035888494018668014,0.0025777162182166694,0.0062140105489573005,0.002702306178780022,0.0024649484526275967,0.003519709575459529,0.0003349054879019393,0.000342652805902637,0.0006919006956573092,0.008397704362869263,0.0030054450035095215,0.020278072357177736,0.0030936068263898633,0.0022450381706200094,0.00594740218880879,0.6312083665287225,0.6584730862736785,0.7776514635896786,50,0
grasp_close,real_to_sim,1.0,50,0.0008207992677220659,0.0009338214029798978,0.0012007579963051118,0.001366644059555831,0.0015712570982114164,0.001962921587047156,1.9130282791842184e-05,1.741494221972125e-05,3.339016318354544e-05,4.383001592768364e-05,3.9662286285808794e-05,7.953025788670784e-05,0.0007251214981079102,0.0004616081714630127,0.0018071353435516358,0.0044807593199414795,0.0034540483001641274,0.00755318111843106,0.0037722925172085963,0.0035165043280549558,0.00501080822809863,0.0004324862235893418,0.0004374001121805538,0.0008989955195188319,0.009639911651611328,0.003842771053314209,0.023238611221313477,0.0036404023995011787,0.002835415645045601,0.006947891428927452,0.7545359624432405,0.7766911171905722,0.9195113639058924,50,0
grasp_close,real_to_sim,1.5,50,0.0020276414364709073,0.0020577443703146386,0.0026364630724490263,0.0032294175827259405,0.0030838437272386575,0.004207501793856521,0.002083936249289218,0.002080739419946747,0.002727256993416844,0.00016024921164586018,0.00012466475839860395,0.0003453583157046733,0.0017736148834228515,0.0014685094356536865,0.0034782409667968753,0.006117751085885368,0.005135463673942558,0.009713809486824102,0.005849549907261427,0.005593063985834005,0.007643970566977503,0.0005809929529187363,0.0005791567934846696,0.0012942974967885558,0.011305265426635742,0.005387753248214722,0.026555252075195313,0.0024335602307523365,0.001322102755828135,0.004927131987987626,0.4530930715892968,0.4304218564274377,0.6631600911080308,50,0
hold,orthogonal,-0.5,10,0.6833579591790585,0.7333773355764457,0.7721070841946035,0.851934143237847,0.8837402076233769,0.915674244541285,0.004501606036496288,0.004831438438312054,0.00522541602521338,0.015228631512836719,0.016155437567023753,0.0178021311692682,0.4181889593601227,0.4636223465204239,0.5117945253849029,0.008430521486964285,0.008437377944785635,0.011510072123371266,0.00012495402256380348,0.00013309248261462022,0.00016386996928230608,0.00029299800727825947,0.00026237576828612625,0.0005427132879311113,0.013199394941329956,0.014082551002502441,0.02455142736434936,0.0019526243016630307,0.001684789232424183,0.004215915138986467,0.002958137693971872,0.0030724919995414037,0.006348263343416333,7,3
hold,orthogonal,0.0,10,0.6850572708785438,0.7346839488370859,0.7756137436578815,0.8520803329449285,0.882234395804794,0.915480649532397,0.004472988557594789,0.004798627222425377,0.0051492037604986655,0.014948254777370818,0.015769125132002522,0.017497276620792233,0.4165211617946625,0.453702911734581,0.5338240265846252,0.0012048000288000897,0.0011694390873229319,0.0015426012133712326,1.7790911062860676e-05,1.6315560738809286e-05,2.8169262310349447e-05,3.882475261146877e-05,3.8814766120748545e-05,4.5920275101441634e-05,0.001490098237991333,0.0012511610984802246,0.002946379780769348,0.00025331260217786313,0.00033717097891888814,0.000871579248309251,0.00042356987856489363,0.0004445792496796066,0.0013282625309714003,6,4
hold,orthogonal,0.25,10,0.6831312560094704,0.7331108187472848,0.7736930758105528,0.8502994561356404,0.8802077728728369,0.9171470306578765,0.004445771206554999,0.004771113365732203,0.005138677973493433,0.014840729138604344,0.015610631562744393,0.017380835344894943,0.41310804933309553,0.44450731575489044,0.5275672554969788,0.00484134868717207,0.00471573319520926,0.006674849921210136,7.127671181084861e-05,6.799699161929922e-05,8.565900514916916e-05,0.00014061604546579376,0.00014618435713531968,0.00023801683440652236,0.008084847033023835,0.008725032210350037,0.013701978325843809,0.002179327471251086,0.002420675612446521,0.004109971037985881,0.0034591652351941534,0.0036876716859728037,0.008118787976998781,9,1
hold,orthogonal,0.5,10,0.679499051916224,0.7302452279966154,0.7703819845591139,0.8472770523367947,0.8773964329877074,0.9173945284875461,0.0044106911709931515,0.004737854464360812,0.005110133747994578,0.014754518117338527,0.015461996163927684,0.01727607212696046,0.40807901620864867,0.4327181279659271,0.5310324609279633,0.010031487232412935,0.009367954215119594,0.013200566250195299,0.0001452124274687695,0.00013578138166464048,0.0001916006958929718,0.0002506522712556017,0.00023406505591792263,0.0004504816275148725,0.01603257656097412,0.018398448824882507,0.02850706875324249,0.005811531564497574,0.006492709172455424,0.009657672913566537,0.009137902798993135,0.009421948932553303,0.017848312290958956,9,1
hold,orthogonal,0.75,10,0.6745592119195403,0.7263868304431904,0.7658837112154901,0.8433151978073947,0.8740220563717076,0.9165503218426635,0.0043705195317933964,0.004703296057199267,0.00503065113662861,0.014687781349655867,0.015331262571522048,0.017189142712439966,0.4017788082361221,0.41925570368766785,0.5328188240528107,0.01581670575558773,0.015559290594895192,0.019772115254121765,0.0002300470393148591,0.00022352661133423864,0.0003261651567501512,0.00035318792890948707,0.0003077562214019035,0.000633705783385911,0.024242529273033143,0.029492661356925964,0.04473504722118377,0.010751371561181427,0.011868575360571731,0.01664802389276969,0.016858661382402777,0.016654947834257625,0.02996077507972338,9,1
hold,orthogonal,1.0,10,0.6687464399967507,0.7218480370584693,0.7606960435693347,0.8386382451510203,0.8700407764302771,0.9153159627898961,0.004326792684807478,0.004670884577058856,0.004936952923110196,0.014638119645112357,0.015336044637142674,0.0171276783214697,0.3945647791028023,0.40476755797863007,0.5329156219959259,0.022027188382642875,0.022308167737462636,0.02662410760536155,0.00032574463344413313,0.00031892370400624266,0.0004776835683045578,0.00044720209539239814,0.00036485492132660156,0.0007901435728132318,0.03258291929960251,0.0399673730134964,0.06174453794956207,0.01656414348397085,0.0180688686688798,0.024550659464556097,0.02592258544513214,0.025665816043394796,0.04378889089730932,9,1
hold,orthogonal,1.5,10,0.6556003909695561,0.7116955387578526,0.7490512734628949,0.828614678714487,0.8608134575043573,0.9122830597412769,0.004238483995418664,0.004614942335684,0.004798634676226035,0.01456853067364502,0.015341526495375755,0.017053951032326545,0.37880564481019974,0.37575380504131317,0.5298867225646973,0.035626040892889135,0.03590243872358556,0.042038962216766416,0.0005395507653803931,0.000532258226424725,0.0008074941596809721,0.0006265359638444547,0.0004784783186943352,0.0011147007563331879,0.04991921633481979,0.05894620716571808,0.0952258288860321,0.02971019251116542,0.03172282776938429,0.04198450458790922,0.04633958681719164,0.046215978335001656,0.07505292217464411,9,1
hold,random,-0.5,10,0.6813225803807601,0.7319238169533329,0.7771837607808223,0.8466316374344265,0.8808363438152635,0.9134015417981455,0.004431548638112536,0.0047549973960322005,0.005179706919019067,0.01491957803288603,0.01603793175242762,0.017125228655337638,0.4138901695609093,0.45783378183841705,0.5303116202354431,0.007615593990804877,0.006813682401451375,0.011181390303208331,0.00016285827574861106,0.000179069340652354,0.00021232206412230396,0.00030328412752654934,0.0002880864242471856,0.000491394567582637,0.009875614941120148,0.008046090602874756,0.019029903411865234,0.003988003099961423,0.0017678130270099013,0.009837931443202526,0.007661619357870677,0.0026396259898683284,0.01567614207320214,7,3
hold,random,0.0,10,0.6850572708785438,0.7346839488370859,0.7756137436578815,0.8520803329449285,0.882234395804794,0.915480649532397,0.004472988557594789,0.004798627222425377,0.0051492037604986655,0.014948254777370818,0.015769125132002522,0.017497276620792233,0.4165211617946625,0.453702911734581,0.5338240265846252,0.0012048000288000897,0.0011694390873229319,0.0015426012133712326,1.7790911062860676e-05,1.6315560738809286e-05,2.8169262310349447e-05,3.882475261146877e-05,3.8814766120748545e-05,4.5920275101441634e-05,0.001490098237991333,0.0012511610984802246,0.002946379780769348,0.00025331260217786313,0.00033717097891888814,0.000871579248309251,0.00042356987856489363,0.0004445792496796066,0.0013282625309714003,6,4
hold,random,0.25,10,0.6842209445786339,0.7338888746174186,0.7728462599643919,0.8528281829546547,0.881747349148896,0.9144197784202087,0.004479861642305193,0.004810183466111674,0.005191642109475281,0.014991291612505966,0.015662396808610292,0.01771332136699011,0.4154154762625694,0.44743503630161285,0.5239919483661651,0.003877190104651503,0.0037436082338237944,0.005233087421591465,7.907158025482409e-05,7.267794767606292e-05,0.0001347041686763322,0.00014973288351946508,0.0001468091104190527,0.00023557883603374068,0.005825553834438324,0.006314530968666077,0.009946441650390624,0.0010896389020877417,0.0015261295728197233,0.0037963470166518243,0.001020753982576084,0.0019968984903940895,0.005183829134161818,7,3
hold,random,0.5,10,0.681668368127174,0.7316705095098565,0.7686840813230863,0.8523407086118917,0.8805419418082832,0.9118932975551868,0.0044794164470470434,0.004798607195387637,0.005097696053052533,0.015051537810576485,0.015568979599010085,0.01792735272264579,0.4126774981617928,0.43884947896003723,0.5234823942184448,0.008097404265145335,0.007688107174194166,0.009567640964942168,0.00015906734986331983,0.00014676311805852368,0.00023286265426092852,0.0002965866835967268,0.00029874583756782396,0.0004498643551501592,0.011020202934741975,0.011546701192855835,0.021051454544067382,0.0036422153535475067,0.005252682489505056,0.008511425035412213,0.004290757319732981,0.006948400953847102,0.012182045735086537,9,1
hold,random,0.75,10,0.6778578238726465,0.7283028013219314,0.763338074591419,0.850873176588203,0.8786438819624556,0.9079706562698565,0.0044750325164889014,0.0047222643845331,0.005174517941512437,0.01512829471616398,0.01549020582993451,0.01815188247753555,0.40874240845441817,0.42876072227954865,0.5218786895275116,0.013098701038968378,0.013303435545729334,0.015047306898190067,0.0002478790097341067,0.00022100386232772848,0.00032439946635790814,0.00044222680673024407,0.0004651202305308641,0.0006709782509444201,0.016850720345973968,0.0167391300201416,0.03352076113224029,0.007452759608074988,0.01025269498983683,0.014388763126733638,0.0095086850803921,0.013590857089925114,0.021098114820040505,9,1
hold,random,1.0,10,0.6732135775503284,0.724190447770702,0.757075102367491,0.8487283946470068,0.8763548664668706,0.9037597509714764,0.004464683244529631,0.004638464129488262,0.005239904838573603,0.015211098107345953,0.015421774492224018,0.018380293126250093,0.40380563735961916,0.42161925137043,0.5201406896114349,0.01862130158376518,0.01880352290283702,0.021453858922188113,0.00034651077660869187,0.0003123734156621708,0.00044756786178299745,0.000583591470722417,0.0006313253343618696,0.0008748676961061172,0.023424631357192992,0.02167440950870514,0.04672388434410095,0.01209700593039309,0.01617622269122948,0.02115142251433404,0.01600363587483896,0.02133279574204511,0.03115459800696414,9,1
hold,random,1.5,10,0.6624551869190041,0.7145139258353701,0.7427160260876362,0.8430476088148395,0.8702242643494563,0.895198710795836,0.004436362324242176,0.004547180754418845,0.0053287900507813695,0.015370817731841985,0.01560121674467856,0.018843627955810797,0.3922112211585045,0.4062344878911972,0.518732088804245,0.030718352983200185,0.03247304314196398,0.03638530173310819,0.000561269558620174,0.0005101894780265333,0.0007054342937630587,0.0008510473413790149,0.0009189518949225032,0.0013344989463452133,0.03752050250768661,0.032022252678871155,0.07420286834239959,0.02285539656171734,0.029181676711072135,0.03629873326633086,0.031217451127948204,0.038526503648334,0.05334864940838671,9,1
hold,real_to_sim,-0.5,10,0.8828411076496323,0.9221409523436106,0.9579125709541257,0.9476035909803334,0.9510645056762461,0.9874367594610863,0.006509829806193369,0.006662795207275352,0.007653255743140783,0.02043476409605081,0.020927795611155202,0.023667048565436992,0.7828827977180481,0.8639896512031555,0.8900987803936005,0.19756476593531247,0.18633966309520472,0.26689388332159275,0.0020495591205460383,0.001891736129236832,0.0024700943794721346,0.005485205468573907,0.005291137445879543,0.006182458565586596,0.3652131199836731,0.3767584264278412,0.4087033271789551,-0.19753052416891084,-0.18627300223103838,-0.15701663161221618,-0.31998948593931786,-0.2468484291992184,-0.20087683054824224,0,10
hold,real_to_sim,0.0,10,0.6850572708785438,0.7346839488370859,0.7756137436578815,0.8520803329449285,0.882234395804794,0.915480649532397,0.004472988557594789,0.004798627222425377,0.0051492037604986655,0.014948254777370818,0.015769125132002522,0.017497276620792233,0.4165211617946625,0.453702911734581,0.5338240265846252,0.0012048000288000897,0.0011694390873229319,0.0015426012133712326,1.7790911062860676e-05,1.6315560738809286e-05,2.8169262310349447e-05,3.882475261146877e-05,3.8814766120748545e-05,4.5920275101441634e-05,0.001490098237991333,0.0012511610984802246,0.002946379780769348,0.00025331260217786313,0.00033717097891888814,0.000871579248309251,0.00042356987856489363,0.0004445792496796066,0.0013282625309714003,6,4
hold,real_to_sim,0.25,10,0.4687594898698387,0.5115961908203183,0.5835719866961393,0.6743532704835993,0.6963251158390007,0.8100332046297372,0.0032553993785282066,0.003514155303506585,0.003730935803417917,0.011054221214529415,0.011718916177585598,0.01282051219542474,0.2006945714354515,0.20226040482521057,0.27794567346572874,0.21658390622763696,0.19703750944871515,0.3331300142912036,0.0012212278673153767,0.0012810157877078854,0.001482801698717913,0.0039067848870348075,0.004058920481777247,0.004669349555133724,0.2169751062989235,0.2484092116355896,0.26619026958942416,0.21655109361088282,0.19701358566738958,0.333058932482372,0.3195641831346231,0.29203457860383863,0.431561730717698,10,0
hold,real_to_sim,0.5,10,0.22843302323454936,0.26488044068114786,0.3152574419827746,0.3808275871043711,0.4137405055719311,0.5340982294638014,0.002037761593901487,0.002202098771850843,0.002332927005863201,0.00705619852602128,0.007512277233404042,0.008061362618158648,0.07018632777035236,0.06770516559481621,0.0992276482284069,0.45698586546441106,0.45215679477140075,0.6449463774063544,0.0024387173266675393,0.002591726710816606,0.0028867994750038715,0.007905432581928433,0.008265784415391058,0.00942926385472107,0.34748334996402264,0.38989926874637604,0.4356868788599968,0.4568775602461722,0.4520879597773081,0.6446456316344812,0.6672986298070127,0.6334588174380401,0.8353043664472394,10,0
hold,real_to_sim,0.75,10,0.06659017584245167,0.07900591289880861,0.09676923978149378,0.11920768377694342,0.13215624670918902,0.1757568893355353,0.0009373381518909804,0.0010126938806882754,0.0010718488556872895,0.0033009531229509477,0.0035259550179197255,0.003708764661702435,0.017951181158423424,0.017380857840180397,0.024210130423307417,0.6188722532769902,0.6507631700964036,0.7475122743633811,0.00353850326899056,0.0037751194370066908,0.004114149967657286,0.011659792581882676,0.012251250934506117,0.013778920190192171,0.3997184965759516,0.43958457838743925,0.5084710486233235,0.61872040763827,0.6506639914340975,0.7470760914017035,0.9020940562439421,0.8906760201318755,0.9680312822763738,10,0
hold,real_to_sim,1.0,10,0.000191654128693076,0.0002155975706086002,0.00029128759805546804,0.00037895583503416285,0.000356225222969446,0.0005392512991715454,2.081954746117452e-05,1.9353040148711703e-05,2.8460292949919374e-05,3.994111438197046e-05,3.696453237397962e-05,7.119020477922284e-05,0.00011571785435080529,9.73348505795002e-05,0.00021997680887579917,0.6853561747467529,0.7341002326971958,0.7761522205559389,0.0044757230498583805,0.004797609775553354,0.005172957202688049,0.014973494468292164,0.01578068680397083,0.01751550966180016,0.41778320139274,0.4559444156475365,0.5361968148499727,0.6851189293520286,0.733849401797768,0.7758753847397419,0.9996964224177078,0.9997016436927532,0.9998807349725839,10,0
hold,real_to_sim,1.5,10,0.0217335796324055,0.022676912616725012,0.028913457063515426,0.03486959581604398,0.036741205592119144,0.050174529156267744,0.0013907039511249048,0.0014935629632376896,0.0015451232261067425,0.0051986557827216895,0.005571651356104185,0.005779619641812549,0.008783383632544429,0.008643854293040931,0.010003943485207854,0.7059024180776154,0.7600689085405384,0.8027713451009533,0.005846354085023231,0.006279095430395572,0.006702055109121008,0.020153344993782664,0.021315172979605987,0.02324856083748779,0.4264530613669194,0.46340242959558964,0.5459780645789578,0.6635770038483162,0.7077024191107597,0.7609738671223448,0.9666312413171246,0.9644163523204605,0.9860315685021286,10,0
lift,orthogonal,-0.5,40,0.0032270759960534175,0.0029405418217021617,0.00454823315161655,0.006345450873181588,0.005980450239790587,0.009294991392017282,0.0031532560034935792,0.003209925158426944,0.005446882473962434,0.00024134780707551554,0.00021762386792570587,0.0004160685566188574,0.004388585686683655,0.0031730234622955322,0.008999770879745484,0.0010200322462829412,0.0010244722789446371,0.0013525102120591122,7.018752192895746e-05,6.21814873968541e-05,0.00013622307766658908,4.8641280718632554e-05,4.2188842399031265e-05,7.629624663390708e-05,0.0011628717184066772,0.0011627376079559326,0.0018951773643493654,-0.00015823777631298447,-0.00018836826222703757,0.00018332496199419042,-0.08260385664577455,-0.06291416793582129,0.039738091830512905,13,27
lift,orthogonal,0.0,40,0.0031831156068414706,0.002914872175016144,0.004741038911825438,0.006319587943362262,0.005974192143231636,0.009286843077095961,0.003128458188562517,0.003230897773097356,0.005356538885179978,0.00023606847591513616,0.00020968871248429316,0.0004014865400169041,0.004381638765335083,0.0034401416778564453,0.008902418613433839,0.0009420015556049647,0.0009809526259533738,0.0012923110484423042,1.7752968014233047e-05,1.653360860461275e-05,3.158223479166939e-05,3.7535052819127096e-05,2.8910046883392472e-05,6.617255207996873e-05,0.0010647714138031007,0.001150667667388916,0.0017908155918121339,-0.00011427738710103646,-0.00012908827480225937,0.00011993271658717491,-0.0642776605164532,-0.04008826350988848,0.03598180874115486,11,29
lift,orthogonal,0.25,40,0.0031999812216731475,0.0029282505862864667,0.004750719584570771,0.00635429091924441,0.00594800461792991,0.009865719043760069,0.0031223533516373187,0.003256051750839248,0.005331699597834344,0.00023695225678520656,0.00021775777396655375,0.0004049018571959794,0.004432666301727295,0.00366818904876709,0.009011471271514892,0.0009424172988434888,0.000988704362184283,0.0013037045133368168,3.5663379020457144e-05,2.6289427122556662e-05,7.100872729593784e-05,3.7838532128368095e-05,3.235198274237949e-05,6.368558877946038e-05,0.0010563671588897706,0.0012013018131256104,0.0018049240112304687,-0.00013114300193271363,-0.0001568014567298727,0.00010718016882747242,-0.0701650091549864,-0.0539867761412539,0.03733932003256926,10,30
lift,orthogonal,0.5,40,0.0032444329029877707,0.0029515988114732516,0.004713101361591049,0.006422286215243348,0.005949102582999883,0.010658144567440627,0.003120984375678101,0.0032934375241065648,0.0053179270170403345,0.000240247407595672,0.00022259109136131214,0.0004105785375770027,0.0045439466834068295,0.003823578357696533,0.009289628267288208,0.0009765911213848969,0.001056465614504543,0.0013199829645493021,6.782446907082303e-05,6.381863386526567e-05,0.0001229705656676774,4.230631806872914e-05,3.92032821071897e-05,6.195631322788039e-05,0.0011067941784858703,0.0011118650436401367,0.0019505023956298828,-0.00017559468324733653,-0.00019183639638778254,8.306510817412191e-05,-0.08681827512572998,-0.06167934279677405,0.027836384708321314,7,33
lift,orthogonal,0.75,40,0.003317086856609204,0.002996218626531912,0.0047687253763790734,0.006532697952037517,0.005955805068616346,0.01087564701358025,0.003123834641807194,0.003341500134647739,0.005321739736945709,0.00024602661700819095,0.00022939707965280855,0.0004183724503890256,0.004709970951080322,0.003913611173629761,0.009628194570541383,0.0010486420911794503,0.0011383287262407159,0.00139472104836931,0.000103487502842097,9.344060522219811e-05,0.0001892909363040791,5.0966489858215894e-05,4.5209737495864976e-05,7.697318708408538e-05,0.0012255221605300902,0.001140505075454712,0.002125811576843262,-0.00024824863686876976,-0.00025753864098807173,7.965102666638018e-05,-0.1143306448910466,-0.07568252964851988,0.0169790513192963,6,34
lift,orthogonal,1.0,40,0.003415917996888168,0.00309728266497204,0.004865822381518648,0.006685817950402008,0.005780102049029132,0.011169012580993011,0.0031332479528209667,0.0033971117333651945,0.005323814890040334,0.00025452075679580684,0.0002422381783902701,0.000429932225546073,0.004913243651390076,0.00385931134223938,0.01006341576576233,0.001157510867508988,0.0011951565205411863,0.0014995567214189632,0.00014195258052371678,0.00012450138657418928,0.0002730936564722495,6.326030864651944e-05,5.68198529941715e-05,9.411324316615947e-05,0.001392441987991333,0.0011069178581237793,0.0024752557277679444,-0.00034707977714773465,-0.0003767821731044329,-3.105792204695239e-05,-0.1517610521791603,-0.09732077488297916,-0.0042935766877643024,4,36
lift,orthogonal,1.5,40,0.0036811562238206453,0.0033968527808102707,0.005393976364200259,0.007109633727842729,0.006065865468139768,0.011920499877358083,0.0031670553569673036,0.0035239177906724343,0.005247914306755123,0.00028010531803971533,0.00026636615916942035,0.0004644068045862654,0.005403526127338409,0.004136562347412109,0.011089670658111572,0.001479604846207352,0.0015326988423919035,0.001962714040665096,0.00022566357364458238,0.00017077501518094127,0.00044451312344924584,9.866690385283799e-05,9.39637181030289e-05,0.00014161024298140756,0.0018417641520500183,0.0016615688800811768,0.0033065080642700195,-0.000612318004080212,-0.0006433365483716866,-0.00012618873552860653,-0.25193163044544536,-0.20094074565073863,-0.04262413969913177,3,37
lift,random,-0.5,40,0.0032358580634447133,0.003010668935044057,0.004597950912833309,0.006425784075114162,0.006016111926338627,0.009156226519188179,0.003140082598309943,0.0032791737766378983,0.005428882540866635,0.00023874351514720514,0.00022057652702770424,0.0004113277393394034,0.004501470923423767,0.00343477725982666,0.00878713130950928,0.0009745149239113998,0.000941056901427488,0.001326257957989693,5.616821512192035e-05,4.5634467815228745e-05,0.0001184193051973374,4.7089645438188785e-05,3.975146368677837e-05,7.443523823877357e-05,0.0010997295379638673,0.0012454688549041748,0.001866734027862549,-0.0001670198437042788,-0.0001575876338013281,7.174901445163318e-05,-0.08311377472475787,-0.06031739662364084,0.01648603589591522,8,32
lift,random,0.0,40,0.0031831156114431386,0.002914872175016144,0.004741039077485496,0.006319587948780099,0.005974192143231636,0.009286843077095961,0.003128458219508713,0.003230897773097356,0.005356538885179978,0.00023606848716982423,0.00020968871248429316,0.0004014865400169041,0.004381638765335083,0.0034401416778564453,0.008902418613433839,0.0009420015557502033,0.0009809526259533738,0.0012923110484423042,1.7752939264521516e-05,1.653360860461275e-05,3.158223479166939e-05,3.7535146150989516e-05,2.8910046883392472e-05,6.617255207996873e-05,0.0010647714138031007,0.001150667667388916,0.0017908155918121339,-0.00011427739170270478,-0.00012908827480225937,0.00011993271658717491,-0.06427766146659622,-0.04008826350988848,0.03598180874115486,11,29
lift,random,0.25,40,0.0031962555331971993,0.002904606119984837,0.0046535444223562445,0.006319476717668712,0.005953079669959359,0.0094366451215582,0.0031284616182704673,0.0032299961203568596,0.005339699744876526,0.00023833646981561888,0.0002114323071528509,0.0004001116704545914,0.004376214742660522,0.003513842821121216,0.009020709991455078,0.000967239092012332,0.0009887585636036123,0.0013274074176570828,3.170502493971661e-05,2.4959838333611646e-05,5.7367342816245926e-05,3.8860710750635305e-05,3.1686913494805896e-05,6.83583843799531e-05,0.0010787039995193482,0.0012007057666778564,0.0017136693000793458,-0.00012741731345676584,-0.00013814239688805536,0.0001490022153498742,-0.07013149832366639,-0.049381600210883225,0.04502829585921421,10,30
lift,random,0.5,40,0.003235196549295883,0.002918790135525059,0.004532080007753788,0.0063496762712912935,0.005934564915380911,0.0097806257698644,0.003132349462361711,0.003244948189923715,0.005397054287332802,0.00024314525871030126,0.0002148108003837485,0.0004014038952473436,0.004410059750080108,0.0034900903701782227,0.009080559015274048,0.0010173372531332397,0.0010625184989920267,0.0013943141307662947,5.8252190518792336e-05,5.017766149903583e-05,0.00011061111062973629,4.457722967288233e-05,4.1314506342488396e-05,7.022363102554076e-05,0.00111093670129776,0.001239180564880371,0.0018830180168151855,-0.0001663583295554492,-0.00018540347785674875,0.00014670339224408694,-0.0859193303057109,-0.06240523914858051,0.04811828708239523,10,30
lift,random,0.75,40,0.003299738995425501,0.00292065575357408,0.004706407264524351,0.006408276497803944,0.005921084029731022,0.009992771297628492,0.003139910168599506,0.003270723024496054,0.005461303058587129,0.0002503909349210732,0.00022729166120323782,0.0004069738337678472,0.004494884610176086,0.003399461507797241,0.009180986881256103,0.0011001747794945383,0.0011790896128141839,0.0015292849582551633,9.14050431655435e-05,7.881530368089968e-05,0.00015201392741012325,5.444285623703953e-05,5.0442711827985366e-05,7.98946297184542e-05,0.0011833161115646362,0.001223534345626831,0.0021225929260253905,-0.00023090077568506737,-0.0002635526011825688,0.00011229373428238239,-0.11152351277640622,-0.0851492303934453,0.037110240978403666,9,31
lift,random,1.0,40,0.00338999006815019,0.003005309136688638,0.004884139532167469,0.006515635600817961,0.005843977048599675,0.010046720740201014,0.003149962617854206,0.0033023094539767085,0.005531365345701745,0.00026001626997011144,0.00023094359128712799,0.0004168608389640166,0.004616351425647735,0.0031964778900146484,0.00912996530532837,0.0012184579179723635,0.0012651227575157826,0.0016042598705344447,0.00012968773685359002,0.00011113803148048954,0.0002260172040867197,6.784097061040867e-05,6.232988373517212e-05,9.780883417940994e-05,0.0012911871075630189,0.0011201202869415283,0.0024194419384002686,-0.00032115184840975634,-0.0003275565634066873,8.760581467268745e-05,-0.1468414633423522,-0.11375373499493277,0.03587269486198883,8,32
lift,random,1.5,40,0.003646728193530297,0.0033063203013614225,0.005406609224218183,0.006871563893625268,0.005923025461748732,0.010301728364049976,0.003179076055475681,0.003379195345237688,0.005681564662466501,0.0002867370363707207,0.00025218705208244124,0.00045884070122036527,0.0049650296568870544,0.0033385753631591797,0.00902611017227173,0.0015636686340812344,0.0016329966074084233,0.002155965114124009,0.00021572385160767825,0.00017928160563974148,0.00038554078657703335,0.00010303386276213898,9.392098201993062e-05,0.0001578443275204604,0.0016329482197761536,0.001185387372970581,0.0034364283084869387,-0.0005778899737898635,-0.0005133389696020073,-8.358886104609017e-05,-0.24579733647222907,-0.21920167191203815,-0.017518580665869452,3,37
lift,real_to_sim,-0.5,40,0.0047960396728578564,0.00395423600606911,0.006176023531458568,0.010943025249062571,0.008098869936848323,0.01586682508881902,0.004355266981551542,0.004648186790450897,0.0075378166624679895,0.00035132313148547085,0.00030642599626929306,0.0005945508723562122,0.008370661735534668,0.004707694053649902,0.015158534049987803,0.00211887463650214,0.0016358341809138907,0.0030960699170589764,0.0012309506266763206,0.0012460505726710046,0.0021435824326906322,0.00013257548753305035,0.00011628153644546352,0.00022229979993449602,0.0045250535011291506,0.001931607723236084,0.008061432838439951,-0.0017272014531174227,-0.001288110917797826,-0.0007282532937801769,-0.531265495605907,-0.48402222666109596,-0.24175266133244788,0,40
lift,real_to_sim,0.0,40,0.003183115613822924,0.002914872175016144,0.004741039163157769,0.006319587948780099,0.005974192143231636,0.009286843077095961,0.003128458219508713,0.003230897773097356,0.005356538885179978,0.00023606848716982423,0.00020968871248429316,0.0004014865400169041,0.004381638765335083,0.0034401416778564453,0.008902418613433839,0.0009420015575334463,0.0009809526259533738,0.0012923110484423042,1.7752939264521516e-05,1.653360860461275e-05,3.158223479166939e-05,3.7535146150989516e-05,2.8910046883392472e-05,6.617255207996873e-05,0.0010647714138031007,0.001150667667388916,0.0017908155918121339,-0.00011427739408249011,-0.00012908827480225937,0.00011993271658717491,-0.0642776619579694,-0.04008826350988848,0.03598180874115486,11,29
lift,real_to_sim,0.25,40,0.002523978970171182,0.0023639249423892377,0.0038738588967764664,0.004696354856089084,0.004622379598260364,0.006978775782560508,0.0024118548405661997,0.002517741344780002,0.004084474740053259,0.00017425081642405367,0.00015267391202793606,0.0003010542355925081,0.0031950920820236206,0.0025772154331207275,0.006304931640625002,0.0012817650207683643,0.0012151991085884853,0.0015590495003363486,0.0007178553979436834,0.0007281349992144635,0.0013229936251031753,7.990589060049975e-05,7.894812081186982e-05,0.00012356350987824846,0.0016075700521469116,0.0013290345668792725,0.0024901390075683593,0.0005448592495692513,0.0004761198995245513,0.0010575699175697606,0.14257417777103099,0.16016155551817768,0.2602664567567803,37,3
lift,real_to_sim,0.5,40,0.00192359939293509,0.0017801436417658428,0.002802165450673895,0.003268016805445844,0.002880862651323285,0.004762071763794456,0.0016254311020296008,0.0017204701307965333,0.002650688078635956,0.00011709622525095412,0.00010182961632401113,0.00019343544911487557,0.002218802273273468,0.0018935203552246094,0.004426592588424682,0.0018625124497474873,0.0016923626574620956,0.0022885835975259097,0.001505912102240254,0.0015774835626180606,0.0026433198186213655,0.00013957315521773394,0.00011879188733636501,0.00024138129264773936,0.0025177761912345887,0.001682877540588379,0.004470634460449219,0.0011452388268053436,0.0009783780680149303,0.001839485333546558,0.3351800566996771,0.34544617873383426,0.469352265315394,39,1
lift,real_to_sim,0.75,40,0.0014087010775260494,0.0014141642859993677,0.0019219839425108486,0.002098238342877564,0.001977876278255758,0.002688623916083344,0.0008071503397798947,0.0008597008147655107,0.001296120742989026,7.326521699693087e-05,6.498938462756413e-05,0.00010588980760973689,0.0013656198978424072,0.0012582838535308838,0.0023020446300506593,0.0025148776655261823,0.0022612937273359087,0.003211106165646078,0.0023246270079005536,0.0024683681558873216,0.004063230421063908,0.0001890750001488859,0.00016475109227311475,0.0003101183521453185,0.0033494770526885987,0.0027280449867248535,0.0063781201839447025,0.0016601371422143845,0.0013627499733777709,0.002750898117428503,0.4996740490407786,0.5143215791866262,0.6881487055835145,40,0
lift,real_to_sim,1.0,40,0.001110228192255356,0.0011416908666948586,0.0014715563226696765,0.0016356612357151727,0.0017047132951164587,0.001991901030007523,1.8630980230472614e-05,1.4145522082459822e-05,3.413617862410431e-05,5.1075334226845955e-05,4.660902764285308e-05,7.937658147855855e-05,0.0007774099707603454,0.0006886422634124756,0.0016960263252258302,0.003214127162174579,0.00296985771072624,0.004700136691386579,0.0031363775851800764,0.003246123022978243,0.005332823282073164,0.00022713869817531652,0.0001999274521083874,0.00039247068867495275,0.004182960093021393,0.0034430623054504395,0.0077961206436157225,0.0019586100274850775,0.0016733583309336674,0.0034225766760644935,0.5844712381184348,0.5978603780116495,0.8056526110131904,40,0
lift,real_to_sim,1.5,40,0.0021302476402332853,0.001942506588529046,0.0026771853951397567,0.0034282526576920325,0.0028309302474988007,0.006704770834535145,0.0015942808853531749,0.0016488284190702006,0.002608920345999207,9.084688326917059e-05,8.378853926116183e-05,0.0001603660304604782,0.0020920395851135253,0.0012776553630828857,0.006457072496414184,0.004782855604937771,0.004486129835289976,0.006274030543781223,0.004716354977106399,0.004954080323868187,0.007715245886123823,0.00028655673608357076,0.00024705714545245647,0.0005079823302178524,0.006110033392906189,0.004835218191146851,0.01443670988082886,0.0009385905795071486,0.0009350597577613578,0.0023439383270938696,0.22991753549304167,0.34038252431118476,0.6533741675915615,27,13
