episode_id,direction,alpha,count,gap_to_sim_chunk_mean_l2_mean,gap_to_sim_chunk_mean_l2_p50,gap_to_sim_chunk_mean_l2_p90,gap_to_sim_chunk_max_l2_mean,gap_to_sim_chunk_max_l2_p50,gap_to_sim_chunk_max_l2_p90,gap_to_sim_first_translation_l2_mean,gap_to_sim_first_translation_l2_p50,gap_to_sim_first_translation_l2_p90,gap_to_sim_first_rotation_l2_mean,gap_to_sim_first_rotation_l2_p50,gap_to_sim_first_rotation_l2_p90,gap_to_sim_first_gripper_abs_mean,gap_to_sim_first_gripper_abs_p50,gap_to_sim_first_gripper_abs_p90,change_from_real_chunk_mean_l2_mean,change_from_real_chunk_mean_l2_p50,change_from_real_chunk_mean_l2_p90,change_from_real_first_translation_l2_mean,change_from_real_first_translation_l2_p50,change_from_real_first_translation_l2_p90,change_from_real_first_rotation_l2_mean,change_from_real_first_rotation_l2_p50,change_from_real_first_rotation_l2_p90,change_from_real_first_gripper_abs_mean,change_from_real_first_gripper_abs_p50,change_from_real_first_gripper_abs_p90,gap_reduction_chunk_mean_l2_mean,gap_reduction_chunk_mean_l2_p50,gap_reduction_chunk_mean_l2_p90,gap_reduction_ratio_chunk_mean_l2_mean,gap_reduction_ratio_chunk_mean_l2_p50,gap_reduction_ratio_chunk_mean_l2_p90,improved_count,worsened_count
episode_000001,orthogonal,-0.5,46,0.31468133649589236,0.4148940389757627,0.713452788140314,0.4246382490068468,0.6034980184390906,0.8735743079725049,0.003933659543200129,0.004102523256029082,0.005337772470641886,0.0049769823884646906,0.0028512899439908797,0.011032704854969794,0.2584274388525797,0.189712293446064,0.6039358973503113,0.0034466902950804792,0.0014252317843708256,0.008258782089669441,9.493346988775457e-05,8.93090066085109e-05,0.00014153618340472342,0.00015966951633743676,8.845049577932328e-05,0.000352791864772571,0.004103064860986627,0.0014111250638961792,0.010027743875980377,0.001098311445612622,0.00011570436147501084,0.0038876430908949267,-0.009865498935772566,0.0008268890132066477,0.009197331465142266,27,19
episode_000001,orthogonal,0.0,46,0.3157841033109578,0.41578371551346327,0.712479907424743,0.4254966921430917,0.6122023672387225,0.8741044501821946,0.003958902014368215,0.004071466018385627,0.005302733139662313,0.0049345465297964105,0.0028871595957978237,0.010822555463310325,0.2600050377457038,0.19497516751289368,0.6084723174571991,0.001017344423639513,0.0009787932022998816,0.0016138803496254727,1.975149258137803e-05,1.4825388775592355e-05,3.63590577176205e-05,4.426301448617231e-05,3.902851573944515e-05,7.376868019025803e-05,0.0011113626153572745,0.0008387491106987,0.0022935420274734497,-4.4553694527394965e-06,-5.628606026018791e-06,0.0005621047558458381,-0.003303568629204545,-0.00011594762605611092,0.006130026952393078,22,24
episode_000001,orthogonal,0.25,46,0.31517788787882134,0.4126798885664483,0.70938184271338,0.4251646153080473,0.6152313670595912,0.8773584611555509,0.003966091714419339,0.004068033061773094,0.005307831504762757,0.004925660583237894,0.002914975014127688,0.010834089778752332,0.25966753907825635,0.19682756066322327,0.6080891788005829,0.002113161337404044,0.00170915024024629,0.004437823611877108,4.644910092802446e-05,4.479119899317347e-05,7.368243325119779e-05,9.143206666319951e-05,6.340440946756267e-05,0.00019063318347031983,0.0025818671869195027,0.001510903239250183,0.005919754505157471,0.0006017600626836717,0.00010055361152809614,0.002462150408185343,-0.003566603843470869,0.001036791347608649,0.010889091660591793,27,19
episode_000001,orthogonal,0.5,46,0.31383555072034514,0.4077327821734497,0.7062660450965392,0.4241345189617124,0.6114468524334086,0.8789116448484324,0.003970001486934885,0.0040649317568563804,0.005326349710196928,0.004926080722246246,0.0029399857154975796,0.010962352738404086,0.2586170813959578,0.19809694588184357,0.6054064929485321,0.0039830147263121155,0.0025615143675277643,0.009730131734672083,8.654554323784126e-05,8.789684422356794e-05,0.00014634153485568912,0.0001596438348469589,8.988879467281412e-05,0.0003322015810316686,0.004459855025229247,0.001632094383239746,0.009912282228469849,0.0019440972211598854,0.00019659580145127767,0.006136420504716161,-0.006267371470918426,0.0024436309063358844,0.016674500114493344,27,19
episode_000001,orthogonal,0.75,46,0.31192867802480573,0.4015062827085407,0.7019378349317533,0.42254311617678064,0.606502537439545,0.8796517220502607,0.003971027414241162,0.004089465609241049,0.005360184987669828,0.0049302684708542235,0.0029663401490700203,0.010953378249938278,0.25697719370541366,0.19870565086603165,0.6010191440582275,0.006254432873743695,0.004016846866885306,0.015080985571035354,0.00013410570393579643,0.00013472733732845717,0.00023538225963333134,0.00023271445095434434,0.00010729294227910702,0.0005016036566648889,0.006548968670160874,0.002490222454071045,0.016344010829925537,0.0038509699166992396,0.0007563170881906001,0.011105486399393183,-0.011689173647975256,0.003870385084666473,0.023565565693893724,30,16
episode_000001,orthogonal,1.0,46,0.3096282483757456,0.39433618946027466,0.6967754319364344,0.42052437815392496,0.6005221750007377,0.879889207671543,0.00397095103498685,0.004070924259411881,0.005406360984177754,0.004938116202356333,0.002993488566129254,0.010948132162372334,0.25488062818413193,0.1989106982946396,0.5954186022281647,0.008779281451374268,0.00589927497907731,0.020690159977867266,0.00018931705062922064,0.00019198275598252695,0.00034269169022794826,0.0003063692374516643,0.00014382299988675683,0.0006696183504006074,0.008834315058977707,0.002943955361843109,0.024194151163101196,0.006151399565759404,0.0022774187079119823,0.016838686598390662,-0.019939735656748604,0.006321189929024532,0.035335770706325875,29,17
episode_000001,orthogonal,1.5,46,0.304339809885444,0.37857974190799054,0.6851071562325725,0.41574889438465545,0.586585185992198,0.8809802450154651,0.003965658565127194,0.003987300546184065,0.005517815368638819,0.004958530034711836,0.0030350453009960407,0.010951086248889103,0.2498558393639067,0.1984938681125641,0.5815729200839996,0.014468373674302535,0.010828151983181964,0.03428261478330142,0.00031958258454816395,0.0003074720020470502,0.0005593835253350666,0.0004487991793091197,0.0002276753179205478,0.0009781846492694433,0.014272867661455402,0.004184633493423462,0.03868591785430908,0.011439838056061056,0.007121991007549122,0.029553233457654315,-0.04415910043659825,0.014784111102447386,0.06109491719966713,29,17
episode_000001,random,-0.5,46,0.3137704005709941,0.40047964509402223,0.7102327977214298,0.42281216546275624,0.6020291003161455,0.8721703001014308,0.003941030255087599,0.004010979560970518,0.005379653259871929,0.004924830895927485,0.0028195572474222228,0.010851048639334736,0.2567312377302543,0.19051294028759003,0.6031716763973236,0.0046257425441966074,0.0032572795670259887,0.01124084010413717,0.00010479566363251968,8.169742214839164e-05,0.0001956913797515537,0.00016182095645692288,7.950936962507905e-05,0.0003968639209611361,0.006613676638706871,0.0020882487297058105,0.017538219690322876,0.002009247370510959,0.00018031661457631283,0.007511320491338819,-0.006322517004350159,0.001555824914113949,0.01772159050461633,27,19
episode_000001,random,0.0,46,0.3157841033109578,0.41578371551346327,0.712479907424743,0.4254966921430917,0.6122023672387225,0.8741044501821946,0.003958902014368215,0.004071466018385627,0.005302733139662313,0.0049345465297964105,0.0028871595957978237,0.010822555463310325,0.2600050377457038,0.19497516751289368,0.6084723174571991,0.001017344423639513,0.0009787932022998816,0.0016138803496254727,1.975149258137803e-05,1.4825388775592355e-05,3.63590577176205e-05,4.426301448617231e-05,3.902851573944515e-05,7.376868019025803e-05,0.0011113626153572745,0.0008387491106987,0.0022935420274734497,-4.4553694527394965e-06,-5.628606026018791e-06,0.0005621047558458381,-0.003303568629204545,-0.00011594762605611092,0.006130026952393078,22,24
episode_000001,random,0.25,46,0.3156159321443993,0.4192593323821304,0.7109916471807287,0.42573067655723734,0.6067008532453235,0.8744886208248088,0.003962806020350804,0.004062230446271924,0.005284308956958686,0.0049523694197027126,0.0029266059731890472,0.01084103818160731,0.26052438079015067,0.1964692324399948,0.6042020618915558,0.00240610069555175,0.0015572024600090661,0.0046248620970256085,5.423580035676583e-05,4.447036051669018e-05,0.0001022660255357918,8.547254503745336e-05,4.850618250567469e-05,0.00018618052456898052,0.002999675338682921,0.0013309717178344727,0.008447028696537018,0.00016371579710568407,6.59564449271427e-06,0.0017386015186508785,-0.005304919450921779,9.85240457145991e-06,0.006794662228138815,23,23
episode_000001,random,0.5,46,0.31469901128187955,0.4154724832595822,0.7078450805900443,0.42553869328179095,0.604084402895317,0.8730613312571789,0.003963778040571616,0.004027052584212236,0.005282366755476912,0.004977929703275092,0.0029628534861819147,0.010877274310649145,0.2602722664242205,0.19735579937696457,0.6075287461280823,0.004539495031818477,0.0027461731187429107,0.010179754261034256,0.00010466702244022622,9.333775123663143e-05,0.00020174837839379147,0.00015652878298148717,6.716343342022342e-05,0.0003556589280420671,0.005555171033610468,0.0015642642974853516,0.01759922504425049,0.0010806366596255036,0.00011930350830362127,0.005057880714927021,-0.009688487020938911,0.0016262651257591717,0.016834927068178462,26,20
episode_000001,random,0.75,46,0.3132181598942356,0.4105449227693754,0.7042217037135066,0.42487250034188667,0.6005056285545334,0.8708570079483822,0.003961587586296199,0.0039953184352001965,0.00533805555331406,0.005007158043536098,0.0029876073995755616,0.010970298977327708,0.2593834895802581,0.19769074767827988,0.6062775254249573,0.0069731075533609795,0.004461696701811242,0.015099722550576494,0.00016236953392256097,0.00016858935022460813,0.0003058231449675771,0.00023418715726174926,0.00010625452061911264,0.0005382739074023589,0.008325994986554851,0.002411961555480957,0.029370471835136414,0.0025614880472694178,0.00027334053065166883,0.009699726567993144,-0.016647178275656233,0.004582576682288774,0.024117176996848677,25,21
episode_000001,random,1.0,46,0.31134139460130755,0.4048054046553745,0.7001010897188094,0.4238526843761993,0.5960721897241485,0.8686274384690343,0.003957713844527555,0.0039923274468787635,0.005391798098456772,0.005037957039214991,0.0030278712537867942,0.011211556632691324,0.2579711018049199,0.1975722312927246,0.6022682189941406,0.009647936190496866,0.006897890357427708,0.02054815625937663,0.00022606172054774967,0.00022983453957803513,0.0004081230315007372,0.00031219735123729864,0.00013313030367771188,0.000728716378805119,0.01119966059923172,0.0038173794746398926,0.041879624128341675,0.0044382533401975555,0.0007614203098281541,0.015158927762628921,-0.02626765471706777,0.004497368476900048,0.03592942186840743,26,20
episode_000001,random,1.5,46,0.3068856896513044,0.3920319488152679,0.6900568204547195,0.42150283700319174,0.5853256247439056,0.8653236336251642,0.003947084355106348,0.003976441809578139,0.005490038810928969,0.0051031979199279735,0.0030805950812375135,0.011335155934612266,0.2540922284774158,0.20372655242681503,0.5917625427246094,0.015587698978607975,0.013480932555085241,0.03414489498087568,0.00036514981272089714,0.0003052668554592556,0.0006555008430681991,0.0004634091358440211,0.00016930852358119442,0.0011167094380099816,0.01755141142917716,0.006045237183570862,0.060555607080459595,0.00889395829020055,0.0021597987833991694,0.02771303006128395,-0.052984719325021815,0.0088718765526318,0.056655835229199855,26,20
episode_000001,real_to_sim,-0.5,46,0.40345005514087495,0.5134038496327125,0.9145371739861922,0.49960883754769625,0.7907575756818406,0.9384520426259225,0.005514541169631783,0.005371424447047172,0.007710600887560344,0.006760198931787046,0.0035009076092594165,0.015599222218225437,0.41462754296219867,0.4670054018497467,0.8236539959907532,0.0877969648528955,0.07476645857187358,0.24291579886059134,0.0015746554410443812,0.0014749439411672332,0.0023287398476047735,0.001834465870227481,0.0005741791047394129,0.005049944908428035,0.15457687041033868,0.16386106610298157,0.33383527398109436,-0.08767040719936992,-0.074724057560762,-0.0012963614772354731,-0.42713771449307697,-0.38191196216452017,-0.1373216716277408,0,46
episode_000001,real_to_sim,0.0,46,0.3157841033109578,0.41578371551346327,0.712479907424743,0.4254966921430917,0.6122023672387225,0.8741044501821946,0.003958902014368215,0.004071466018385627,0.005302733139662313,0.0049345465297964105,0.0028871595957978237,0.010822555463310325,0.2600050377457038,0.19497516751289368,0.6084723174571991,0.001017344423639513,0.0009787932022998816,0.0016138803496254727,1.975149258137803e-05,1.4825388775592355e-05,3.63590577176205e-05,4.426301448617231e-05,3.902851573944515e-05,7.376868019025803e-05,0.0011113626153572745,0.0008387491106987,0.0022935420274734497,-4.4553694527394965e-06,-5.628606026018791e-06,0.0005621047558458381,-0.003303568629204545,-0.00011594762605611092,0.006130026952393078,22,24
episode_000001,real_to_sim,0.25,46,0.24294249289630865,0.2637736241436929,0.5110025418936954,0.34898968299724586,0.48927569348986333,0.7200947578554807,0.0030460879867526274,0.0031998428864137684,0.004040523942677356,0.0037331419483852906,0.0025103613643614716,0.008214175294130785,0.17038807920787646,0.10362342372536659,0.44518354535102844,0.07300532573996481,0.0754661204893261,0.17206096021365477,0.0009115928522011735,0.0008999019413828559,0.001257638091674386,0.001209880441207266,0.0004303319070347505,0.00284471524301691,0.08979769115862639,0.08574371784925461,0.21642906218767166,0.07283715504519636,0.07546028337611518,0.1720481048662586,0.22609294483122633,0.21974436773192887,0.3535448707958713,46,0
episode_000001,real_to_sim,0.5,46,0.1527820872516148,0.132390701977474,0.33787013329237225,0.23261719725248545,0.25452850546768935,0.45091214144402136,0.0020344841482848475,0.00215737224093656,0.0026727088961771023,0.0024508528612528393,0.001883618086109146,0.005385920435964801,0.09437210031825563,0.04347682744264603,0.2724497616291046,0.1631618643249805,0.177481577356515,0.3903404799043172,0.0019240594167272708,0.0018988629570062868,0.0026011014297167186,0.002493648850955623,0.0010489068785279904,0.0057144456272483655,0.16580264318896376,0.13083635456860065,0.37442833185195923,0.16299756068989024,0.17747553289416185,0.39033044753375046,0.4743829248355688,0.4661637922466646,0.6607004306710766,46,0
episode_000001,real_to_sim,0.75,46,0.0644064058648294,0.05365014386894998,0.15306857024866044,0.10330879211274642,0.09522954583547234,0.22757096978741348,0.0010011041909730597,0.0010382828964855969,0.0013224735269300161,0.001186184582907625,0.0010202630846426917,0.0025749053415094537,0.03971363126259783,0.01285271905362606,0.10960358381271362,0.2515946203411522,0.30038217847908677,0.6381273101630062,0.002957097818977575,0.0029208862276243266,0.004009201909215822,0.00376049129379582,0.001911514771918475,0.00841875952493402,0.2204590986442307,0.1535495249554515,0.5139101669192314,0.2513732420766756,0.300377959559195,0.6381112991635909,0.7112856933160233,0.7110507861156448,0.8990213892485854,46,0
episode_000001,real_to_sim,1.0,46,0.0007059290739226618,0.0006051168570596391,0.0013453218734521153,0.0012864882830914957,0.0009231967531841887,0.0026339506466267005,2.207544275302499e-05,1.974588034993723e-05,3.970122520139901e-05,4.333900616043462e-05,4.193006412569107e-05,5.943293162516815e-05,0.0003871982917189598,0.00017744721844792366,0.0010450668632984161,0.31584903274410914,0.41686523602174297,0.712398931617415,0.003960022869433291,0.004072718408089135,0.005295220916924883,0.004933916591108838,0.0029558841914199482,0.010841512457080763,0.26011911714854447,0.19580832868814468,0.6097360798157752,0.31507371886758234,0.4167705135503782,0.7122233752564194,0.9032915171744872,0.9973513281752117,0.9997172290556664,46,0
episode_000001,real_to_sim,1.5,46,0.08380180739583061,0.019396317992760745,0.2298946718708864,0.14316803919409776,0.029385975720803613,0.41304576407469706,0.0018174424353293644,0.0019011326611717233,0.0025887727472330133,0.002006010248406664,0.00184780289987992,0.004156490588212068,0.05416540553762942,0.008363860368262976,0.09286153223365545,0.39916538075177677,0.4544218525640298,0.7812560080363915,0.005762525267924982,0.00600313463837962,0.007629368165311632,0.006927799118695882,0.005121776330749953,0.01505940458389507,0.31424151372377074,0.22056274593342096,0.6959269288927317,0.23197784054567439,0.20726535877177815,0.6988970158902582,0.42313068516992974,0.6135177920053818,0.9651974214827872,40,6
episode_000002,orthogonal,-0.5,47,0.34236743928448654,0.20778905955219007,0.7869343765753145,0.4415604889605775,0.3967841510333583,0.9195765663224039,0.003427867438416521,0.003204234092045527,0.005408525056635664,0.004719383089679789,0.0010898894049186396,0.014199123024103156,0.25453495218398725,0.2328304797410965,0.5689230442047118,0.005033625930238654,0.003207862962564395,0.012223784651165874,0.0001143311497636818,9.277880652210585e-05,0.00021916865802511833,0.00017291959470771645,8.988542477534037e-05,0.00039479373276265047,0.005337706271638262,0.003255322575569153,0.014089709520339966,0.0016363622635512025,0.00017577661867571037,0.005302994289535667,-0.01227452189356392,0.0016189902157988894,0.013387142375708752,29,18
episode_000002,orthogonal,0.0,47,0.3439309306790557,0.20837770796987587,0.7896048428320348,0.4427180852584378,0.39682275048591253,0.9163572253743609,0.0034250578014474228,0.0031880475441515136,0.005325236119766038,0.00467704479692341,0.0011637830736065237,0.014618562844820805,0.25504696020420564,0.23216018080711365,0.5833365559577941,0.0008665440297513638,0.000817037771418635,0.0014744407301903837,2.003384483316434e-05,1.5896230766613926e-05,3.451668021747599e-05,4.751572601408325e-05,3.946938120231751e-05,8.644469276592637e-05,0.0009418653046831171,0.0008140206336975098,0.0017845481634140012,7.287086898207073e-05,-5.4080937270106766e-05,0.0007649624373471885,-0.010631536121064279,-0.00010758011139420721,0.0038210472897493427,20,27
episode_000002,orthogonal,0.25,47,0.3431625801328753,0.20846244442175405,0.7884423206003404,0.4420978747572062,0.3963572805508456,0.9172455024304439,0.003420026902363591,0.0031855464584511846,0.005229620545519808,0.004660272724423304,0.001175676186480871,0.014755968828013494,0.25406161584752673,0.23075993359088898,0.5871129035949706,0.0026869367192538783,0.0017989860219994676,0.005854533268090202,5.338443757068148e-05,4.0756622382089585e-05,0.00010774687388300178,9.762284154827494e-05,5.0257755487392145e-05,0.00019760464450808185,0.003004575029332587,0.0016957521438598633,0.007358354330062866,0.0008412214151624284,0.00010578511283884694,0.0035963204616524017,-0.010035705853682023,0.0007204944067477723,0.01468892712003307,26,21
episode_000002,orthogonal,0.5,47,0.34144753689261287,0.2084154445730825,0.7860421713909418,0.44081984105187344,0.395564190096638,0.916604037474669,0.0034129506430447608,0.00319017304983878,0.005156401352054202,0.00464744122294399,0.0011919379303837472,0.01489872476613106,0.2523279551495897,0.22697454690933228,0.5889135003089904,0.005148741494423308,0.0035174669991627377,0.011905218443883292,0.00010411405814321745,7.890389806634879e-05,0.0002028271333263456,0.00016660018555868803,7.404423568978632e-05,0.0004036358797293641,0.005661460947483144,0.0023282021284103394,0.01620068252086639,0.002556264655424822,0.0004693656026910631,0.009292473691331215,-0.009957946513074975,0.0012941575058593737,0.03372229343275201,27,20
episode_000002,orthogonal,0.75,47,0.33907207719898624,0.20826028385712725,0.782414207328039,0.4394410158926388,0.3944664651248025,0.9150588807267246,0.0034052469485490117,0.00320175995218154,0.005113080895776729,0.0046444496521017235,0.0012102081105095782,0.014939974784841964,0.2500232846495953,0.21820762753486633,0.5892992973327636,0.007916473545282115,0.005495750100001927,0.018323800620039625,0.0001608559574018901,0.00012129313302863357,0.0003104686819904453,0.0002388801733949154,9.901102351440261e-05,0.0006167018207277825,0.008438526157369005,0.002919808030128479,0.02554372549057006,0.004931724349051504,0.0008013905404900268,0.016167489295946958,-0.01149680554026499,0.004376469089512247,0.02826944586673521,28,19
episode_000002,orthogonal,1.0,47,0.3362664383853405,0.2080308725254422,0.7775995823642214,0.43815567578727305,0.3931112731171849,0.9137596288139888,0.003396885451271436,0.003209582220760757,0.005117359671676152,0.004647992556343563,0.0012208613036077292,0.014563912910126887,0.24731449212165588,0.20884227752685547,0.5884791016578673,0.01101366978110976,0.007817975896663274,0.025816357571129673,0.00022224281904650262,0.00017216439038788195,0.00043069099580898726,0.0003098856417199858,0.00012040335217769836,0.0007940928094079205,0.011343835199132879,0.0033219903707504272,0.03683409690856932,0.007737363162697205,0.0011932140554525295,0.02367118272065872,-0.01539016903417453,0.007880127370989752,0.04008928718431444,28,19
episode_000002,orthogonal,1.5,47,0.3300004911399993,0.20612240411501642,0.7679211290015656,0.435863443404759,0.3960692241432051,0.9103888480035807,0.003380872885744996,0.0031894739333811735,0.005137754628160713,0.004655918081216847,0.0012159592991801398,0.013814959479937447,0.2411543221232739,0.18917468190193176,0.5842713952064513,0.017708957272976184,0.01192612997355877,0.04364613120294422,0.0003559088657813728,0.00028761102633474104,0.0006412651558324541,0.00045508713293017535,0.00019008092573549387,0.00113252601835886,0.017352123051247698,0.003441154956817627,0.061945486068725575,0.014003310408038424,0.003370473505088456,0.0395632795622723,-0.031180423297295395,0.013478690045249559,0.0721008329543394,28,19
episode_000002,random,-0.5,47,0.3413839722476982,0.20798292025098247,0.7884124216995582,0.4394674136322351,0.39778913572759206,0.9125352687513887,0.0033959254876838887,0.003195677748487892,0.005279909099416267,0.004679001386880352,0.0013164133960976182,0.01481057670860032,0.2523122892734852,0.22984765470027924,0.579718828201294,0.0048399085311139735,0.003699917065053077,0.01103815640153539,0.00010672692724412867,9.017311119158177e-05,0.00020909666967168505,0.0001787769027122614,8.832360835649958e-05,0.00038844731150330003,0.0054403017175958515,0.002733469009399414,0.011984550952911377,0.002619829300339676,0.000568605574908787,0.008996831256381621,-0.010671362261140896,0.002506479974792722,0.032939816064391905,28,19
episode_000002,random,0.0,47,0.3439309306790557,0.20837770796987587,0.7896048428320348,0.4427180852584378,0.39682275048591253,0.9163572253743609,0.0034250578014474228,0.0031880475441515136,0.005325236119766038,0.00467704479692341,0.0011637830736065237,0.014618562844820805,0.25504696020420564,0.23216018080711365,0.5833365559577941,0.0008665440297513638,0.000817037771418635,0.0014744407301903837,2.003384483316434e-05,1.5896230766613926e-05,3.451668021747599e-05,4.751572601408325e-05,3.946938120231751e-05,8.644469276592637e-05,0.0009418653046831171,0.0008140206336975098,0.0017845481634140012,7.287086898207073e-05,-5.4080937270106766e-05,0.0007649624373471885,-0.010631536121064279,-0.00010758011139420721,0.0038210472897493427,20,27
episode_000002,random,0.25,47,0.3436721949687556,0.20836784606815412,0.7892203072161025,0.44296798147853167,0.39583241585833573,0.9174291011915966,0.003434257223803495,0.003192980368890036,0.005290449693609767,0.0046848649668977055,0.001068147671046815,0.014505207302230644,0.2551911340114918,0.23219844698905945,0.5821414589881896,0.0021825704384006964,0.0019218247425110198,0.004178779103679671,5.502607620715229e-05,4.542299949259393e-05,0.00010794651910035902,0.00010257612277002328,7.867463515116048e-05,0.0002146170005217336,0.002871145593359115,0.0014450252056121826,0.006816673278808593,0.0003316065792821366,-3.654861303168701e-05,0.0023617793090511484,-0.011050231918923058,-0.0005731194173715662,0.005679966593525777,22,25
episode_000002,random,0.5,47,0.34247677172709345,0.20822646433089362,0.7875841606467786,0.44224035840683296,0.39450376704153356,0.918496943924603,0.003440520695230489,0.0032054918176058138,0.005269782005096305,0.0046938366010742145,0.0009843411758503086,0.014416401676798547,0.25456724173211037,0.23144952952861786,0.5790273547172545,0.004154640000859208,0.00390989955863128,0.008881263157343744,0.00010727027372978735,9.00916157613393e-05,0.00021509049954686723,0.00017981817884856767,0.0001364959375336075,0.0004345853669441343,0.00523364892665376,0.0021390914916992188,0.013708984851837157,0.0015270298209442597,0.0002875190072902378,0.00613562623596675,-0.012712822473347813,0.0012225977333681726,0.0162819101150193,27,20
episode_000002,random,0.75,47,0.34060155132256015,0.207975601821196,0.7848131618647713,0.440803474888281,0.3928665645251931,0.917001937114218,0.003446003040049678,0.0032244136359194614,0.005346555287972336,0.004705208998616531,0.0011681875804097975,0.014348583006520017,0.25333304481303437,0.2297973483800888,0.5743979811668395,0.006467722886535106,0.006682323658197234,0.01449593396859596,0.00016649498251421356,0.0001453681271282906,0.00032431909494039387,0.00025769528905701775,0.0001803639138767257,0.0006186391053780919,0.00782936304173571,0.0031031370162963867,0.020277869701385495,0.003402250225477671,0.0008171470987896612,0.010567541546356574,-0.016892271989470867,0.004323305699065923,0.02618520969846632,30,17
episode_000002,random,1.0,47,0.3382936913388055,0.20764491686362702,0.7813187439423721,0.4391169985291832,0.39097245043039736,0.9129636116840352,0.0034511717731682085,0.0032480338704180844,0.005422152962101313,0.004718980775833261,0.00131780259556457,0.014296895636815651,0.2516409910105644,0.22741155326366425,0.5686121940612792,0.009094259972193366,0.00901327351158309,0.01957398222481851,0.00023220557025683983,0.00021102265485621925,0.00045869294761769896,0.00033367889132994427,0.00022057593772854575,0.0007834062776629202,0.010598797430383397,0.003969013690948486,0.02961360216140747,0.0057101102092321915,0.0015707435852377327,0.015530399126461302,-0.024066149231515767,0.008571561397775498,0.04144076312113601,31,16
episode_000002,random,1.5,47,0.33299480757983724,0.20679997405295508,0.7732800401913608,0.4358731594968509,0.3865707716009873,0.9054853918499215,0.0034611318395894397,0.003310080269187267,0.005567841543888517,0.00474764889788015,0.0013353045189367866,0.014206723326083342,0.24746807331734516,0.22185911238193512,0.5546407222747801,0.015089393004678311,0.015256263089607444,0.03246057971595214,0.00037503487041910523,0.0003439608483825147,0.0007330058553294784,0.0004839651695096333,0.00030371017000711874,0.0010778318818368492,0.016977297498824748,0.00630873441696167,0.049936771392822266,0.01100899396820051,0.0036735889900134655,0.026672541784727954,-0.04728354760863327,0.01158553523796583,0.07411723683100538,28,19
episode_000002,real_to_sim,-0.5,47,0.427457634210174,0.3208416136139763,0.9530071002171463,0.49594690259062546,0.5090789043468843,0.9866172291354753,0.004721659952873575,0.004310265029693622,0.007527714586540686,0.006115507915753451,0.0016712258597842576,0.019893576187852896,0.4039145099355819,0.3912827968597412,0.8775488257408142,0.08358501097040745,0.07237342954682553,0.1945553947660675,0.001301525912203543,0.0011102151136511453,0.0023770898057339173,0.0014573009936186764,0.000310593251632221,0.005206279565117411,0.14880614077791254,0.08562397956848145,0.4091294050216675,-0.08345383266213638,-0.07232084689374829,-0.0011732631582321493,-0.3459652840010641,-0.3383474176297376,-0.10360122399587797,0,47
episode_000002,real_to_sim,0.0,47,0.3439309306790557,0.20837770796987587,0.7896048428320348,0.4427180852584378,0.39682275048591253,0.9163572253743609,0.0034250578014474228,0.0031880475441515136,0.005325236119766038,0.00467704479692341,0.0011637830736065237,0.014618562844820805,0.25504696020420564,0.23216018080711365,0.5833365559577941,0.0008665440297513638,0.000817037771418635,0.0014744407301903837,2.003384483316434e-05,1.5896230766613926e-05,3.451668021747599e-05,4.751572601408325e-05,3.946938120231751e-05,8.644469276592637e-05,0.0009418653046831171,0.0008140206336975098,0.0017845481634140012,7.287086898207073e-05,-5.4080937270106766e-05,0.0007649624373471885,-0.010631536121064279,-0.00010758011139420721,0.0038210472897493427,20,27
episode_000002,real_to_sim,0.25,47,0.24518934609570056,0.1734224139957036,0.603198348514938,0.3531316467086304,0.37441469306978664,0.8155460718142317,0.0026278422664743686,0.002530097424642761,0.003859496907296641,0.003592749004364734,0.0008631784850794858,0.010809691290245067,0.1594389556570256,0.11960253119468689,0.3847830772399902,0.09897952660089643,0.05312954749169233,0.30295294780077214,0.0008005980418829778,0.0006671129118515906,0.0013743480333530324,0.0011003981584509798,0.00023111470584231538,0.0038201371036026303,0.0960630197474297,0.03857380151748657,0.2509427070617676,0.09881445545233715,0.05312931539885657,0.3028951817951897,0.2352767008474032,0.231993023137198,0.39877399156367305,47,0
episode_000002,real_to_sim,0.5,47,0.12997498268754304,0.11093714730081398,0.3358855745956445,0.21102964958405757,0.19819922656570335,0.49460308689065524,0.0017650473932834,0.001710809032233558,0.0024784182074744153,0.002402053067883554,0.000546331319481752,0.006927751258626337,0.08423766200529768,0.049869354814291,0.19802115857601152,0.214228236583656,0.10452616633111189,0.6066625744107447,0.0016634010058049508,0.001424998653537343,0.002748191221971072,0.0022913853155809346,0.0005527309893038462,0.007702365349744277,0.17123276605568033,0.08726590871810913,0.42230548113584515,0.21402881886049466,0.10452563311512142,0.6063844971671316,0.4965182953654477,0.4731924040551849,0.8077017308857747,47,0
episode_000002,real_to_sim,0.75,47,0.04681166663824645,0.02940897090690956,0.11266625492277717,0.08281607513944925,0.04766526849529101,0.2118962946279584,0.0008697529429283748,0.0008740546742098174,0.0011729229688525853,0.0011773070696325454,0.00024732976554521177,0.003285083246036015,0.03565715586251401,0.014864243566989899,0.049405246973037706,0.2975036501664314,0.15485184245980074,0.7393040814631132,0.002558725232205157,0.002257074169228896,0.004134674240524616,0.0035188060480412756,0.0010286509368153999,0.011384191598457362,0.21978369054008037,0.1851266622543335,0.5147650569677352,0.29719213490979124,0.15484997995531521,0.7392504244775328,0.7046677069022925,0.7545418312673194,0.9627082506922587,47,0
episode_000002,real_to_sim,1.0,47,0.0006576727655520629,0.0005601719922227565,0.0012409865930002816,0.0011691637063582813,0.0013438987385366518,0.0019897575688400436,1.9021890441391953e-05,1.594827053844135e-05,3.493395067714558e-05,5.24779648685542e-05,5.27933766513882e-05,8.054451319965076e-05,0.0004724018434260754,0.00031882524490356445,0.0009894862771034237,0.34401742895557275,0.20864230833260605,0.7899414322640351,0.003427213807512595,0.0031754900316698664,0.005321764564319476,0.004677965438983432,0.0013148314185627513,0.014642123128181174,0.25528339686942225,0.23310827184468508,0.5825568022206425,0.3433461287824857,0.2083415742947262,0.7897854583795205,0.8592555131925574,0.9976407106695224,0.9998566499039054,47,0
episode_000002,real_to_sim,1.5,47,0.054228712030741956,0.010839633546188731,0.13889950491633668,0.1061953605855127,0.015504439745210747,0.2610544652680362,0.0015527938925052182,0.001564955064552746,0.002524715189691773,0.0021212731567571206,0.0012591079771200454,0.0053775608845185565,0.03962016241634859,0.007278669974766672,0.039918120764195895,0.3975178778277998,0.44827364336417685,0.8139271928635803,0.0049700705673757384,0.004903569788381637,0.006879576646272309,0.006758310276715278,0.002242336050408849,0.01973794217900577,0.29472220079983247,0.24029643624089658,0.7594186819740569,0.2897750895172958,0.14094160755927138,0.7768565571267803,0.5293928530294657,0.632281069090486,0.985745720158757,44,3
episode_000003,orthogonal,-0.5,44,0.4238525114636771,0.5813474315056171,0.8697248353180229,0.4961915589495728,0.8009783718580958,0.9316922536531002,0.004746336028598534,0.004704697395312846,0.008102797189249344,0.006223075409394068,0.002452619835010444,0.017662761043374973,0.4113405089486729,0.5255568027496338,0.8543095469474793,0.002570549298089755,0.0015745134737224773,0.005440561425510359,0.00010469284652106873,8.489303028197319e-05,0.00021109598808712477,0.0001375259762877028,8.095120388447544e-05,0.0003273209519824203,0.005419965494762768,0.002262800931930542,0.009153878688812256,0.0010673677791113343,-5.8320610753583935e-05,0.0034032496365829293,-0.027478830770673753,-0.00022488253046510948,0.006666780033283161,20,24
episode_000003,orthogonal,0.0,44,0.42490469220069665,0.5826249794604819,0.8722575961214917,0.4970193027353222,0.8026112159370781,0.9343956575482028,0.004778503739651251,0.004720877749980408,0.008190628808713254,0.006256370222357232,0.0024822323186300226,0.017489381540704233,0.413965721021999,0.5338755249977112,0.8553328037261964,0.0009237674991702208,0.0009253448498648795,0.0012745328744541377,1.5418853704492146e-05,1.2293796452402894e-05,2.9276376503123883e-05,3.7837139671627336e-05,3.500295304965492e-05,6.431943132295128e-05,0.001073964617469094,0.0008167028427124023,0.002107048034667969,1.5187042091726665e-05,-0.00011524806673571882,0.0005494905561566733,-0.020725761378368554,-0.00027369764765650605,0.0016490575739544922,20,24
episode_000003,orthogonal,0.25,44,0.4247098230862191,0.5825980760422891,0.8718926530637332,0.4969447684873289,0.8027184180656489,0.9346752310432032,0.004774118059860799,0.004725542712381651,0.00815657930029607,0.006276477341873784,0.0024797083899636865,0.017422451267616327,0.4138668342070146,0.5322423577308655,0.8536503672599793,0.0013862479477688436,0.001086075326240283,0.002541273881078666,5.1427373784823345e-05,4.8546822820427406e-05,9.198253274975947e-05,7.8872839845213e-05,6.0619552526012475e-05,0.00017466508114634397,0.0023665861649946733,0.0013927817344665527,0.005302119255065922,0.0002100561565691775,-8.147561617570021e-05,0.00123906243419697,-0.021157836893959506,-0.0002701467119608295,0.0036220198614502312,21,23
episode_000003,orthogonal,0.5,44,0.424060252837489,0.5821692208561153,0.870479168687099,0.4966198244622319,0.8026157649312577,0.9342950207917493,0.004758460579451991,0.004729594619856848,0.008070627919747836,0.006298660113658103,0.0024755529537468686,0.017368577579308788,0.41291664947162976,0.5263675153255463,0.8520083844661713,0.0022690151366530683,0.0015187400067304415,0.005189407110188135,0.00010536204166687477,0.00010034160873419411,0.00017652199318313847,0.00013737666216314374,7.182793994081618e-05,0.00030881120127854443,0.004358665509657426,0.0018957555294036865,0.010523217916488649,0.0008596264052993405,0.0003534815576123618,0.002565913566535649,-0.025244403373015808,0.0006069392735472571,0.007848347720697955,24,20
episode_000003,orthogonal,0.75,44,0.4230406983295101,0.5813762596913843,0.8684126010440687,0.49606495274515405,0.8019329054825681,0.9337128215697719,0.004732830174945143,0.004732919334750665,0.007949458531963128,0.006318143825740811,0.002471266178406744,0.01731536622237618,0.4112486737695607,0.5143399983644485,0.8483384907245636,0.003447359795238657,0.002373952174824061,0.009021206613700533,0.00016734188264738565,0.00016470221584996455,0.0003021809067181183,0.00019483143832537298,9.835886598293488e-05,0.00046498372633861103,0.006829970939592881,0.002657264471054077,0.017508119344711307,0.0018791809132781582,0.0007499825822717774,0.0049916102925741225,-0.03356158525019327,0.002282171897060427,0.013020704518877007,26,18
episode_000003,orthogonal,1.0,44,0.42175640397069275,0.5803158425467263,0.8659966065290018,0.49535345767495903,0.800829062529524,0.9330523532832916,0.004703339352323724,0.004752642260812092,0.007820263086125719,0.006338404469694384,0.002465398694905067,0.017295254103136756,0.40903897380286997,0.5059332549571991,0.8439507067203522,0.00487461707289617,0.003449082717036275,0.013267223149094919,0.0002359580250294079,0.0002441792100262716,0.00041890694014131563,0.0002530812371396158,0.00012536306281686475,0.0006445989414400487,0.00974640047008341,0.0030348896980285645,0.025702041387557995,0.0031634752720956197,0.0015392445667390675,0.008018658020281112,-0.045754951034931206,0.004230383982713993,0.01900005603821044,26,18
episode_000003,orthogonal,1.5,44,0.41868158459524896,0.577592715864664,0.8601554575625961,0.49365036062184947,0.7978178349244989,0.9314156516591047,0.004644349404768052,0.004734569867347509,0.007570952641895276,0.0063806824653650975,0.0024878281193826757,0.017370828232708573,0.40355569937012414,0.49526262283325195,0.8310150265693664,0.008357957644043386,0.006136731005172091,0.022257466621186463,0.00038885233555173773,0.00041049242915256227,0.0006947436653239691,0.0003736943547294988,0.0002152707407642197,0.0010334675018504682,0.016769119284369728,0.007795125246047974,0.03891595005989075,0.006238294647539422,0.00431365926516647,0.015083729577779183,-0.08024784915444647,0.008608415763071014,0.03277706498891792,26,18
episode_000003,random,-0.5,44,0.4243751829321503,0.5810282360526776,0.8745877439495368,0.49673453219862024,0.8043562204566659,0.9308846284141186,0.0047372881860815565,0.004739181364856269,0.007988166256643031,0.006285267316323346,0.002440953479777633,0.01776105268840354,0.4126730412244797,0.5286078155040741,0.852533483505249,0.0028247069626669125,0.001943691894332229,0.0058347231867111864,0.00011067808517090235,8.71091676410055e-05,0.00021435486641332164,0.00015563331901414392,8.957186792611324e-05,0.000366756291550933,0.00549225238236514,0.0032352805137634277,0.014562636613845825,0.0005446963106379206,-0.0001575876338013281,0.0024198778207353616,-0.027676692974947882,-0.0008272538294508364,0.0059111270764262615,20,24
episode_000003,random,0.0,44,0.42490469220069665,0.5826249794604819,0.8722575961214917,0.4970193027353222,0.8026112159370781,0.9343956575482028,0.004778503739651251,0.004720877749980408,0.008190628808713254,0.006256370222357232,0.0024822323186300226,0.017489381540704233,0.413965721021999,0.5338755249977112,0.8553328037261964,0.0009237674991702208,0.0009253448498648795,0.0012745328744541377,1.5418853704492146e-05,1.2293796452402894e-05,2.9276376503123883e-05,3.7837139671627336e-05,3.500295304965492e-05,6.431943132295128e-05,0.001073964617469094,0.0008167028427124023,0.002107048034667969,1.5187042091726665e-05,-0.00011524806673571882,0.0005494905561566733,-0.020725761378368554,-0.00027369764765650605,0.0016490575739544922,20,24
episode_000003,random,0.25,44,0.42443203388026957,0.5827586025723206,0.869418818278709,0.4967852086495553,0.8013152350609036,0.9372382418344456,0.004779758919785942,0.004758996179661761,0.008207967822724817,0.006246162999873678,0.0024973243895319115,0.017418901079104696,0.41323321786793793,0.5286804735660553,0.8541923046112061,0.0018114298156926443,0.00127915286566955,0.0039269092075920236,5.283910848757965e-05,4.5278821565811126e-05,9.934817836154954e-05,8.396692946051085e-05,4.7073910153357196e-05,0.00018201412803675338,0.003379111940210516,0.0021185576915740967,0.00832076668739319,0.00048784536251881444,-0.00014854526615454972,0.0030533341329491374,-0.021188979850738462,-0.0009488111196756831,0.0045623904515089365,20,24
episode_000003,random,0.5,44,0.4234894751955901,0.582483786951471,0.865964437822352,0.4963111680913219,0.7997333859774165,0.9400520652511664,0.004768784310819915,0.004718206017483871,0.008164664670800065,0.00623899567056855,0.002513461657907447,0.017365804526131973,0.41162155162204395,0.5208837389945984,0.853942459821701,0.003110309915435554,0.0016297000979210753,0.007839521290069026,0.00010562346536234294,9.20298286887263e-05,0.0001848802766004778,0.00015099966239838869,6.388154730987398e-05,0.00040193395797247553,0.006325445391915061,0.0025673508644104004,0.017248344421386726,0.0014304040471982147,-0.0001160874805102353,0.007012483031236162,-0.024177651888566423,-0.0004267252657312636,0.008779745881879504,21,23
episode_000003,random,0.75,44,0.4221659239894468,0.5818645451929374,0.8617574740245307,0.4955500509706223,0.797522398078737,0.9400249504409446,0.0047474586706642416,0.004665976889758213,0.00805311978211137,0.006231605701606712,0.002531391570721352,0.017384717053484065,0.4092822630297054,0.5063202381134033,0.8527892649173737,0.004679163134763223,0.002260681867996452,0.012825595364674657,0.00016618358898671498,0.0001437023625944589,0.0003066841750817472,0.00022125272510000704,8.125772883837087e-05,0.0006317397751551629,0.009637514298612421,0.003790050745010376,0.02833338975906373,0.0027539552533416127,0.0005664004796154531,0.011981646869613685,-0.02985342106534826,0.0009102922124212658,0.01476097855875694,23,21
episode_000003,random,1.0,44,0.420562023145717,0.5809775084651208,0.8569304885297253,0.4945771370907648,0.7948359934175968,0.9398274468823479,0.0047198330530312796,0.004696522277777317,0.007918285648216405,0.006225828745835607,0.0025506677278917442,0.017465019961460482,0.40640888092192734,0.49094250798225403,0.8509564995765686,0.006494880224169097,0.0030141134481981614,0.018647580787689518,0.00023430560950307608,0.00017842361667765825,0.0004346854991101184,0.0002912251283590082,9.95531134056379e-05,0.000870937628691327,0.013311110436916351,0.0051688551902771,0.03866925835609437,0.004357856097071243,0.0011463748354390904,0.01773840827615744,-0.03863800856727307,0.0027252019876914044,0.02180206064093258,26,18
episode_000003,random,1.5,44,0.4168128694302286,0.5786762278344242,0.8465423958865,0.4926176872045063,0.788280370806523,0.9411342493927618,0.004661517196360896,0.0047184029504037,0.00763454020460824,0.006212565166355715,0.0025889089030555826,0.017621003133296755,0.399648634547537,0.4736100882291794,0.8474479377269745,0.010703587336320292,0.005548458229359938,0.03155521466453281,0.0003877182695588215,0.000303833699659993,0.0007080502251195599,0.0004352914753273094,0.000162047908795635,0.0012863588510568192,0.021473117172718048,0.008237212896347046,0.06076463460922242,0.008107009812559822,0.0032169979847676555,0.030811103223287693,-0.06635325944200456,0.007015354329636212,0.03791858607545659,26,18
episode_000003,real_to_sim,-0.5,44,0.46783913402441896,0.6114135311300036,0.9552778422795902,0.5343835370872351,0.8996479625416027,0.9779535372146807,0.0065954939450848325,0.006460128822254826,0.01149756932157281,0.007817357202336346,0.0026847427912603107,0.02183956609703723,0.5218725516037508,0.8623213469982147,0.9613052725791931,0.043100348187301345,0.03290960991878814,0.12227774393311859,0.0018550198313692068,0.0017405475156939073,0.0034042534088816103,0.001574248167372113,0.00030558203060297186,0.005358652227357486,0.10772258178754286,0.08006754517555237,0.3161661207675935,-0.042919254781630466,-0.03262592915410336,-0.0013899353321054795,-0.29658138554173685,-0.13690852764098538,-0.04958875367817468,0,44
episode_000003,real_to_sim,0.0,44,0.42490469220069665,0.5826249794604819,0.8722575961214917,0.4970193027353222,0.8026112159370781,0.9343956575482028,0.004778503739651251,0.004720877749980408,0.008190628808713254,0.006256370222357232,0.0024822323186300226,0.017489381540704233,0.413965721021999,0.5338755249977112,0.8553328037261964,0.0009237674991702208,0.0009253448498648795,0.0012745328744541377,1.5418853704492146e-05,1.2293796452402894e-05,2.9276376503123883e-05,3.7837139671627336e-05,3.500295304965492e-05,6.431943132295128e-05,0.001073964617469094,0.0008167028427124023,0.002107048034667969,1.5187042091726665e-05,-0.00011524806673571882,0.0005494905561566733,-0.020725761378368554,-0.00027369764765650605,0.0016490575739544922,20,24
episode_000003,real_to_sim,0.25,44,0.3572604444443598,0.5064334770852158,0.7366455279492976,0.4531033095497012,0.7243766558980658,0.876968104468409,0.0037118964631984025,0.003708030008509264,0.0063149331319327096,0.0048103478576360555,0.0023062527831920164,0.013261370492190862,0.28235057064078073,0.2786475121974945,0.6673765361309052,0.06790160612410089,0.05202789743830684,0.19013901462151928,0.0010752520841887008,0.001032893164291492,0.001881092782277258,0.0014610058078194836,0.00029277415063149603,0.004405293767732071,0.13217545571652325,0.12700286507606506,0.29460710287094116,0.06765943479842852,0.052000497250425964,0.19011255915123204,0.16134504153581178,0.15765203644948808,0.2592361830919753,44,0
episode_000003,real_to_sim,0.5,44,0.24237388462780532,0.29608874175682637,0.5205236058705243,0.3539062510197541,0.5045923071698792,0.7373033309814851,0.0024895647127756338,0.002562701707000262,0.004144121843122697,0.003164088829403831,0.0019000784810433457,0.008448141555871064,0.13425252214074135,0.10076327249407768,0.3656829029321671,0.18273949756950544,0.1668605193001293,0.4859519847256463,0.002299836788105021,0.0022542819099632848,0.003994660377352351,0.0031111631497089537,0.0007063709478273823,0.009116834979056075,0.2802449671382254,0.3648901619017124,0.5858950048685074,0.18254599461498308,0.16682317754291742,0.48588508935613217,0.4050857557365602,0.40314980404447254,0.6019287955948415,44,0
episode_000003,real_to_sim,0.75,44,0.10483771951952049,0.07967078429521969,0.25236521818362767,0.1786967529488512,0.147954859927442,0.4055247369797649,0.0011970712440814246,0.0012756271923404267,0.0019413398089586917,0.001502092791492299,0.0010315015079232375,0.00385750139935436,0.0417566920037974,0.02133647631853819,0.10747481584548951,0.32028842922819856,0.3590136448346024,0.7171199657150988,0.0035896503100296263,0.0034919398174764827,0.006207400863214611,0.004771011195130802,0.0014585373819302123,0.013581625768918686,0.3727288465438919,0.510117519646883,0.7660590872168541,0.32008215972326787,0.35898723606997107,0.7170245588570281,0.6807142857739295,0.696085618292303,0.8954640312897651,44,0
episode_000003,real_to_sim,1.0,44,0.0005718838016227943,0.0003623344288025017,0.0012371099922195697,0.0010879569288666077,0.0007802380268494898,0.002162609738553573,1.9510416190142087e-05,1.6247867177826402e-05,4.201276190970356e-05,3.876788904180102e-05,3.249057198006009e-05,6.948212476188935e-05,0.0003412074875086546,8.594198152422905e-05,0.0010714113712310793,0.4248780787722373,0.5829646633125897,0.8724735873016517,0.004787004508206804,0.004723609638147412,0.008175153852443471,0.006262964650416461,0.0024934574609895115,0.017494170868540614,0.4143802273849195,0.5364665556699038,0.8544614929705858,0.4243479954411654,0.5822526951370754,0.8723819448784078,0.9081903937792375,0.9980837673903047,0.9998579726364576,44,0
episode_000003,real_to_sim,1.5,44,0.0827933666696871,0.017876870045237598,0.23701140775390778,0.18663789550735024,0.0274823467227995,0.6212416651258822,0.0020132268030542268,0.0022726599949011153,0.0028813859796633316,0.002410662042354365,0.002111817727129193,0.005800798597644206,0.038910724614238876,0.006969661510083824,0.040624480973929185,0.5070585911049741,0.8021954566500744,0.9393146798935643,0.006777636929196806,0.007046815238695887,0.010930220535517114,0.008655358896273094,0.00530690284280823,0.023213044762291503,0.45316395947752014,0.590274016110925,0.88621248989366,0.3421265125731013,0.29670000795849805,0.8428409105650158,0.45835700526377177,0.6666078532191757,0.9766063319988151,38,6
episode_000004,orthogonal,-0.5,45,0.3328521794268251,0.3407755639025417,0.747150431539233,0.4583440379046033,0.5556519413630364,0.9117033929142745,0.003846224032348645,0.0036415257805966147,0.005007734713138893,0.005791729147149085,0.0015346310817893213,0.015454090825712644,0.235803798172209,0.1891823709011078,0.5172255039215088,0.004597929398854839,0.002004195843759801,0.010929048635448024,0.00012067742079043552,0.00011795250109580356,0.00024204641237124294,0.00011910848328088172,9.059439784097813e-05,0.0002825108397296138,0.005439641078313192,0.001887202262878418,0.014834249019622804,0.0014444166836890479,1.7827811895665922e-05,0.006240639725891441,-0.021809329651680344,0.0015979353838776929,0.015914432463934418,23,22
episode_000004,orthogonal,0.0,45,0.3343002671831663,0.3391642845654582,0.7486956131794001,0.45954084921635385,0.55793661940154,0.9112841628851874,0.003879827993041093,0.003699466501018213,0.0050388776003648566,0.005806072149311673,0.00152756252481003,0.015348683351219998,0.23704655667146046,0.195211723446846,0.5265363097190857,0.0009507316380723482,0.0008695854010729012,0.0014360526567340813,2.2079860445924187e-05,2.0199204828471012e-05,3.610657439000779e-05,3.9186262836587897e-05,3.677062798392184e-05,6.549512401813139e-05,0.0008266174130969578,0.0006115436553955078,0.0016360282897949219,-3.6710726521305966e-06,-6.776366945640717e-05,0.0006843168983613257,-0.01586704269897032,-0.000532609705338055,0.002053754585285182,18,27
episode_000004,orthogonal,0.25,45,0.33354240528917084,0.3348436281245257,0.7473955032261277,0.45891729306080686,0.5538300708638997,0.9092466207386923,0.0038935441475789145,0.003790439377060006,0.0050612597715098285,0.005820320662924877,0.0015243698159410138,0.0153627009340637,0.2366383410162396,0.19726088643074036,0.5304552912712097,0.0025122801858327155,0.0012431001534066234,0.005253811749742047,5.8556068757133525e-05,5.192268401245877e-05,0.00011090867678507463,7.630915882885366e-05,4.3813142030271145e-05,0.00016384373009418685,0.0027561482455995346,0.001341402530670166,0.007944315671920776,0.000754190821343331,-3.046146675317156e-05,0.003918560414322282,-0.018026285420405044,-0.0012774702144756351,0.00738752197396802,19,26
episode_000004,orthogonal,0.5,45,0.33188927214815506,0.32827076291494006,0.7448908552067378,0.45753108062511555,0.5463040892367675,0.9063978203895388,0.003905460183684539,0.00387576063662865,0.005081821835636727,0.005838503063899904,0.0015075536855678792,0.015479580492035221,0.23561426517036227,0.19027473032474518,0.5329850196838379,0.004889969026133888,0.002612948726395671,0.01082957725718478,0.00011391566015222448,9.394259528962375e-05,0.00019044577981026036,0.0001293411920703982,5.981409085892319e-05,0.00031505033850566505,0.005358317328823937,0.002233847975730896,0.014464321732521058,0.0024073239623591263,-1.890113288935836e-05,0.00928038471118724,-0.02362603458699925,-0.0004334095175739815,0.01864359625701185,22,23
episode_000004,orthogonal,0.75,45,0.32957580041299495,0.31993849085578907,0.7417503318523367,0.4555800834623059,0.5363634251572204,0.9028354989654349,0.003916505033219283,0.003927699468117957,0.005089813981981158,0.005859496442700063,0.0014930715411294114,0.015586133164125106,0.23405930863486396,0.19001848995685577,0.5339891314506531,0.007734260115656702,0.003659799595313897,0.019006178141127893,0.0001729026398268809,0.0001600992167458714,0.0003069559647896851,0.00018738725180179145,8.219543392714847e-05,0.0004600160225425943,0.008119529485702515,0.004024863243103027,0.020647451281547553,0.0047207956975192445,0.001389143937526871,0.01668166594093512,-0.03293957112727353,0.002008378227200853,0.03416888483889228,24,21
episode_000004,orthogonal,1.0,45,0.32684994070323337,0.31055423676265875,0.7384705858808462,0.45338790633494946,0.5253662669904362,0.8987002276283989,0.003926562684639764,0.0039601584809052775,0.005071491709036722,0.005878696573463948,0.0014790427419138755,0.015694163610588025,0.2321273222565651,0.19131575524806976,0.5340302705764771,0.010924409151316126,0.004880358801912428,0.026697554317239428,0.00023440863800191573,0.00019889069811499207,0.00044287774638611323,0.0002473010019899304,0.00010692236549774273,0.0005955095393213816,0.011037970085938771,0.007028639316558838,0.027534565329551706,0.007446655407280789,0.002007137478348908,0.025072460171439485,-0.046261625633352725,0.004769239831854927,0.05154255280776502,26,19
episode_000004,orthogonal,1.5,45,0.32082239220118275,0.28969717448552196,0.7305055125810098,0.44872116022787134,0.5121047857931096,0.8893151038109123,0.0039487733529079095,0.0041119941749966655,0.005006592768278358,0.005918673949236623,0.001451761681797024,0.01580733555745852,0.22775175902578565,0.1745595932006836,0.532209324836731,0.01786972715265286,0.009613033306982679,0.044937981572502436,0.0003651166244342717,0.0003054913566938301,0.0007357748297037785,0.00037526498209565447,0.0001782438888098363,0.0008766465407984568,0.017259554068247477,0.008581727743148804,0.04304483532905579,0.013474203909331406,0.004868212922056303,0.042636823465254464,-0.08507572383261201,0.009537077181199857,0.08850667893151709,27,18
episode_000004,random,-0.5,45,0.3317693438570157,0.33546831143763167,0.7464393419187871,0.4582298571859708,0.5439605258580049,0.9146788559900297,0.0038637516129480408,0.003705260296169647,0.005109769390998754,0.005751926834176672,0.0015351212563654724,0.015435405880139894,0.2350039501984914,0.1918262392282486,0.5281119465827941,0.0051144869959990616,0.0023156181551217967,0.013915791753613587,0.00010053911726199048,8.661359405598944e-05,0.00019756433722226146,0.0001603024947911706,0.00011228925121966094,0.0003992594142111139,0.005596264203389486,0.0030288100242614746,0.011874383687973023,0.002527252253498462,0.00042868803209961115,0.007692883764131966,-0.017543638571154447,0.0017109865007767008,0.025660600497746815,24,21
episode_000004,random,0.0,45,0.3343002671831663,0.3391642845654582,0.7486956131794001,0.45954084921635385,0.55793661940154,0.9112841628851874,0.003879827993041093,0.003699466501018213,0.0050388776003648566,0.005806072149311673,0.00152756252481003,0.015348683351219998,0.23704655667146046,0.195211723446846,0.5265363097190857,0.0009507316380723482,0.0008695854010729012,0.0014360526567340813,2.2079860445924187e-05,2.0199204828471012e-05,3.610657439000779e-05,3.9186262836587897e-05,3.677062798392184e-05,6.549512401813139e-05,0.0008266174130969578,0.0006115436553955078,0.0016360282897949219,-3.6710726521305966e-06,-6.776366945640717e-05,0.0006843168983613257,-0.01586704269897032,-0.000532609705338055,0.002053754585285182,18,27
episode_000004,random,0.25,45,0.3341037110618368,0.3378094250062763,0.7477909558316329,0.4588562117906044,0.559399713337327,0.9084234893129342,0.003883472189561571,0.0037569226918959518,0.005002637633175558,0.00583758129572879,0.001410534976374557,0.015331645454098297,0.23703011274337768,0.19566063582897186,0.5284243702888489,0.002617420876233025,0.0018132925623842544,0.006622634927643215,4.995992472038347e-05,4.3690615955411523e-05,8.935647313771563e-05,9.653622994362768e-05,5.362743750272312e-05,0.00022385694355835082,0.00276592837439643,0.0014393329620361328,0.006413471698760987,0.00019288504867734743,-6.191420956515314e-05,0.0014574575938627989,-0.020330090872799737,-0.00046574117869380843,0.0035344978782730083,19,26
episode_000004,random,0.5,45,0.3330032371036488,0.33432584804972454,0.7455423020298168,0.45738285761984626,0.5542114907119706,0.9047290343326081,0.003885069547610619,0.003803374550276987,0.005052790716878837,0.005872911512417985,0.0012954333687951384,0.015429196341206895,0.23633950253327687,0.19508950412273407,0.5286455273628236,0.0049529714014213844,0.002878224467721503,0.013875739134292709,0.00010030299531761517,8.844409859499039e-05,0.0001869657892320488,0.00016866328043281049,8.181780595671184e-05,0.000388000253057745,0.005319508910179138,0.0021167397499084473,0.013837683200836181,0.001293359006865341,0.00029179071760065955,0.004495740434855744,-0.02821872333272798,0.001015078090010928,0.012124159569279218,25,20
episode_000004,random,0.75,45,0.33123394900321745,0.32923302158902573,0.7422352343612812,0.45554356015050934,0.5405627930508038,0.9002574592514804,0.0038849260691225596,0.0038546928157558074,0.005030954995415576,0.0059115620920489765,0.0011494578532142035,0.015665803630098542,0.23509683873918322,0.19387611746788025,0.5275035619735718,0.0076979619093553294,0.004777013364956318,0.021267215286526312,0.00015789587785633343,0.00014315850949963297,0.0002985587741630625,0.00024558297424987884,0.00011582238082550177,0.0005405573073316504,0.008151678906546698,0.00373077392578125,0.0229729175567627,0.003062647107296678,0.0014022397149252852,0.008996194484363408,-0.03981899919608478,0.0037878837235203466,0.02551994447654964,25,20
episode_000004,random,1.0,45,0.3290478577047348,0.31849364435224664,0.7396834101344065,0.45361375423381706,0.5252071465283608,0.895576272333207,0.003883496779444479,0.003855675271803824,0.005042413752475822,0.005949554262125371,0.000969785592477749,0.01583653457124313,0.23342974815103743,0.19453340768814087,0.5252974033355713,0.01069552878855416,0.007028172248921718,0.029597036245293418,0.00021970578757513098,0.000191407192721785,0.00040696455175479935,0.0003239600045033586,0.00014059673145318987,0.0006784738463243373,0.01116498675611284,0.005568563938140869,0.03311008214950562,0.0052487384057793626,0.002351129136162755,0.014646659512851015,-0.05536485891717525,0.007466520596264937,0.038691312215197164,26,19
episode_000004,random,1.5,45,0.3241043956438567,0.29703947525121194,0.7277560572284082,0.44919363443032195,0.4936961518402874,0.8851678827789002,0.0038787738646467217,0.003821628376725307,0.004960291627853544,0.006016889708997312,0.0007281451113747839,0.016265043120581066,0.22922048535611894,0.19498279690742493,0.5183138847351075,0.017198099950364695,0.012184670576696468,0.04726348403433138,0.0003524109173269797,0.0003018526931770087,0.0006404810744491088,0.0004784955874432204,0.00021165070422475793,0.0010311019928654754,0.01761504444811079,0.007639214396476746,0.05187650322914125,0.010192200466657444,0.004462059105739269,0.02744177381747567,-0.09860497429755066,0.015558265185465716,0.06140189690514812,26,19
episode_000004,real_to_sim,-0.5,45,0.4392113636899568,0.4197930844982053,0.9228783486093642,0.5274551957213054,0.7036413634169462,0.9706532837531928,0.005437002908712094,0.005680809745589018,0.007335787571898572,0.007657070986264795,0.0016128401530741327,0.02103167919316521,0.426642158958647,0.4704209864139557,0.8549132227897644,0.10506595770794568,0.05570540965879563,0.253824066607836,0.0015691933510475853,0.0013541171700702007,0.002301979774202736,0.0018780279103909766,0.0003332931028888478,0.005393392948235768,0.18938872085677252,0.18074172735214233,0.40786014795303344,-0.10491476757944267,-0.05562186515340284,-0.0014218557796454956,-0.46067991446137374,-0.43459177310944797,-0.1146008985383065,0,45
episode_000004,real_to_sim,0.0,45,0.3343002671831663,0.3391642845654582,0.7486956131794001,0.45954084921635385,0.55793661940154,0.9112841628851874,0.003879827993041093,0.003699466501018213,0.0050388776003648566,0.005806072149311673,0.00152756252481003,0.015348683351219998,0.23704655667146046,0.195211723446846,0.5265363097190857,0.0009507316380723482,0.0008695854010729012,0.0014360526567340813,2.2079860445924187e-05,2.0199204828471012e-05,3.610657439000779e-05,3.9186262836587897e-05,3.677062798392184e-05,6.549512401813139e-05,0.0008266174130969578,0.0006115436553955078,0.0016360282897949219,-3.6710726521305966e-06,-6.776366945640717e-05,0.0006843168983613257,-0.01586704269897032,-0.000532609705338055,0.002053754585285182,18,27
episode_000004,real_to_sim,0.25,45,0.2432441585123453,0.23124272774038976,0.5457266126132162,0.38126521190900875,0.45011463526744233,0.7617930428217442,0.0029534432313198305,0.002958292344791811,0.003780343984012614,0.004395557902984486,0.001455665348968285,0.011512821163084061,0.13459305299652946,0.09057295322418213,0.31679607629776,0.09134630189353009,0.07480979024431907,0.20915796355041555,0.0009325820882698362,0.0008975286717675814,0.0013574444875842464,0.0014225942794029102,0.0001767829275035742,0.0040353180920531554,0.10267365707291497,0.06775456666946411,0.24033315777778627,0.09105243759816885,0.07480605648752228,0.20912858594536246,0.23170424761627442,0.23727638015313168,0.353397792194476,45,0
episode_000004,real_to_sim,0.5,45,0.13488931848156532,0.12779790726199075,0.30599203891262017,0.24298739348075496,0.2591679747235185,0.5018642828402228,0.0019619634655338057,0.0020142503958836097,0.0023356927992657793,0.0028542407785951485,0.001137927891258521,0.007440546454066184,0.06743967466884189,0.03226333111524582,0.19206629097461722,0.1997692121781488,0.1399726659999103,0.4613448671411588,0.0019237900975337548,0.0018400250732333518,0.0027088281081241016,0.0029617479679055,0.00036269257567773835,0.00819311625149076,0.16982703540060257,0.13545699417591095,0.41686791330575945,0.19940727762894883,0.1399656289152003,0.46127735489783667,0.4879167005456532,0.5441967612502356,0.6835853229462225,45,0
episode_000004,real_to_sim,0.75,45,0.04689912995117286,0.04939022523129313,0.09396967852247758,0.09212886072763007,0.09699846767745926,0.1711218818324866,0.000953072791959762,0.000991253883304148,0.0011262802618706175,0.0013662488968182406,0.0005602800122238294,0.003483807874510747,0.027623833467562992,0.009003639221191406,0.06796876341104517,0.28785308782065155,0.203047593674492,0.6620261046725839,0.0029315628850851835,0.0028744313569009578,0.003927142196555675,0.0044503651952273815,0.0007851789171124928,0.012034067578819578,0.20964287660188144,0.1870412826538086,0.49677122831344606,0.28739746615934125,0.20297626868485152,0.6619047715209473,0.7072205381917801,0.7742323560739829,0.9246457787098087,45,0
episode_000004,real_to_sim,1.0,45,0.0007084653694351549,0.0007881437095074443,0.0012932221733291144,0.0011006090778828232,0.0014798779797889087,0.001819634984686513,2.1790930634857256e-05,1.8692343257312504e-05,4.058691373914259e-05,5.4716704640825814e-05,5.504827743538229e-05,8.399888252707936e-05,0.0005075112709568607,0.00013410206884145737,0.00130232572555542,0.3343894132134346,0.3386611616150364,0.7486715095755371,0.0038883772780489,0.0036839073931860867,0.005045913009485523,0.005788774974462,0.0014775592372480936,0.015402554715053205,0.23717058571055533,0.19600345892831683,0.5280000887811184,0.333588130741079,0.3386182539885082,0.7482303986998549,0.8572879394187842,0.9982388587007998,0.9997992999208928,45,0
episode_000004,real_to_sim,1.5,45,0.04823460399054853,0.011462071636633547,0.176867157858004,0.09921922171410677,0.016191531522255807,0.4151156613546213,0.001708332168615348,0.001588432848335666,0.0023516279291168883,0.002225388974463104,0.0011256001308437408,0.0056483565650953865,0.030629883465978006,0.004840891691856086,0.031746003031730696,0.3819299151627534,0.4420533576638899,0.7745540302815054,0.005585888791038466,0.005693898521631874,0.006769254175513307,0.007985824989797559,0.0029138836620261105,0.020968397269861626,0.26786829589917843,0.20363488607108593,0.6742451078258456,0.2860619921199656,0.18484827512278643,0.7231657880006908,0.5703600371519871,0.7158633829916464,0.9810348182479116,39,6
episode_000005,orthogonal,-0.5,43,0.4377861454052495,0.532863681721963,0.9020411663472887,0.49913770998075896,0.7607002894864199,0.9369079037684538,0.004765518273147171,0.005104279396771033,0.007846230847144408,0.008090292446185893,0.0026986408329624234,0.02047709051565586,0.42088257711987165,0.5063999891281128,0.8518337488174439,0.0031861042701502797,0.001476342371771353,0.00762653897912628,8.86481009460927e-05,6.44642329479252e-05,0.00017591969291640136,0.00014339307287746918,7.666138789827703e-05,0.0003754132215258532,0.004446456598681073,0.0018175840377807617,0.013757550716400155,0.001169671551360473,0.00015801696033040545,0.005294064259854531,-0.03222658090653756,0.0022359222577498245,0.04777372247767189,27,16
episode_000005,orthogonal,0.0,43,0.43895282904167604,0.5390252452123231,0.9050725857553703,0.5003236288282625,0.7735004893512961,0.9371252097412656,0.004784479388043384,0.005131165729495295,0.007820581376865636,0.008055006247385952,0.0028058638984537624,0.020509578683553794,0.4223770069521527,0.5120658278465271,0.853908383846283,0.0010674700309752521,0.0011765754217137284,0.0014365925469610756,1.6964855830414247e-05,1.5259278830508566e-05,2.905742854401132e-05,3.9482967030819833e-05,3.229104406851814e-05,7.408063851981967e-05,0.0012162507966507314,0.0012266039848327637,0.001974010467529297,2.9879149338472173e-06,-4.860959447072766e-06,0.0004135079198022807,-0.026795902049267035,-6.720420922329539e-06,0.06043455232335898,21,22
episode_000005,orthogonal,0.25,43,0.4386413725263897,0.5403959952037167,0.9048104131692093,0.5003657465219105,0.7778299533639157,0.9363527660876562,0.004766132075987398,0.005129342648152158,0.007772726676516373,0.008041574447654245,0.0028485895770717622,0.020469838672307495,0.42166978675265643,0.5066395998001099,0.8527462244033814,0.001974519584845319,0.0013633230395124394,0.00312485407682265,5.0828306741745924e-05,3.9834247403470396e-05,9.773662324393414e-05,8.111060075336921e-05,6.339090618912815e-05,0.00017447488902193477,0.00262243110080098,0.0018811225891113281,0.004804670810699465,0.000314444430220303,0.00012889180421015063,0.0021373292852610044,-0.029442438310454715,0.0005283900823975158,0.043163011933972754,24,19
episode_000005,orthogonal,0.5,43,0.4377799147206081,0.5407760544248695,0.9034026896819505,0.5000589235920285,0.7808230069290344,0.9352886207795095,0.004729804952850819,0.005057784621244593,0.007696407334420098,0.008031871040695958,0.002879562380916402,0.02044676883456165,0.42004662613536037,0.49060195684432983,0.8502057313919068,0.0032533785852132784,0.0016333821928206141,0.0058995263529738095,0.00010950432615533333,9.37182599647892e-05,0.00020287018265716247,0.0001392120386517453,9.303387977535667e-05,0.0003395279997175864,0.004860378975091979,0.002263963222503662,0.0097070574760437,0.001175902236001866,0.0002293990216904881,0.004896565883205464,-0.03566090221020852,0.0017392338102517307,0.0349621228068186,27,16
episode_000005,orthogonal,0.75,43,0.43649548868766785,0.5404624465153499,0.9011764779875657,0.499530169464027,0.7830989891458562,0.9339481793820943,0.004680171677705593,0.004959798206183349,0.007604461329151971,0.008024319917175582,0.0028953918592595747,0.02043784241155106,0.41764709977216496,0.4766930043697357,0.8455490469932557,0.004767882775761528,0.002027475526488666,0.00936466549664298,0.00018356175203282878,0.0001677596428753816,0.000351177636422156,0.00019627035790144523,0.00011800594180687369,0.0005113714201322923,0.007470620232959127,0.003518223762512207,0.016963911056518555,0.002460328268942092,0.0003893614362501241,0.008382000846256536,-0.04529392701209203,0.00341690835356198,0.035321207348346526,29,14
episode_000005,orthogonal,1.0,43,0.4348981117700996,0.5396284397321411,0.8983083910768123,0.49891873023224353,0.7848617202030134,0.9328290454938624,0.004621692958199201,0.004807897844046471,0.0074993825513018685,0.008018075827651695,0.0029041427069048647,0.02045183381646506,0.41463384309480356,0.46176737546920776,0.8399515628814698,0.006521336775917488,0.0025753478238719615,0.013543481289231782,0.0002686993492569471,0.0002688343444464308,0.0005235469691479359,0.000252182119453218,0.00014304983981707506,0.0006637591815727194,0.010543914035309193,0.0050716400146484375,0.0258071780204773,0.004057705186510169,0.0009278300708070175,0.012409472370027258,-0.058144968480761915,0.0049899614433790325,0.04023106120379772,27,16
episode_000005,orthogonal,1.5,43,0.43111986961531934,0.5371624375295869,0.889899287116899,0.49741846361893227,0.7878629840193306,0.930676347111043,0.004490371142733143,0.004540930721010548,0.007266753546412822,0.00801851326723962,0.002920867948070649,0.02036762598333939,0.407386933648309,0.43893563747406006,0.826862919330597,0.010525270121137143,0.0037970235246556905,0.0232748166632168,0.00045843353996995065,0.0004510814792636577,0.0008960457248975848,0.00035854122353514377,0.0001866808027686925,0.000951117426544006,0.017583490804184313,0.006499588489532471,0.0459344506263733,0.007835947341290533,0.0021913239114005334,0.021545784660917618,-0.09309714087877796,0.008334474139470114,0.04482176194227658,27,16
episode_000005,random,-0.5,43,0.43810372233452255,0.535971828164168,0.9021716355501901,0.5002733646910842,0.7769933814302625,0.9373067519679253,0.004749890283132649,0.004983286437365821,0.007791691375648722,0.008025634466727704,0.002769992122715495,0.02041464186622921,0.42032564933909927,0.5090395212173462,0.8506992220878602,0.002954080675581821,0.0016911762598970793,0.00689104348447347,0.00011704087418963014,8.192121708439194e-05,0.00024197187063037094,0.00011886763177884084,5.781049603479632e-05,0.0002967121390309573,0.004485411699428115,0.0021737217903137207,0.013847422599792504,0.0008520946220873694,8.367402766935005e-05,0.004168947824826712,-0.039476387795228635,0.0017061464479267644,0.02098567487879214,25,18
episode_000005,random,0.0,43,0.4389528290459566,0.5390252452123231,0.9050725857553703,0.5003236288333024,0.7735004893512961,0.9371252097412656,0.004784479416830544,0.005131165729495295,0.007820581376865636,0.008055006257855428,0.0028058638984537624,0.020509578683553794,0.4223770069521527,0.5120658278465271,0.853908383846283,0.0010674700311103576,0.0011765754217137284,0.0014365925469610756,1.6964829086496545e-05,1.5259278830508566e-05,2.905742854401132e-05,3.948305385115697e-05,3.229104406851814e-05,7.408063851981967e-05,0.0012162507966507314,0.0012266039848327637,0.001974010467529297,2.987910653225555e-06,-4.860959447072766e-06,0.0004135079198022807,-0.026795902933120997,-6.720420922329539e-06,0.06043455232335898,21,22
episode_000005,random,0.25,43,0.4384860374390014,0.5388688037256734,0.9047339464093518,0.4997348157641913,0.7698102459878561,0.9361829518724059,0.004775084511249736,0.005206422662631771,0.007792065525231007,0.008074239097025763,0.0028255779138913286,0.020562823645111035,0.42192440116128255,0.5116420984268188,0.8543623447418214,0.0018639002139268282,0.0013157978838706295,0.003623395613671396,5.870375218095274e-05,5.053914173636559e-05,0.00011649548784461333,7.177628838661038e-05,6.889526066905758e-05,0.00014481160282986343,0.002316797888556192,0.001708388328552246,0.005357408523559572,0.0004697795176084241,0.00012329820766827405,0.0016176512127704218,-0.025595184766068604,0.0008782745737385743,0.07184499506549039,23,20
episode_000005,random,0.5,43,0.43745310386187236,0.5376776432020094,0.9033606148329945,0.498773261409284,0.7645964324146183,0.9347005129142311,0.004748152329822022,0.00526683888557172,0.0077898463381522185,0.008094538024940855,0.0028402344590307137,0.02061811070884779,0.4205448364102563,0.5158293843269348,0.8476134061813354,0.0031782092856943826,0.0019180870291514531,0.007024651699195897,0.00011357707068985199,9.702474009781308e-05,0.0002439198257964551,0.00011879027079538941,8.435127821133966e-05,0.00026405021497171886,0.004206667112749677,0.0020402073860168457,0.009537649154663087,0.0015027130947375565,0.000395078586793037,0.004369296857579742,-0.027936245397613503,0.001931527971645647,0.080402442472317,30,13
episode_000005,random,0.75,43,0.43598019999745613,0.5356346769812179,0.9012095056992903,0.4976063875981996,0.7579239482355066,0.9341548049240315,0.004708330218234177,0.005214063227704311,0.007635160379416317,0.008118444948432873,0.0028451120196851024,0.02066592798074633,0.41841287945592126,0.5182952284812927,0.8482566237449646,0.004798948806885981,0.0027224814947896738,0.011775504585346408,0.00017644080728469353,0.00012942726059927593,0.0003864495308817444,0.0001695029102334756,0.00010137870271647013,0.00040862695383825956,0.0065010924671971525,0.0025500059127807617,0.015788650512695315,0.002975616959153717,0.0005845816422003595,0.008757570882436767,-0.03387446310186464,0.004688332078574008,0.07959332893875794,30,13
episode_000005,random,1.0,43,0.4341909596934394,0.5331099114012181,0.8985186229927882,0.496364349963125,0.750258314143211,0.9333896762222033,0.0046591468946510775,0.0051413519360047335,0.007539487961672644,0.008142738607345261,0.0028479604625631003,0.020568878231375057,0.4157040895417679,0.5091084837913513,0.8475921511650085,0.006687328334136666,0.003544420806237073,0.017244065051214525,0.00024906544952981206,0.00021964162459532386,0.0005510300178374774,0.00022400316701421272,0.00011900548814021297,0.0006013467281962137,0.00922679623892141,0.002690911293029785,0.023729968070983893,0.004764857263170488,0.0007983270317264554,0.014099931484512196,-0.0433337528134863,0.007255072231331019,0.0511378216288726,30,13
episode_000005,random,1.5,43,0.42996827497099466,0.5270492491759712,0.8894542074598304,0.49372800453504656,0.742046942439457,0.9318066634609257,0.004548292464043154,0.004987708854445735,0.007559200667909216,0.00819657872525613,0.0028854781132166144,0.020260562607170893,0.4090886566528054,0.4850194752216339,0.839521324634552,0.01104992886880962,0.004747368707694736,0.026903531741141858,0.0004084376502392298,0.00033875578882261903,0.0008963884353551632,0.00033198512953451807,0.00016363227676699632,0.0008590956994156188,0.015568682620691698,0.004310250282287598,0.04121558666229249,0.008987541985615195,0.0014129326076286197,0.02450893007442197,-0.07201276755383566,0.010951538602925224,0.05105327226362901,30,13
episode_000005,real_to_sim,-0.5,43,0.48710979259785886,0.6105135826091141,0.9715854866360925,0.5351582598396201,0.8976990251589535,0.9843954914675818,0.0068499483867905395,0.007470322448625568,0.012178623425544642,0.009692864946169019,0.0028139176641651105,0.02415139680237304,0.528519238150397,0.8900845646858215,0.9830199122428894,0.0484400122434081,0.02970983341270598,0.16769481988799445,0.002108451876459437,0.0024630615094307167,0.003744650018510205,0.0016591695017189414,0.00029899512485369453,0.0059781890279478524,0.106423603933911,0.06244546175003052,0.3401916623115544,-0.04815397564124888,-0.029636018114688745,-0.0004593490754201839,-0.25703250849179277,-0.15586030568135148,-0.04201536068209339,0,43
episode_000005,real_to_sim,0.0,43,0.4389528290481704,0.5390252452123231,0.9050725857553703,0.5003236288333024,0.7735004893512961,0.9371252097412656,0.004784479416830544,0.005131165729495295,0.007820581376865636,0.008055006257855428,0.0028058638984537624,0.020509578683553794,0.4223770069521527,0.5120658278465271,0.853908383846283,0.0010674700327691885,0.0011765754217137284,0.0014365925469610756,1.6964829086496545e-05,1.5259278830508566e-05,2.905742854401132e-05,3.948305385115697e-05,3.229104406851814e-05,7.408063851981967e-05,0.0012162507966507314,0.0012266039848327637,0.001974010467529297,2.987908439471726e-06,-4.860959447072766e-06,0.0004135079198022807,-0.02679590339021233,-6.720420922329539e-06,0.06043455232335898,21,22
episode_000005,real_to_sim,0.25,43,0.36038499006343105,0.45477781541969275,0.7646646569875637,0.450601847651141,0.6940936782513651,0.873360187958066,0.0035887479600901113,0.003725357642304183,0.005576294821199816,0.006128333762788834,0.0027412322943293045,0.014941996884020934,0.26817246647768245,0.25456494092941284,0.586372458934784,0.07896246344328094,0.06286618415936569,0.20775989785137708,0.001202538185773034,0.0013536837658595603,0.0021667300440419836,0.0019350832461801973,0.00021628279938459792,0.005022520597336706,0.1546657917111419,0.1471279263496399,0.35556909441947937,0.07857082689317889,0.06284295207441881,0.2077401363738077,0.15215599064257787,0.15738775370485034,0.28553020094296966,40,3
episode_000005,real_to_sim,0.5,43,0.23322611395173817,0.25971484897785646,0.5410178398439686,0.34519323844389016,0.4073198424267408,0.7347712185291118,0.0023250923908034915,0.002391686537214922,0.003640298961368051,0.003888613528901728,0.0022717973283820775,0.00888191244939508,0.11251243047936019,0.07731537520885468,0.29037503004074106,0.2060801228612051,0.21624348284265102,0.4722222368333204,0.0024659116988350544,0.002717077514526894,0.004461027462109752,0.004173132168733175,0.0005506125446158026,0.01119124215106969,0.31033983895944994,0.4289102107286453,0.7006706237792969,0.20572970300487173,0.2162317895067042,0.4721750581965514,0.3908060285277984,0.39798590229271813,0.6237407511195204,42,1
episode_000005,real_to_sim,0.75,43,0.09346733303031526,0.07629359174692259,0.2513851397998691,0.1737658570572467,0.13679157005122983,0.4558557569920001,0.0010910755790048744,0.0010866982177407986,0.0017165327322088532,0.0017937122125420597,0.0014934262419173268,0.004050915314409275,0.036377771519297775,0.015905028209090233,0.07847174853086479,0.3458433537528954,0.378514613267085,0.7694462538412151,0.003696720265388005,0.003976637674681661,0.006499594305564677,0.006266603677427826,0.0013256016131730241,0.01630336713452846,0.3865047299498042,0.48782689683139324,0.8089612022042274,0.3454884839262946,0.37850458974508816,0.76933843229432,0.6451404461744334,0.6613827927353603,0.8927544739812224,43,0
episode_000005,real_to_sim,1.0,43,0.0006744065733933487,0.0007457157066963997,0.0012019175229195636,0.001372073147408134,0.0014736446916170226,0.0020362280890127062,1.6070634535003717e-05,1.4641580403107482e-05,3.004275774556257e-05,2.9723850020369464e-05,2.9280327744433888e-05,4.933946034274929e-05,0.0008136139110510432,0.00022489577531814575,0.001987409591674805,0.4390197494279315,0.538967451067022,0.90476240855008,0.0047876901452577674,0.005157694422895724,0.007830178650626629,0.008057803467172298,0.0027926796898371663,0.02053698336272789,0.42235521447498264,0.5111243287101388,0.8554948065429927,0.43828141038321655,0.5371993092478364,0.9045511101665475,0.8237635910083596,0.9976947199502555,0.99980975767772,43,0
episode_000005,real_to_sim,1.5,43,0.058314954937287895,0.017082978256124454,0.17620877692264245,0.1297289160095471,0.03707280891567151,0.45080520033165783,0.001784424525337864,0.0015643461395536164,0.002866268174264659,0.0028360478090999324,0.0032594224468452354,0.005868386460297575,0.03598338735511873,0.006443798542022705,0.016981913545168956,0.4964937403059628,0.7443497244637426,0.9389023326077857,0.0065610043236129035,0.0066875754789076725,0.009871035796087552,0.010872283524105183,0.006409913692437142,0.025851514742281045,0.45810623178502197,0.5296719649340957,0.9025278749119027,0.38064086201932207,0.3071668313299025,0.8836189872858405,0.5061948727266552,0.7440873869497493,0.9794270710499263,36,7
