feature,token_index,token_l2_mean,token_l2_std,token_cosine_mean,token_cosine_std,real_token_variance,sim_token_variance,variance_ratio_sim_over_real
vision_backbone.output,0,184.5815276700312,31.14242212270637,0.2780133556001992,0.09692132643570632,26.454352491901968,31.029222472348202,1.172934490906427
vision_backbone.output,1,189.8587855077527,32.651981374197156,0.3173215814662155,0.0964201217352665,23.670979558465824,29.092302086837353,1.229028229059182
vision_backbone.output,2,198.886048214601,26.249508523951288,0.29912640980871735,0.07772869278774788,27.51754968980605,33.49338581601602,1.2171645438483114
vision_backbone.output,3,196.75341712291117,24.235237504960313,0.289162715758195,0.06849799460823737,27.337654754680106,33.91839700606461,1.2407208047083083
vision_backbone.output,4,190.5197128202927,28.126494604341254,0.2532508805706556,0.08010537335007342,28.82010634319524,36.83698021504529,1.2781694757258564
vision_backbone.output,5,180.73252086882377,30.542534560183466,0.23445499017104054,0.08650383556082847,28.577322099164505,35.62712792754121,1.2466923179125595
vision_backbone.output,6,189.71182581732936,26.381664161421703,0.2545961836926908,0.07080020227356704,28.01749388251856,36.39025185850959,1.2988403606367946
vision_backbone.output,7,195.23519974848642,31.35719718815626,0.28296668941724157,0.08459532725802762,27.07420927271135,34.78472653731539,1.2847919651849493
vision_backbone.output,8,199.56938300194736,41.45688291891165,0.2956954390102692,0.11212587591803261,28.7025315285418,33.937884281357434,1.182400383311472
vision_backbone.output,9,194.364537852912,46.25655638007969,0.28426112937170306,0.12651959241692487,28.64470009586591,33.592135470705706,1.17271730401373
vision_backbone.output,10,187.20133908500338,27.22583245236093,0.2613097403473725,0.07633025427488249,28.156662846926537,33.849974483258926,1.2022012220441047
vision_backbone.output,11,173.4524804968046,23.119454432660557,0.243691796834489,0.06943781324483314,26.970445403576726,30.326385946117302,1.1244302973986304
vision_backbone.output,12,188.63753978118825,30.994941997200936,0.2795205930115924,0.0921867721729913,26.929986680128238,32.28724329060836,1.1989327612417005
vision_backbone.output,13,194.60490196913494,51.60910532142721,0.34618200785466147,0.13722911098441,24.113068016734328,26.70213181158898,1.107371811544589
vision_backbone.output,14,200.81081959636714,46.75335424016596,0.33036305994288734,0.1314755592581726,27.18755765752343,30.841939170082657,1.1344137475897167
vision_backbone.output,15,187.86240635856416,52.39447872719522,0.27264746816605023,0.14201340674138782,29.66048385019905,32.36107407197671,1.0910501067823792
vision_backbone.output,16,197.4350678017334,35.35928033571138,0.31440214979245806,0.10663122978936976,25.651795271432867,32.03179510619136,1.2487155291568846
vision_backbone.output,17,188.68919136563258,34.80246184913182,0.29852702946260434,0.10820475540249651,26.028526185578663,30.627736890982693,1.1766988523519346
vision_backbone.output,18,183.61556316824985,24.61595713463644,0.2758420183850357,0.08007577417521797,26.71632609659116,30.456262588060664,1.1399869307609138
vision_backbone.output,19,180.48632652479537,23.994819587759416,0.25987105077173606,0.0728253966517039,28.029203908316713,30.2999444645166,1.081013380316739
vision_backbone.output,20,180.96452437985286,22.44900036155774,0.24443579779543098,0.06408565214604181,28.726741370847535,33.14829198667029,1.15391758357632
vision_backbone.output,21,172.4686987943816,21.997828078810354,0.20683671644570273,0.05853952685735156,30.63944523275999,35.75700337882633,1.1670251568587346
vision_backbone.output,22,181.33351922762827,26.327006247697827,0.23673618247407963,0.07943466162569474,29.33329991439457,35.10838079961181,1.1968779817501292
vision_backbone.output,23,186.74031170678964,23.194461831337442,0.2650114378709056,0.06925564687110816,27.98009206498553,33.024336305942946,1.1802797585240905
vision_backbone.output,24,193.42666713551387,31.273459643603193,0.29773893895050946,0.09527554433690791,28.20393454539218,30.797755407916732,1.0919666317601888
vision_backbone.output,25,199.8170182161339,36.65305169697176,0.32017182939826727,0.10718065224643568,27.72059141651044,30.49252550857543,1.0999954889279173
vision_backbone.output,26,191.58874742338705,21.70347737828561,0.2984951025324309,0.07654937827326115,26.344184709912877,30.95645806663459,1.175077475636822
vision_backbone.output,27,186.22426989320255,22.88480818683791,0.2817365117714257,0.07927491053939749,25.98940687284165,31.442254781808153,1.2098104022013911
vision_backbone.output,28,187.7081496910421,28.233890868982968,0.298525277736288,0.08953205579401781,25.300179638990475,29.906326281229433,1.182059839414751
vision_backbone.output,29,187.311593240548,32.40099666428913,0.3126807150939623,0.1062289724747372,25.116630348701822,28.164060814169748,1.121331182692882
vision_backbone.output,30,187.17247264108497,33.24430114340641,0.28730730772312796,0.10448694021796345,26.802917477705144,31.866775843003875,1.1889293719428449
vision_backbone.output,31,200.05893421674025,47.30530461745269,0.28944148049330226,0.11765099456328308,30.101654381563044,35.40584734118474,1.1762093502365922
vision_backbone.output,32,191.89361844522733,36.379836985750394,0.28891231359918856,0.1046345668161296,27.71378587285939,32.3076839982108,1.1657622003152697
vision_backbone.output,33,188.05620071339803,36.376675733579084,0.2925770834067216,0.10820824867220372,27.0002338702636,30.56570961324777,1.1320535133183036
vision_backbone.output,34,194.33808103040823,32.510646050036904,0.3009075215409502,0.09988003365784977,28.040853919120483,31.444251843905136,1.1213728346005878
vision_backbone.output,35,195.51485106320735,33.90773301853014,0.29766447431319937,0.09878664548300314,29.176948973645445,31.09741965453235,1.065821504593287
vision_backbone.output,36,191.02723968132437,24.998389253609147,0.26528897109691096,0.0744355141626935,30.701271625153453,33.590177222613306,1.0940972619223037
vision_backbone.output,37,186.22081138411158,27.71186764269206,0.24139589700989342,0.08216044031331388,32.130953765949144,35.59491450935299,1.1078075916649193
vision_backbone.output,38,185.51494515720057,26.52961159998399,0.23778406874984365,0.07549594985406116,30.799502542895485,36.728340882882726,1.1924978603706327
vision_backbone.output,39,203.16862403813676,34.922172226726516,0.29537100693292556,0.10214528333897677,29.129233645717708,36.52209078929114,1.2537951129606961
vision_backbone.output,40,199.4336745711243,30.449787763293198,0.29756807737238405,0.10212685387014675,28.031390881139274,34.90840287321698,1.2453325281374052
vision_backbone.output,41,194.71899774488497,31.25648289500405,0.2807782039167727,0.09718404011563347,27.72619443723941,35.357032132754554,1.2752212429581056
vision_backbone.output,42,198.3786520395556,28.32114556406557,0.3001479601409222,0.09217760282746139,26.8824573094142,33.98205456650353,1.2640977785391314
vision_backbone.output,43,198.07510177631343,27.162197132255898,0.29981154051734354,0.08622612890503968,26.42502609461257,34.08194707955512,1.2897602052511734
vision_backbone.output,44,200.71617412935623,33.202775228936375,0.3250201791388311,0.10219756189669522,26.1512951702499,31.930800590876473,1.2210026456816343
vision_backbone.output,45,188.97377920152988,32.829095891941954,0.31535177727732144,0.10324275557811044,24.608230270256456,29.09027188830245,1.1821358776646105
vision_backbone.output,46,190.60479394001342,37.94332801789488,0.2966347875024049,0.11709660218828967,27.246706079168682,32.55367411618597,1.1947746645630202
vision_backbone.output,47,194.5728193939102,45.41099275955586,0.2723174923465529,0.10740885471660379,30.36198095208462,35.56154799332614,1.171252562520448
vision_backbone.output,48,186.5250448288271,37.66846686034338,0.28375623365837993,0.10289422154085233,26.42770405999143,31.330939162067242,1.1855339037755745
vision_backbone.output,49,184.2666189815444,32.06325704499614,0.2647634357253238,0.08726280081515746,27.763733925893348,32.464270562669746,1.1693049158777784
vision_backbone.output,50,184.0102953605125,26.207353163050648,0.25216158652805726,0.07385379844409849,29.404305792249897,33.814968627526376,1.1500005770052562
vision_backbone.output,51,186.3347484762001,25.14475218916327,0.2504306577916791,0.0732438471259807,30.441916948973716,34.325081610507695,1.1275597942154194
vision_backbone.output,52,176.16214866761138,23.190274724051164,0.2049627313551073,0.06061562563783186,31.625935727125366,38.07650406969835,1.2039645055320964
vision_backbone.output,53,180.93236105590188,23.087933446529075,0.2104530538093201,0.060120120815055106,31.984520067221194,39.362697841209126,1.2306796462314074
vision_backbone.output,54,199.25548338010842,30.173495874968783,0.264452800528234,0.08751459465209478,30.29515128135024,38.98868284560472,1.286961153734401
vision_backbone.output,55,211.94656399931876,38.93051617915703,0.31392221513773017,0.10953795454655485,28.48601369912672,38.48596485702104,1.3510477549970736
vision_backbone.output,56,206.43229480956933,39.068893220057134,0.3091727159380706,0.11613987868837909,27.482353844309607,37.375236910502615,1.3599721887811074
vision_backbone.output,57,209.1066785602831,41.832505435088784,0.3262642703672436,0.13417314607210395,27.083647542728748,36.70520844503328,1.3552535118146474
vision_backbone.output,58,207.51451529154195,44.820427657958895,0.32370914778995685,0.14187598674087523,27.847021630771533,36.20524632573177,1.3001478867572764
vision_backbone.output,59,206.72356831389743,38.205288370725036,0.32154083992850047,0.11853621862444567,26.918377407880467,35.49916141998395,1.3187704772127693
vision_backbone.output,60,208.99021391388655,40.18732099516638,0.33455013006606826,0.12479981135086733,26.19204932890338,35.127988080562105,1.3411698962325092
vision_backbone.output,61,199.693516872104,35.64416614880796,0.33362290714566306,0.12184157031375731,25.61209941127995,31.41413417369717,1.226534914973113
vision_backbone.output,62,193.54900126629437,42.923761743034014,0.30718425844152103,0.13771189951288854,27.738025566516868,33.13858229759737,1.1946986716170462
vision_backbone.output,63,197.90532817270588,41.773351373444555,0.27992540657110493,0.10318035064591552,29.524818077469902,36.10654541600863,1.2229218592056688
vision_backbone.output,64,180.59193460256168,30.884539649129746,0.2535218574091934,0.08035120590588685,27.184784910907965,32.92424516596573,1.2111276684317187
vision_backbone.output,65,184.84695643034485,28.37347245240448,0.26312147183108253,0.07722813560642869,27.658468866094935,32.78899927600439,1.1854958217227527
vision_backbone.output,66,189.4036868701234,30.28426198407734,0.2680511165765909,0.08488289376664142,29.59496902972308,33.64681389251613,1.136909920693739
vision_backbone.output,67,190.9895916731868,26.23534179734087,0.26292661744741985,0.07089191363142157,29.19702521919631,34.916389693677615,1.1958886027443978
vision_backbone.output,68,186.82055597142258,30.336897066255492,0.23302699950845185,0.07836932908723086,30.33891943980273,38.63938984085144,1.2735914974664202
vision_backbone.output,69,199.7186584173594,36.540631647264874,0.2620421951378848,0.10214216696014958,30.265217771295916,40.1728927216309,1.3273617597997793
vision_backbone.output,70,219.36642464682782,43.14426444435808,0.32479060813269534,0.12842239227796712,28.791040854257982,40.238478662287264,1.397604166725924
vision_backbone.output,71,228.59343182872306,42.943566823363966,0.3623451814032363,0.13022447022508685,27.88698781124845,39.806235550806285,1.4274125201413868
vision_backbone.output,72,224.9525841605237,43.979373365198796,0.3690429388167491,0.1412146114739432,27.38775463488206,37.6677154285192,1.3753487984204518
vision_backbone.output,73,213.0774646929287,41.95101140636673,0.3362482200826792,0.13054457163637279,26.934412515315657,36.9986276391617,1.373656381705866
vision_backbone.output,74,207.75831923331504,38.44608644090695,0.32366731956905853,0.12388839316551128,26.82764098995925,35.909584112952935,1.3385293222908705
vision_backbone.output,75,216.7034973051827,42.267830882012404,0.3600481335299384,0.14388071626792723,26.099197560942557,35.25169554018253,1.350681202280973
vision_backbone.output,76,215.05357242532665,43.516375923519796,0.3497689741896195,0.13028604833307203,26.48445742287243,35.38660875256172,1.3361273817148784
vision_backbone.output,77,201.66970556043057,40.06193891404919,0.33144819404338627,0.12281718252713408,26.37512177280305,32.166595620017354,1.2195809330134064
vision_backbone.output,78,195.1537449764016,43.727563301403265,0.29844339936051223,0.12791834603147859,28.775168397202968,33.98904738224223,1.181193691486652
vision_backbone.output,79,190.7270570553144,40.00920198787321,0.2644011205028759,0.09742646928847479,29.01457987283925,35.6304247587054,1.2280179452834088
vision_backbone.output,80,179.24789073042248,32.47648290865961,0.25826514471726175,0.08714252363578577,26.373345278382622,31.623111481957388,1.1990557567938804
vision_backbone.output,81,190.6260348478562,40.01655669432854,0.29577233415360543,0.1151742978065703,26.679565193985173,31.64344066921928,1.18605533632734
vision_backbone.output,82,187.9443190513304,32.54927246888469,0.2694697638440821,0.09297114902840478,28.93809651198438,33.25905150439872,1.1493171809218643
vision_backbone.output,83,186.06550211056538,26.68910099959104,0.26941850923401983,0.08058390168790068,27.91146117204505,32.02148165590305,1.1472520717752472
vision_backbone.output,84,194.92851634828077,40.31880931502516,0.27058458930729484,0.10893919916645765,28.726608405291568,36.723136861942045,1.2783666050593525
vision_backbone.output,85,196.0279164302649,35.28268456294423,0.26168883423742534,0.09343470479963584,29.40923479732327,38.43477110330199,1.3068946325254338
vision_backbone.output,86,209.71378299469305,37.474684621026974,0.30086486270271307,0.10243473005045607,28.776970807820756,38.9467647452967,1.3534004327763394
vision_backbone.output,87,215.39520428992532,43.31620018728272,0.33298894960549996,0.12975148790225355,28.002834034974743,37.829102288856646,1.3509026351264724
vision_backbone.output,88,218.6713027699655,34.63252721746726,0.3642429710473688,0.11420842880197352,27.069588159614877,34.341484094200524,1.268637110092225
vision_backbone.output,89,214.8937053363117,29.357651981965425,0.3541834714469702,0.09536899584850185,26.779380539481295,33.58125578021825,1.2539967356865793
vision_backbone.output,90,206.08336205974913,31.396648573686967,0.33444606879052863,0.09702039403602242,25.933453716992904,32.94354344434915,1.2703106884202966
vision_backbone.output,91,199.4124530028967,32.199340029995035,0.31569724917295483,0.1003221188266594,25.850625457215575,32.72779203028934,1.2660348231982208
vision_backbone.output,92,206.12908259991414,29.199665973722386,0.3349381851779824,0.09226884213590972,25.615722703318895,32.80434250500189,1.2806331051027346
vision_backbone.output,93,194.27644034111128,31.879625297014275,0.32068066138416534,0.10292102557479216,25.709101206708247,29.83575596781192,1.160513381153399
vision_backbone.output,94,188.25879125952864,41.964198812692224,0.2904726912152216,0.12879680668944513,27.97844090902526,32.47817299945326,1.1608285502776703
vision_backbone.output,95,188.8084978439966,41.92567427623837,0.25602991958211124,0.09744168074967353,28.992339751051773,36.03882914844143,1.2430465929240508
vision_backbone.output,96,180.0745963261753,26.026598911438022,0.2725394011874859,0.072223358370695,24.773405449494437,30.18950663678044,1.2186256224776126
vision_backbone.output,97,172.95006220711957,26.49144111737855,0.2537050438223948,0.0734411096259167,25.90423931588693,29.297646605033762,1.1309981446575685
vision_backbone.output,98,178.2183499016634,23.42856469866872,0.25293182771981254,0.0737521229972055,27.549949349834502,31.482092435962553,1.1427277791402426
vision_backbone.output,99,177.80851477116042,21.805203952473786,0.260590949017133,0.06916689205078577,26.46899445180338,29.93294407029433,1.130868198442459
vision_backbone.output,100,180.71791968569082,24.07985365540839,0.24034850008855263,0.06444909781576547,27.708179723131487,34.479492364545514,1.2443795553903227
vision_backbone.output,101,183.68064741198515,27.317383452897907,0.2416389264637119,0.07263070798815816,28.37913356669885,35.722288006087446,1.2587518897337067
vision_backbone.output,102,192.75232752077534,38.25843109615508,0.2760637020996244,0.10744312450356047,27.27435305512985,35.79188571924039,1.3122909147246862
vision_backbone.output,103,203.78608136866336,39.62589487870649,0.3267461890636398,0.12206274989352672,26.832610404847195,33.35507237141892,1.2430796656814824
vision_backbone.output,104,208.76528235042286,42.36319354276272,0.35121114414302324,0.14125975285093603,27.055558255914757,32.6344660546242,1.2062019103778725
vision_backbone.output,105,209.54400011831643,39.857888467819976,0.36324157276439323,0.13687804289515693,26.41827224153647,31.4158437010361,1.189171018218297
vision_backbone.output,106,213.69983277210832,34.38916153452954,0.3779524534774376,0.12006932018524279,26.009878733871123,30.873417387785455,1.186988132612123
vision_backbone.output,107,207.83156275796355,32.30648626773717,0.36415801366897804,0.10490905302004243,25.102523579449446,30.328323598717535,1.2081782735002096
vision_backbone.output,108,213.00298599932393,26.229934613792384,0.38230379513914836,0.08449039180054774,25.06636044784523,29.845862544191682,1.1906739554907066
vision_backbone.output,109,202.83068236314458,24.905634412515,0.3595803832005819,0.07703314592461027,24.67775524733592,28.28108885283874,1.1460154527584845
vision_backbone.output,110,180.35713232118314,32.56419959172431,0.2777249076291734,0.11299192880917373,26.25901616778151,31.058540825179787,1.1827762558479646
vision_backbone.output,111,185.81919290564397,41.454393980484895,0.26668663656487135,0.10739811716939665,27.05280430639674,34.28859447064306,1.2674691348924367
vision_backbone.output,112,189.74187895241815,28.329384744577993,0.31327333672432106,0.0799483476081426,24.857214824758305,28.266791825587358,1.1371664937068107
vision_backbone.output,113,173.78641621331815,28.27201766445542,0.2648699705719541,0.08131562349059385,25.593475227196716,28.109073636548224,1.0982906145812634
vision_backbone.output,114,174.74841251744948,21.69354242608323,0.2460042209280398,0.06712218559044804,27.365149858431028,31.067080188864487,1.1352790081393587
vision_backbone.output,115,176.57494353108916,17.599204499184847,0.25771198042821336,0.055589429760479536,26.22983294469534,29.715233738570387,1.1328792600861732
vision_backbone.output,116,175.1662924876753,23.368125927183634,0.23917071485569832,0.06027291628261372,26.378090062645363,32.40301298095113,1.2284063366224458
vision_backbone.output,117,186.89353235473448,30.81851259228453,0.270731937699171,0.08800835466537006,26.479383837577767,33.22275885943548,1.254665103358182
vision_backbone.output,118,197.56664633533458,35.23720657912522,0.30672942108270584,0.09311821513360982,25.65464742866686,33.04576414161734,1.2881004984964848
vision_backbone.output,119,208.97407704943956,46.016363653420576,0.35246626764447286,0.14425943398770458,26.374820283072822,32.693709791536264,1.2395803816156754
vision_backbone.output,120,203.2075583624926,41.368149648886856,0.34615650930072617,0.1416045447171797,27.432402120497333,30.001464603490145,1.09365065704812
vision_backbone.output,121,197.57086008410033,33.02497287821246,0.3291932445132586,0.1158139546776716,27.94930657282528,28.681966874165955,1.0262138990615615
vision_backbone.output,122,205.59455925330755,35.66730838839844,0.3545462916942038,0.12390262402456283,27.770811178931243,29.29192968393029,1.054774003366278
vision_backbone.output,123,201.06917699990794,27.091601102329765,0.35169866806556077,0.09576373988714765,25.570981271384998,28.34375729055243,1.1084344785106188
vision_backbone.output,124,197.79713252126953,30.286014727654003,0.34932479027584856,0.10236866906041878,24.395708251923413,28.085418149051822,1.1512442212796796
vision_backbone.output,125,186.3495282963894,26.02311242293992,0.3189615183590772,0.09557807823657488,23.72928656211481,27.57811122933142,1.1621972349291563
vision_backbone.output,126,171.6929566675338,33.323771965507206,0.2567810587336158,0.11171011650018242,26.408567132862554,30.979934941215202,1.173101697845018
vision_backbone.output,127,176.1285799948032,37.63762386350487,0.24838304451918192,0.10085789704705098,26.37971013047398,33.00993101068884,1.2513378974758176
vision_backbone.output,128,171.2230097600129,30.747950167995885,0.26491139702085237,0.08844366420829425,24.6312206540944,27.757852933930423,1.1269377723396055
vision_backbone.output,129,171.14696489266237,23.51427916004,0.26626881493301274,0.07586404641071996,24.39483764131533,27.28062820283524,1.118295132927325
vision_backbone.output,130,170.19237243756086,24.64701928892107,0.24524345197154288,0.08205005892196743,26.74764046987932,29.46945960929643,1.1017592240512641
vision_backbone.output,131,169.07917168573516,21.867642539110356,0.2494599881656809,0.0769272210800943,25.10126948626237,28.462293467233103,1.1338985656805198
vision_backbone.output,132,167.50644608028028,21.40953347405899,0.24040130781333258,0.05880465362516757,24.602602824830885,29.17054789383015,1.185669179050801
vision_backbone.output,133,179.32135836943036,28.177271987427293,0.27454977837975847,0.08007070526535702,24.782449648813568,29.417331735747187,1.1870227581459247
vision_backbone.output,134,187.46232600712023,31.963032863623116,0.30968175703564865,0.09602899362924171,23.627934921558484,28.938286404745206,1.2247488619219735
vision_backbone.output,135,197.4164348399762,24.399368120815208,0.3461306205149918,0.0837994999392135,24.517057236561207,27.858764739170237,1.1363013297381257
vision_backbone.output,136,201.68868898287505,36.18048480698776,0.3319363057760725,0.1136754065530349,28.379091481595196,29.26432888336077,1.031193296034148
vision_backbone.output,137,214.81021148325908,41.31438466258902,0.3642993827978982,0.1294158433796679,28.601989710210837,31.272395626717223,1.0933643408574845
vision_backbone.output,138,209.38352900846078,51.993090266558426,0.3617640906205813,0.16157862083899183,27.276013446900908,30.639597311466254,1.1233165495798476
vision_backbone.output,139,203.0992249000148,27.882622357876425,0.365259208038292,0.09836485760172295,25.00385067790383,27.887618868519645,1.1153329632209104
vision_backbone.output,140,196.07232143438577,28.62384313964688,0.3519522742861539,0.10080581481203736,23.537245510671358,27.527982796304165,1.1695498856832454
vision_backbone.output,141,180.60702703688506,32.69532693067998,0.30281411605416375,0.11848995298639786,23.93782401310117,27.93392058143004,1.1669365004163206
vision_backbone.output,142,180.04801481874688,35.314980715826394,0.284285980180061,0.12944263965386957,26.74858133206423,30.436495635737554,1.1378732672918441
vision_backbone.output,143,174.74693902269445,36.85911387952105,0.2520874152949285,0.10788419659157525,26.727980959445688,31.52201755092374,1.179363963134815
vision_backbone.output,144,169.05449253154,30.798675780421465,0.25344763438170304,0.08893044665879804,25.212343927136676,28.297450215043245,1.122364913663818
vision_backbone.output,145,162.03092374898625,23.151857299039243,0.23555629369210793,0.07273444170374756,24.654086233430302,27.870139279668493,1.1304470591928613
vision_backbone.output,146,166.2431767203162,20.466991114224253,0.23019902812686244,0.06983825452403039,26.797292624869154,30.12325693924933,1.1241156844066227
vision_backbone.output,147,168.32833503386493,20.639054400122824,0.24229072458927783,0.07008829435388862,25.672392853929576,29.11290994669115,1.1340162217186913
vision_backbone.output,148,169.26567330241974,26.491518369920872,0.252801561327074,0.08781096939143819,24.60075432371864,28.53604906919065,1.1599664259757199
vision_backbone.output,149,171.28278380315285,24.08051098482503,0.2543133825224047,0.07714823710543851,24.650938276228036,28.96984439971449,1.1752025044682117
vision_backbone.output,150,177.15343225536603,20.074849346833233,0.27352228600222694,0.0709182544439859,24.19223132211839,29.008655999048745,1.1990897248294254
vision_backbone.output,151,190.7603906129034,20.539416391422122,0.3011574737839573,0.0708005665576868,26.277025650625486,29.674546094909637,1.129296233502869
vision_backbone.output,152,234.25284820989881,19.749253194978248,0.4189790669698411,0.06863779875269134,28.910399544952593,31.545750406181,1.091155809075925
vision_backbone.output,153,214.4323216547965,29.82401401431485,0.3713531151840516,0.10520075234996756,27.461410105110364,30.3545123404404,1.1053515542084873
vision_backbone.output,154,235.93360213169058,30.80276375976585,0.45666514485999693,0.10146068502415093,26.507646268680734,29.960258704126684,1.1302496796754555
vision_backbone.output,155,241.6405256954569,27.039004262884056,0.5156188941204394,0.12228916025105918,25.232509470958668,27.623733005249402,1.0947675670960477
vision_backbone.output,156,208.2144080344799,32.42437667612393,0.3868791770777798,0.1325770345616166,24.304789424236574,29.017297629622043,1.1938921635209143
vision_backbone.output,157,195.909562284841,42.97099561150386,0.3450593599550688,0.16633796107347645,25.66305998615871,29.581231582205753,1.152677490453605
vision_backbone.output,158,190.62203643871277,38.810740776560245,0.30612585653632146,0.14163158712491603,27.092699560474923,31.82060961160702,1.1745086361947321
vision_backbone.output,159,177.2181685485229,43.71529679547881,0.2609998399916719,0.12887709327182612,26.726480237448854,31.91274463486174,1.1940496597881955
vision_backbone.output,160,164.8221275798642,25.296391114370113,0.2405592680398407,0.07585556337167189,25.678222844740763,27.59916803528613,1.074808338651785
vision_backbone.output,161,174.74022826364444,31.8677805279101,0.28026539808649825,0.10890217592481977,24.646363749970202,27.156867068451145,1.1018610024565583
vision_backbone.output,162,178.8768032729182,28.06606509164361,0.27836922272064485,0.10481380138659568,26.616323379191513,28.562807122833114,1.073131202830341
vision_backbone.output,163,175.75217453061612,23.196288079561917,0.27566307989709526,0.0902135579059022,25.45980593686262,27.831706346720278,1.0931625486753394
vision_backbone.output,164,176.86779509484833,20.632335921650096,0.2836440463148938,0.07259261978996037,24.32237959750231,27.182168055409385,1.1175784814328262
vision_backbone.output,165,185.11314652946686,25.554704538231803,0.3101153252934236,0.09026078164494335,24.219001686004056,27.298311102509274,1.1271443578239941
vision_backbone.output,166,186.91308221597347,16.582361496691963,0.31277546016987595,0.06084305209691701,23.742348086943817,27.749178465491365,1.1687630205687596
vision_backbone.output,167,194.21052413151227,18.92004110992394,0.34669471504698673,0.07702385327226167,24.0559206909488,26.606157876805604,1.1060128697055585
vision_backbone.output,168,245.25231100326798,26.815831682337766,0.4753975832684566,0.11122417200162596,28.327687961952194,30.700061506133267,1.08374751753011
vision_backbone.output,169,227.05238248935456,29.40909076498032,0.44501817378263053,0.08704704779795913,25.45043149640906,28.01341651468133,1.1007049730623977
vision_backbone.output,170,246.53055093915034,17.79751433470179,0.5265934445974192,0.06283499441171497,25.995224233814664,27.212939100678632,1.0468437916099973
vision_backbone.output,171,243.3659992489139,21.158919291564143,0.5280589133963451,0.09576871851385857,24.776988855077736,27.11048504057823,1.094179974780199
vision_backbone.output,172,257.2265518771623,27.93172410069577,0.5816081583446808,0.11471905374640072,24.830478847590594,27.972792350929637,1.1265506606870754
vision_backbone.output,173,241.5164761218144,59.53656563343213,0.49653016006635897,0.22124684885248166,25.969243121018597,31.427337296399664,1.2101753274034959
vision_backbone.output,174,216.4999426163322,63.74365521070995,0.41558242649854354,0.2378274312483809,26.18295273185817,31.33738016122866,1.1968619613745408
vision_backbone.output,175,174.86817978772692,47.79104888876627,0.2671267127478675,0.154900572232253,27.407359391104336,31.131013449685774,1.1358632915139586
vision_backbone.output,176,169.3993062060488,35.6260475744593,0.26261605249968417,0.12348767654218802,24.8186143938005,28.151004630526703,1.134269793786659
vision_backbone.output,177,174.94782682421132,37.50017239128041,0.2900718515145008,0.13303303602721275,23.660326745007833,27.071903499228178,1.1441897565907522
vision_backbone.output,178,186.91807470526004,31.382597354479394,0.31339157070541307,0.11785681733465914,24.64504149852002,27.905153994082035,1.1322826945029811
vision_backbone.output,179,188.02822172935564,29.857192730302707,0.3265178525092378,0.10518434563951422,24.182136940875036,26.47035466494762,1.094624297665142
vision_backbone.output,180,192.1230764010628,34.082365993255316,0.3432587811219508,0.11518998229897039,24.1088062724294,26.377402532054585,1.094098240866431
vision_backbone.output,181,192.03736952316495,30.84881513116322,0.33731118685218736,0.111507086887721,24.552711338528326,26.935623054099302,1.0970528950027483
vision_backbone.output,182,200.85989960933156,29.138393773344788,0.3695051660912902,0.11558189306480121,24.938415165973893,26.49405397247434,1.0623792168085713
vision_backbone.output,183,206.41545997884177,23.073882082336755,0.39271105346802,0.09105920522908671,24.664245382608016,25.944046023257428,1.051888903179331
vision_backbone.output,184,231.5564861045734,21.222896144402213,0.4472840292392525,0.08988654771638248,27.307605358397108,28.405425282530626,1.0402019843821984
vision_backbone.output,185,254.44949321432318,22.858726397021915,0.5287753528695035,0.07335473635195415,26.713398445545817,29.644852153066715,1.1097372059753665
vision_backbone.output,186,241.03775729407963,18.170554042926494,0.5106754951592533,0.07329389948520232,26.579688810598366,25.965327341661137,0.9768860548626039
vision_backbone.output,187,242.93681242121423,22.850053723024708,0.48574977359274374,0.11092284292354046,28.46789592133154,28.494872571730614,1.0009476165879496
vision_backbone.output,188,265.27474799339535,21.484168207474298,0.6176940018853406,0.08641725640020566,25.448995383897046,27.174694192854908,1.067810095562743
vision_backbone.output,189,237.40559392219188,49.39330371137404,0.4941716920619546,0.19211478871373905,26.44220427429158,28.742754499383224,1.0870029669700552
vision_backbone.output,190,202.2434836242004,65.09235156677134,0.3733374091318831,0.24561483469604348,27.44089828386513,31.85395487845207,1.1608204129812234
vision_backbone.output,191,175.77823957213658,47.323154115151894,0.2585040876496566,0.15541344046346597,27.29877238203202,32.88159332730582,1.2045081319828286
vision_backbone.output,192,177.2224927615439,39.230820632836206,0.29900372816674564,0.13845395027698915,23.72004474283682,27.24311483719806,1.1485271268480708
vision_backbone.output,193,179.7786820911109,32.04297047962824,0.22653159349850696,0.08365791018751684,32.52633450925382,35.02634584767124,1.0768611457803878
vision_backbone.output,194,210.5262169965204,40.17666195105856,0.3991605221169172,0.13982593846280666,25.034033049911685,27.457336875334565,1.0968003765350718
vision_backbone.output,195,198.56866934313916,32.09024191099215,0.36292073240976425,0.11909628461630732,24.428176816637766,26.478786061200985,1.0839444245043524
vision_backbone.output,196,203.83888534770387,28.43020807052215,0.3847395643846747,0.10691569525050222,24.392840786402136,26.086088300384123,1.069415757221926
vision_backbone.output,197,204.5391935709959,25.55600099683655,0.3741369108675623,0.09494218639740712,25.40692702985834,26.682007184087027,1.0501863193738545
vision_backbone.output,198,216.23893570141777,28.67812147522563,0.4123643073972604,0.1022893324552887,26.197566674636203,26.619479537495597,1.0161050401397729
vision_backbone.output,199,219.8795263901189,22.12562855332204,0.4285520136409361,0.08366691422184808,25.57271082520139,26.712685939144116,1.0445777970796628
vision_backbone.output,200,243.35187782664997,29.642354270824427,0.5022434154947351,0.09480706160625282,26.342035785383988,28.012003381899195,1.063395540501156
vision_backbone.output,201,247.51977549994314,21.996475723200565,0.47715977951595945,0.08829208664331015,30.51823813959155,29.08130108031859,0.95291546475585
vision_backbone.output,202,254.07457592141682,27.65229014163571,0.5187207882258785,0.09857600438814756,29.8379335785119,27.874674989441313,0.9342025953672459
vision_backbone.output,203,237.13305016780726,14.228400064654574,0.4703444130012612,0.07801095172295651,27.88058139143244,27.755287194124683,0.9955060407260281
vision_backbone.output,204,251.4604642033268,26.202395627950306,0.548306799588116,0.09344722252871177,25.30650756701095,27.903340243277047,1.102615213473837
vision_backbone.output,205,240.13154183342263,39.540233269891985,0.5135205000222282,0.14546914890452164,24.984667180790296,27.525546460908593,1.1016975436067395
vision_backbone.output,206,231.61417612966343,43.6018241265376,0.46026947649989,0.15802527881831868,27.208574867782858,28.468023884466618,1.046288680050459
vision_backbone.output,207,175.44160621691455,51.96086144799448,0.2608613400630454,0.18090884795744755,28.191910960751997,33.05397535140575,1.1724631011151596
vision_backbone.output,208,196.35113587685873,50.22792303190417,0.3698008790662268,0.17265990946944507,24.008114230135995,26.87960780714082,1.1196051280612622
vision_backbone.output,209,202.25283752204624,32.95630910487444,0.39604681562784694,0.12709559153521816,23.030143553561146,25.327877881926526,1.0997707340825533
vision_backbone.output,210,227.5409054485365,37.08444587437047,0.4690559172689896,0.12459010936987826,24.98497786907418,26.361297315194115,1.0550858781357382
vision_backbone.output,211,211.195927220551,32.093364968417255,0.419383672237662,0.12081734009721501,23.98483972374697,25.449935123106275,1.0610842272132734
vision_backbone.output,212,212.12298306957877,26.076035349489832,0.4269117074372391,0.09579493634858942,24.411139772921224,24.488576524397775,1.003172189098784
vision_backbone.output,213,208.65405490978017,30.251577797996234,0.4088747858090713,0.1020776487031494,25.512308334512433,23.967725770966638,0.9394573574725764
vision_backbone.output,214,220.59622093324575,26.393395466678623,0.4429865049540531,0.09342197049810301,26.427882531428924,24.536081234536823,0.9284164633832352
vision_backbone.output,215,234.39424793574403,27.233848549289036,0.4879960367163178,0.09920173200639242,26.176903458956268,25.963936291693887,0.9918643101696005
vision_backbone.output,216,237.7128478032357,13.313964654891938,0.47377876320248563,0.055411882085400176,28.52287880887825,26.603400347946177,0.9327039015313349
vision_backbone.output,217,247.56040310078657,15.001739654191965,0.5217364065428577,0.06666485784226457,25.49764150823509,28.669328296359268,1.1243913789869469
vision_backbone.output,218,242.07451012499186,30.57494421544087,0.5018841835395373,0.0885459257112583,28.158652465995196,25.585845363541626,0.9086317391941774
vision_backbone.output,219,217.25921529266944,17.494660732336218,0.43955339464264576,0.07954248692915893,25.634854240116034,24.20167576831957,0.9440925835437879
vision_backbone.output,220,237.17665923369862,18.315660888696623,0.46455883712881835,0.08036622220578361,27.60613271465693,28.527316911176914,1.0333688244580126
vision_backbone.output,221,246.89376242948262,24.888515588807085,0.4909358712382042,0.07521564841126022,29.21145192903709,27.850570620328494,0.9534127467537539
vision_backbone.output,222,243.57137829458085,42.98766919433709,0.547034187238691,0.17217766824368688,24.979371732049724,26.625222077725756,1.065888380353631
vision_backbone.output,223,175.5892401058721,61.358998987270525,0.2648194381088401,0.20330095912257248,29.531458565172155,32.480840764544446,1.0998725543089374
vision_backbone.output,224,211.8832204413608,43.61433710032564,0.42837369812544923,0.1629068147758901,23.652544162899996,26.33575765531833,1.1134429122693306
vision_backbone.output,225,205.4992797896288,34.171942334934684,0.44771695940248785,0.14032738554855081,20.782785506359897,23.757463925037268,1.143131844274054
vision_backbone.output,226,222.94682855601604,37.85107482726077,0.45634010337162084,0.13765346703736392,24.593981049581043,26.599615162961573,1.081549795022498
vision_backbone.output,227,222.63259679724618,39.70810664299245,0.4540045509409256,0.14504300894621164,25.24409201817538,25.958730371431855,1.0283091327959804
vision_backbone.output,228,220.9136148850005,28.383419343621245,0.4458007510123825,0.09726053713807241,25.918187497436875,24.827385847257005,0.9579136600393935
vision_backbone.output,229,220.83166540471402,32.829479055733515,0.442905594299085,0.11278588704740634,26.68567917359893,24.533178458804283,0.9193387321794608
vision_backbone.output,230,231.47263129719585,30.403182566350296,0.4702701397389594,0.10166751711493911,27.606611501285318,25.244875960420824,0.9144503648789155
vision_backbone.output,231,251.84157327359125,31.736678465865907,0.5136276608210896,0.10666224172254785,27.356280884368577,29.67674785728882,1.0848239196961222
vision_backbone.output,232,244.78407465783556,21.209274656970106,0.47476414717108034,0.059933091019465076,27.23795688611475,30.743756216810972,1.1287100697513548
vision_backbone.output,233,203.67116344161147,15.472211000233061,0.35281453277991615,0.059499885650751705,25.00670693928255,29.113580847812766,1.164230896875062
vision_backbone.output,234,201.9574526374652,12.707855141528768,0.380838468751268,0.03881994399038218,23.42500082674245,25.602495388558914,1.0929560078960847
vision_backbone.output,235,211.93414340816847,13.44067823187354,0.40747662177601757,0.04278555092120168,23.5509389281057,26.952273236563336,1.1444245734253287
vision_backbone.output,236,220.9247540607727,24.59231687261903,0.37033355747218455,0.0888550159224975,30.94715683596694,30.61128599418502,0.9891469564211609
vision_backbone.output,237,254.0161674217464,29.416549740707772,0.5096789429152939,0.08048610219613359,30.183713648384266,28.04108540563563,0.9290137632596004
vision_backbone.output,238,225.36458000964438,39.262316956049006,0.47732811399956515,0.1538433906199028,24.216113098004932,26.322203450456055,1.0869706192702178
vision_backbone.output,239,182.9898116983386,47.395768213761734,0.28964267642801234,0.16769886851239627,26.231437904491987,30.940058734952146,1.1795029631087754
vision_backbone.output,240,215.78158380292282,55.50988743762253,0.4481214103450209,0.18939195361611746,24.151680498460472,26.40121053243147,1.0931417602230367
vision_backbone.output,241,213.98653126109477,50.89011946400335,0.4442887016434127,0.18234316610952475,23.76152458768212,26.25316051714584,1.1048601035791858
vision_backbone.output,242,213.72789938057565,45.47542964327853,0.4294515948136837,0.1664239467232925,24.359695542904184,26.390955038643522,1.0833860789500314
vision_backbone.output,243,214.90181257142893,30.811262151657072,0.4955787346906711,0.11667413875691099,21.144336621757233,22.053093536242613,1.042978738502975
vision_backbone.output,244,214.09576491882365,22.06225102477968,0.43380716705885763,0.0812339949913128,24.441178286588915,24.31909002885443,0.9950048129307466
vision_backbone.output,245,220.1671323822175,24.402412087513174,0.450440313331113,0.07872803285228082,25.098089517685082,24.522945750168173,0.9770841614413862
vision_backbone.output,246,236.4199448672913,24.33532534418605,0.5029652010065281,0.07622461108715418,26.422971798596876,24.754113154315974,0.9368406151661743
vision_backbone.output,247,244.059491738514,23.54742878029755,0.5149256282008564,0.07127963979897016,26.06680174581991,27.080780726359645,1.0388992478029009
vision_backbone.output,248,236.00616008252476,20.54946748866173,0.47112375487331176,0.06452630984386788,26.75174687033634,27.688303330502873,1.0350091702312356
vision_backbone.output,249,195.77259048318737,10.908728041077687,0.3252158778070945,0.043253834472685125,24.140091973715624,29.768759492027687,1.2331667801614306
vision_backbone.output,250,177.46174512274493,8.02385939506822,0.2775801598835509,0.02393264390165417,24.521979014531738,27.252669601656258,1.1113568601256167
vision_backbone.output,251,170.73779922085606,9.530078695630264,0.2518710410950407,0.029929536922650463,24.93132994117225,27.982844527865414,1.122396783239943
vision_backbone.output,252,195.21655212058124,19.100765342285335,0.3107901314315739,0.06097632097618806,27.211451401878556,29.44461786458063,1.0820671573052478
vision_backbone.output,253,218.59803437000045,45.23028981425791,0.4016579927876344,0.16261881802407357,29.55362920881371,28.413114173321127,0.96140863014034
vision_backbone.output,254,241.4419693710259,41.27012622404538,0.5244665258205706,0.15898197721480745,24.89452409080667,27.62662096250741,1.1097469010347412
vision_backbone.output,255,190.8003965226647,50.8221943801109,0.299008103622316,0.17363940282396675,27.597696724194822,31.952417531268406,1.1577929075239026
projector.output,0,26.25147958917512,4.334384646665416,0.3253801912979503,0.1183841794628076,0.24622727863939212,0.30214363743247385,1.227092461493566
projector.output,1,29.006565432954957,4.880159828647554,0.3740031371166658,0.12355328390676609,0.21062632381881458,0.33326599365534076,1.5822618351447066
projector.output,2,30.20543629118208,6.086563704295427,0.3311488809971476,0.12185004584244336,0.19970917219662504,0.4141687449639567,2.073859404695664
projector.output,3,28.978014755517204,5.172364894153865,0.30552584666445126,0.1113179359834795,0.21952505805943803,0.4136595624767448,1.8843386997977398
projector.output,4,28.428894672538032,5.121950720217603,0.2739026121321022,0.12006531489197195,0.25272215786390684,0.4507500603102135,1.7835795013785314
projector.output,5,26.600644666043245,5.6677992857609425,0.26968121794175476,0.11270771724804833,0.2227255539972488,0.3893893707025,1.7482922983651437
projector.output,6,29.236381726418287,5.8059970659469124,0.307870758352913,0.10510914234803809,0.1975191171247546,0.4183974448099796,2.1182630365126456
projector.output,7,29.720745845644384,5.9530886344510625,0.3304476374624076,0.12799505319383203,0.18368062996411558,0.4131630682598203,2.2493556796954426
projector.output,8,30.64189011511941,7.3510429581048875,0.3111498962822873,0.16341614384855366,0.249038924812405,0.4723624911837064,1.8967416099291532
projector.output,9,28.74673421220741,7.155854815463538,0.30383023275720317,0.16918189494019711,0.26086943926294415,0.43298892680966755,1.6597916874932792
projector.output,10,26.863037890610364,4.8289087002384194,0.31198514932743304,0.13592949444071292,0.2278166634347299,0.3751528012130685,1.6467311721495332
projector.output,11,22.958903674420508,3.3737833980584027,0.27577001581532185,0.11258117155099547,0.21846369475797717,0.2896016928101053,1.325628467150744
projector.output,12,25.324829070589864,3.8924833420255744,0.29338595844711685,0.1339743368922074,0.21401315439256932,0.341491795500654,1.5956579700435032
projector.output,13,28.349051665562122,6.524999040193826,0.39943526474025615,0.15149454719374464,0.20168068748856507,0.2888233568788296,1.4320823697866725
projector.output,14,27.739674847255067,5.386815671369521,0.35552539827329876,0.14518791888625432,0.226864394879323,0.31315570495898126,1.3803651521674858
projector.output,15,26.749572227302302,6.764553144786203,0.2783142396877365,0.15371402879239904,0.30244576032510795,0.37818132805855686,1.2504104129349953
projector.output,16,30.789498932134457,5.554505800185248,0.30699757148115536,0.1314737220461326,0.29352376107301276,0.47792703982182155,1.6282396971022026
projector.output,17,27.30305423347572,5.13258268118113,0.27753683863524475,0.11702085766603358,0.2941141275442163,0.3880936496201213,1.3195341987160285
projector.output,18,25.277411653513543,4.361305865436769,0.24409129617653477,0.08729242555353327,0.24461006486836728,0.3692497955157051,1.509544571334015
projector.output,19,23.05105714703613,3.6286698963506785,0.25905592074062167,0.08764098687566838,0.19589825910093722,0.2965719237982762,1.5139079089287186
projector.output,20,25.92290597980741,4.435343019051396,0.2148613553638326,0.07471429796464792,0.29532336656964997,0.43411996380424595,1.4699817655703913
projector.output,21,25.800919646676885,4.928285596942984,0.18325730749913444,0.06648970967729588,0.348586079178469,0.5037414092813478,1.4450990425909762
projector.output,22,26.14219710533034,4.58171495773126,0.22131786210340593,0.08742068210996962,0.2685246079994789,0.44255991064445305,1.6481167738835758
projector.output,23,26.11787731695246,4.302424625491377,0.24761325529020078,0.08849811485788515,0.22777397538417316,0.4049391573662656,1.7778113442647616
projector.output,24,25.806018136098604,5.501599551873174,0.2497319887657677,0.10371455414565471,0.27549334536880893,0.39534664628295685,1.4350497132832654
projector.output,25,26.062328468070653,5.693392414562876,0.28827832104482864,0.1305306583856081,0.26042626791974227,0.35888890671811874,1.378082593529776
projector.output,26,25.253720087603764,4.064846998480192,0.282809865606455,0.10462204464883199,0.2552731385344951,0.3439634499815896,1.347432996500373
projector.output,27,24.69630595575303,3.640831666107331,0.2510956972915325,0.09440259214933013,0.27462902362875774,0.38050646985298786,1.3855289758716645
projector.output,28,24.496295753972557,3.589408815713658,0.2478349280703483,0.09224014312997465,0.26357516073312093,0.3659128405345187,1.3882675420428494
projector.output,29,23.421170488185275,3.5070981714635763,0.2828528192828414,0.09854851265512886,0.22436918289701857,0.27903969797819567,1.2436632088920603
projector.output,30,24.584020243215953,3.9417856348850537,0.26347329906422085,0.09553270161724775,0.25078834624823276,0.3303773601715098,1.3173553122141453
projector.output,31,28.499037028520526,6.106235783503372,0.3067914644714247,0.1344127979722564,0.33936944249251616,0.39942649157566423,1.1769665784935026
projector.output,32,28.818737166818213,5.16747472605986,0.31519787520970405,0.12467594819042178,0.30271685711658564,0.4116108188949023,1.3597221602243916
projector.output,33,26.38790094411543,5.207855615374165,0.2584891634984295,0.12534151876416885,0.33441702321580197,0.3923611055740799,1.1732689376906693
projector.output,34,25.712586218870833,4.454725817601681,0.24182125952235134,0.10326232285180346,0.32099694563556364,0.36516933137777957,1.1376099877048862
projector.output,35,24.493287308251528,4.490085873183113,0.24442556952986239,0.09962515246486589,0.29382773452205035,0.3196362544058068,1.0878355473343502
projector.output,36,25.315119078857492,3.805820104749445,0.20701891815995957,0.07857631577082551,0.3632264330630366,0.4107548146666254,1.1308505584320743
projector.output,37,25.239774871026,4.425579974337489,0.1881351540990653,0.07936785291302419,0.39785639155418534,0.4690264672727401,1.178883831526587
projector.output,38,26.6212651758763,4.137537414768879,0.20960742446001696,0.08529238261185412,0.3245570820358049,0.4897730082000532,1.5090504423071618
projector.output,39,28.768519317170334,5.358057925499173,0.2475763356204368,0.10169557946248656,0.2728567814204222,0.4972650156748375,1.8224396442932582
projector.output,40,27.29075010746229,4.790367237932169,0.22561268677332438,0.0911692098536785,0.3010985599142734,0.49442301559880597,1.642063700801407
projector.output,41,26.85285104882951,5.068513940937213,0.2309054142131211,0.09817835452327674,0.29244716033630774,0.4837223859582455,1.6540505484887442
projector.output,42,27.780679480909434,4.194257403327318,0.2615920548715187,0.11700156498045229,0.2722994473321512,0.45990647136471663,1.688973208982397
projector.output,43,27.282581117694903,3.651010955583796,0.2585617883749525,0.11080046217229889,0.27731900737123,0.4635226072366157,1.6714418951317185
projector.output,44,26.656856544311214,3.847861272299241,0.2646330117209458,0.09943000319377793,0.27276941288013723,0.41463953672391235,1.5201100898586344
projector.output,45,23.858823311288656,3.238940280627004,0.2732440084036483,0.10063642598046649,0.22954483677125945,0.31695533688749555,1.3807992431706941
projector.output,46,26.28971650821506,4.021924590215006,0.26936852960072705,0.11012148765709641,0.27967880339661855,0.3844255375412624,1.3745251083475936
projector.output,47,29.13963808851053,5.250779337445464,0.2609828657449437,0.11927395431056705,0.42792084263005353,0.4993086609089975,1.1668248217127863
projector.output,48,25.552088073129987,4.210892965656939,0.3226822300544537,0.14176022072496344,0.2399142164523836,0.32879857163156184,1.3704839025111268
projector.output,49,26.065170130908033,4.824484241634064,0.22209783175972225,0.10633165661217453,0.3623645312905656,0.4380514723265837,1.2088696174718263
projector.output,50,25.302657116192147,4.437119488311324,0.20730994900048016,0.08377420820218698,0.34891659839565414,0.42765443317981655,1.2256637693540666
projector.output,51,25.721839287787805,3.791894531587521,0.2058672376025367,0.08510091229250438,0.3560668815704453,0.46507233044448254,1.3061375671707094
projector.output,52,26.08426744076223,4.234990645070282,0.17591499975899202,0.076378351395274,0.3802412356837626,0.5598085522844091,1.4722457738644323
projector.output,53,27.695090193232065,4.643001179133769,0.1840080354864651,0.07867410569252475,0.3545086116723862,0.5837623732091143,1.6466803738708315
projector.output,54,30.94699003136897,5.4583087851064835,0.2346238518639771,0.09483578862473022,0.29693087683346,0.5771622961412315,1.9437597810514846
projector.output,55,31.416795084691145,6.539407187840542,0.27645705262171233,0.11513671205259562,0.2508917454029873,0.542030146767324,2.160414428528545
projector.output,56,31.013896203754797,6.63395361914644,0.235531931838658,0.10855526093441692,0.30426461921685,0.6113847462870582,2.00938494873544
projector.output,57,29.64912612182296,5.946636973326387,0.2563088642339263,0.12099197654325475,0.29119786169706585,0.5458950089946591,1.8746532196811103
projector.output,58,29.359690363996425,6.142494130247233,0.27110019296600685,0.13207103139354445,0.28093632760247395,0.5105122105053542,1.8171811914183313
projector.output,59,29.869075371583424,5.06873230538513,0.2629145715170011,0.10810033616017056,0.28345114891788625,0.5245551027588377,1.8506014343614372
projector.output,60,30.376485417941343,5.302131876361548,0.25364535317412784,0.10299853578952847,0.2917377483632836,0.5504639925359158,1.8868452767053507
projector.output,61,27.723220591499217,4.563067385430103,0.2633780208362705,0.0967232370089537,0.23467640434491197,0.4316569012279651,1.839370696141842
projector.output,62,27.073249391940635,4.958555489547441,0.26207468307113935,0.10406188845846187,0.26837505311784865,0.4216150295233208,1.570991881045596
projector.output,63,29.005239631544608,5.2754174370314155,0.2619767441697431,0.10450883729896143,0.35710290804965983,0.4663634060449822,1.3059636187004344
projector.output,64,26.227501632751835,4.193700977484689,0.23419040504656172,0.09347916336059227,0.30627175490700365,0.46286439627924203,1.5112865906285944
projector.output,65,26.51224219214375,3.7625592629785043,0.1986183898558618,0.0729880835595611,0.3646709873185625,0.5044321767043378,1.3832528340503418
projector.output,66,26.94375686542477,5.0512502913992074,0.20779826007880559,0.0759122181768385,0.35522655817901266,0.4854491851044536,1.3665903461525999
projector.output,67,27.89797844045178,5.182511383098023,0.20473149217851724,0.06510005156363859,0.3425033277898351,0.5241888857415149,1.5304636282633861
projector.output,68,28.990197658457806,6.107399674143238,0.19647423527731026,0.08004771052928668,0.33162720946367874,0.6006924949740291,1.8113486403769277
projector.output,69,32.35965553814389,6.918767036281816,0.23300213939164527,0.10676201569100985,0.2955737282679238,0.6387862618294387,2.1611740176393783
projector.output,70,35.711106749307795,7.702880653512272,0.2973990934149949,0.13402827006198803,0.25367870156888767,0.6402698237718742,2.5239400068357964
projector.output,71,35.7469938777889,6.8065001509236165,0.32629819081177985,0.13382936759032263,0.24546265818496946,0.613945730599591,2.501177715336846
projector.output,72,34.92087006912021,6.973006045235412,0.31132701973806104,0.15076936480840678,0.2708672426634331,0.6264514698265593,2.3127620145820234
projector.output,73,31.90432470482286,6.464634091602661,0.2809022565465059,0.13237747164146182,0.2785328830789297,0.5732822263747158,2.058220990059048
projector.output,74,30.536084481356397,5.9392150559051045,0.3022317554233474,0.13531867420612936,0.25912774810475786,0.483292009098655,1.865072392414239
projector.output,75,32.087979139022686,5.954943734076007,0.31911259655600643,0.14969084498532045,0.25221488080414955,0.5167653645720661,2.0489091005433018
projector.output,76,31.024832924793365,6.085195539038554,0.2840648636150561,0.12195565804686746,0.27936007796050083,0.5292952652154962,1.8946703805342369
projector.output,77,27.574438962705784,5.328442782819005,0.26909058247234385,0.10520536036175762,0.248238232106792,0.4253631259814081,1.713527857378621
projector.output,78,26.871174047295263,5.1236785510197835,0.2657044947117269,0.1142547099740258,0.2923295743553943,0.4119431933201913,1.4091738553259716
projector.output,79,28.726514897739484,5.6838605743873405,0.25093646090052446,0.106641272595877,0.3690983332380922,0.487128542022896,1.3197798476880866
projector.output,80,26.543316534122507,3.802503423091651,0.24208765711512784,0.0909821578013673,0.29259620813170256,0.4379457139839034,1.4967579955334778
projector.output,81,27.82694719194665,5.258126772994326,0.24697102482942154,0.12010594671531405,0.31602792582076245,0.4697420919482954,1.4863942505344072
projector.output,82,26.468005718192224,4.90229755788494,0.23631581129620222,0.10268812557836457,0.28970666211253326,0.4293696820533834,1.4820842535081213
projector.output,83,26.050541657133845,4.409211157961502,0.24215679267164086,0.09544500829994425,0.27687049263108837,0.40025396848712497,1.4456360614073704
projector.output,84,30.065287909349824,7.451040166386645,0.24112466875118874,0.11113072024223054,0.29178662876893774,0.5401407883508619,1.8511498989166935
projector.output,85,30.646556769524427,6.831409220663933,0.25166200686214657,0.1079393602990279,0.2616039138421212,0.5450620146902113,2.0835392203618097
projector.output,86,32.58152591770596,6.9876720605459735,0.3014057342184146,0.12129989459995127,0.22778643315212907,0.5356621804473016,2.351598262612748
projector.output,87,31.568301223717295,6.548280408125044,0.3292853049110424,0.14821736558207366,0.2244193404735474,0.4855392212068532,2.163535549932179
projector.output,88,31.32272543202343,5.824105047054719,0.35455884222869727,0.13925106269886475,0.22429822254208764,0.43677870456010426,1.947312375505546
projector.output,89,30.26451423722534,4.87265667372774,0.3509819164418353,0.12194030140131065,0.21427455916972876,0.39492902984237543,1.8430980858047112
projector.output,90,28.06610716682775,4.702736901899,0.34555951847661537,0.13067831072360775,0.1960371840233472,0.3531631349236946,1.8015109566235883
projector.output,91,27.986574167703495,4.7040985742749255,0.3148649998450244,0.12596473624618446,0.21905835417986347,0.3820905197640528,1.744240803755549
projector.output,92,28.797306896323757,3.8146352369427436,0.3082097771182643,0.1107024188600207,0.21992486698411576,0.4048354637528923,1.8407898538464587
projector.output,93,24.411936734792743,3.6543767544985526,0.29950840244466675,0.10814413677966929,0.19779193500297051,0.29348854223398324,1.4838246171643728
projector.output,94,24.830971113117553,5.1000641910188165,0.28166342880283973,0.13441813334259078,0.2605917082599125,0.327475312112727,1.2566605219307485
projector.output,95,27.09273087384662,5.0180380459491944,0.2747342129598745,0.11674723412384855,0.3136672585046036,0.40491557191158195,1.2909079954407774
projector.output,96,27.31170488320108,3.264148407622099,0.2382624714760512,0.07865663282249706,0.28298882520643864,0.4664501536033444,1.6482988445323656
projector.output,97,24.539454433661806,3.431482750602321,0.20207274183339488,0.07601063976892121,0.32542444527320835,0.42096493694200043,1.2935873228226036
projector.output,98,24.57461239158318,3.2424900882591317,0.2139267202894348,0.07790808448675568,0.3065410417476738,0.3988642317952386,1.301177256791473
projector.output,99,24.320949695000753,3.684265044398588,0.21592201735350172,0.07101195783380519,0.2910430099795664,0.3816517510045266,1.311324230158703
projector.output,100,27.477212019066144,4.936619566358096,0.21825898928478843,0.07869354713578544,0.2935273622670823,0.4917204199104739,1.6752115241067527
projector.output,101,28.75979107792852,5.8474231499114815,0.22841783894192227,0.0874778878712957,0.28357922270489094,0.5191617791963649,1.8307468870405743
projector.output,102,30.111697664007327,6.952869669965338,0.28085335762276814,0.1255832121383287,0.23709075053781922,0.4935988369450941,2.0818983272245295
projector.output,103,28.72209775309629,6.437415145473705,0.3379648826758551,0.14017008155097122,0.21745851215330722,0.38755375219905175,1.782196283610311
projector.output,104,29.924981579029957,6.14897488394979,0.35127374943543893,0.16212060929569572,0.23837487290779577,0.4183457474455067,1.7549909616829633
projector.output,105,29.268243621093553,5.243494146409149,0.35791144276625775,0.15841803591839823,0.23538644694828365,0.3793065284667131,1.6114204253656537
projector.output,106,28.768610468919434,4.373792515487755,0.3864550153969862,0.14434106912849473,0.20895471656296422,0.33292201195089377,1.593273496894599
projector.output,107,27.64664988120236,4.719616036621668,0.3884410685905035,0.13131878496814986,0.17962391369341005,0.31085716190094786,1.7306000938802195
projector.output,108,27.921425248234193,3.7844641028490247,0.3769949342716756,0.1002001837921674,0.18055161436170264,0.3206302288712088,1.7758369539077279
projector.output,109,25.51355028506377,4.251489969378435,0.36845128998761445,0.08771547722641199,0.16146609782841867,0.26210254735154426,1.6232667468688475
projector.output,110,23.262508926054895,2.8894626037702538,0.2840029579472233,0.11818967254410288,0.21883867896012674,0.29742134295124667,1.3590894642781042
projector.output,111,26.869175705659032,5.093285308320393,0.2679043002088969,0.12259896787916309,0.31594778036577864,0.42613775129640685,1.3487600729559146
projector.output,112,27.849975927587266,4.686363279711846,0.29489387121541194,0.0775525224613608,0.23263977156968654,0.3814597099299281,1.6397011884774095
projector.output,113,23.706647441540028,3.8601131926332863,0.2291277623704186,0.08438935734373343,0.2718127227680089,0.339285254209344,1.248231689650976
projector.output,114,23.3165686808126,3.397671239625292,0.220011295220438,0.06351906470885156,0.2678618747189945,0.33932381487026325,1.266786530282584
projector.output,115,23.066026646750107,2.8828452180964996,0.22500878344277703,0.05060781985856968,0.24473208195722582,0.3200125634835529,1.3076036493633252
projector.output,116,25.44502972833822,4.897147924939543,0.21816305025742833,0.0565540353288961,0.2571370812578444,0.40896311078771697,1.5904478217889892
projector.output,117,27.008548599233794,5.8035031756261075,0.2708800115538398,0.08877524177687302,0.21570714880085806,0.3923299779865718,1.8188084176513448
projector.output,118,27.817396272651536,6.817026450799714,0.34126767039295786,0.10210227964907677,0.16196811029211214,0.3457111519128471,2.1344396207954235
projector.output,119,27.38711272552316,6.458036592872542,0.37548810516760356,0.13402840232967522,0.17720002849761876,0.3005657229187596,1.6961945518129453
projector.output,120,27.013749594406047,5.468043940447156,0.3571322601806484,0.14898214315976768,0.23849561728465263,0.28144420868978604,1.1800812605871613
projector.output,121,27.785351847594768,5.165693733361581,0.3208985638381887,0.1415555588509451,0.3246125132201435,0.316775807587971,0.9758582762123595
projector.output,122,27.80574892761275,4.71168289872649,0.3676155046030245,0.14238823330632808,0.27287023964488194,0.27739637061267186,1.016587118381544
projector.output,123,26.336769847715914,4.000637589021952,0.41084582538115594,0.11547343325110768,0.18569283257469446,0.24877621717455387,1.3397190065183817
projector.output,124,25.207860484667673,4.54874231941701,0.3830634114073641,0.1114892970379286,0.153714380227051,0.24756114915058558,1.6105269317347786
projector.output,125,22.152370220507137,2.853051077788443,0.34164356138457935,0.09652635889074361,0.14040760735016808,0.20975937362659816,1.493931686361345
projector.output,126,22.511119522782536,2.7992265799237948,0.277298330004022,0.1205561606237434,0.20773951318864672,0.2912771781249016,1.4021269890066361
projector.output,127,25.590023522501514,4.899237561437702,0.261700360130924,0.12288336980956016,0.2817285861942449,0.3889146371189021,1.380458555422399
projector.output,128,25.3580329068259,3.870613747005918,0.2551709515429878,0.09575703310525922,0.26195452956817566,0.38211436532070414,1.4587049361223432
projector.output,129,24.22485036310094,3.4754077082388077,0.24228196406227917,0.08243911742776536,0.2672088278402376,0.34387535454694446,1.286916144673728
projector.output,130,23.404724685067247,3.5616091243580144,0.21151834301123193,0.07082553731212479,0.2889169156899029,0.35947805470614114,1.2442264027626964
projector.output,131,22.493221910298526,3.247028877998343,0.21324311671262441,0.06998326202577507,0.25567365001974424,0.3261398556811233,1.27560996471845
projector.output,132,23.423737280758914,3.9529430538074055,0.22769798300814084,0.059330898481844536,0.2379917669624287,0.3337644814918792,1.4024202843309699
projector.output,133,25.336154932762543,5.119823345264437,0.28218018029438163,0.07100225138350671,0.1984929660695117,0.32414845364183137,1.6330475586138173
projector.output,134,24.979436426958056,5.34114368760423,0.34572633451018886,0.0859356758015297,0.15603796425515562,0.263424798919416,1.6882096621605485
projector.output,135,25.031813053527554,2.9134981844540184,0.40442804519361836,0.07667706579263517,0.16430451521394357,0.21165964163325052,1.2882156120764245
projector.output,136,27.000728236710053,4.091294103553549,0.3802704853836809,0.13002490149334597,0.24558830710442558,0.23267570484654748,0.9474217546831837
projector.output,137,31.618936612162965,7.3057642040636015,0.3723062747454335,0.13644474984726263,0.3199902397956645,0.3490170445623032,1.0907115316553853
projector.output,138,28.08194727033195,6.501172458530287,0.40403166713488997,0.14856212751667536,0.2149354912097432,0.2700462969786049,1.2564062615191003
projector.output,139,25.385017573121967,2.964202292777924,0.45440902971356345,0.10785680123017623,0.16750564309637955,0.19566064552165507,1.1680839039498847
projector.output,140,25.903927734801886,3.6178149680647484,0.43248175079769063,0.11348516347806456,0.13907467199932672,0.2318256236596536,1.6669147611635273
projector.output,141,25.18733966482957,4.9270452742803466,0.356805217815672,0.13367108963391316,0.15324042334171456,0.27066998918620117,1.766309328072186
projector.output,142,25.624472302018372,3.906773018566703,0.31243874636133995,0.14345465182152706,0.22430756540847116,0.3353796508087217,1.495177615601082
projector.output,143,26.77793572801553,5.6605593845191216,0.2659852800738403,0.13248902806840773,0.30166560791110986,0.4147387312989499,1.3748293488635226
projector.output,144,24.468030385436524,4.467632312348868,0.23168150838131718,0.09558055102683599,0.27923855455505225,0.3937134157716419,1.4099536376665378
projector.output,145,23.375971040599783,3.5152798703707515,0.21527292489758698,0.06504307377579294,0.26003869741015023,0.35150410698473794,1.351737685527329
projector.output,146,23.97067866094743,3.041575866429785,0.22201418735503795,0.058844759734148114,0.2571971633327345,0.35818995584561425,1.3926668210653084
projector.output,147,23.53079020793525,2.8888038546769343,0.21421079669969048,0.059393320020162524,0.2542686186741521,0.3610279779809199,1.4198684047738546
projector.output,148,23.996026815701462,3.3974255513314207,0.24073459383675597,0.0701716989549438,0.22236801775553905,0.33592938755487634,1.5106911099247253
projector.output,149,24.32946294013971,3.571386163968509,0.27712637989643885,0.07498750625319711,0.18811085642214137,0.30370285730460206,1.6144887279820765
projector.output,150,24.985551812019775,2.7865526776350182,0.32113645207960406,0.08302780329786837,0.17310012399500257,0.28377573419660396,1.639373373324658
projector.output,151,25.034491203246034,3.6211990412504735,0.378051874217291,0.1023533239095256,0.18689155087235912,0.2269073709748375,1.214112515604346
projector.output,152,35.70898392369917,4.9703411791691625,0.487664923548845,0.09477476153637678,0.2627395634492702,0.3725669296735301,1.418008482553734
projector.output,153,30.452253598399984,4.094621346854606,0.4018263128646086,0.08440179551405527,0.24736396551874493,0.31079754386256453,1.2564382334783224
projector.output,154,29.441048989847783,4.431198485361685,0.5049607046756303,0.08651825031702716,0.19989025815259964,0.2255442238085609,1.128340249760329
projector.output,155,29.980413628554395,5.7095702372458295,0.5553194343647395,0.17322628368251944,0.17022798251611604,0.22914097953747278,1.346082918628136
projector.output,156,27.92535512965562,4.7522583306815775,0.4115403358815153,0.1424025702735033,0.15907814189213906,0.2906793354097611,1.8272738916378126
projector.output,157,28.09866901200605,6.32414198590129,0.3705378976923171,0.15882062801438707,0.18290559907670956,0.3266012030750914,1.7856271471389824
projector.output,158,28.79822932300261,6.461955653371208,0.33847554883554515,0.1535407858643184,0.22347559423781332,0.3743184959863346,1.6749860192249924
projector.output,159,28.113478289192837,7.566465613182464,0.27444254400407425,0.15334791176724946,0.2720928805095262,0.4617020740615493,1.6968546666746935
projector.output,160,23.052077580976185,3.990552641678681,0.24130533633074253,0.095942688502352,0.2541602649764579,0.3241655925513755,1.275437734460192
projector.output,161,24.598276491655525,4.222565158442521,0.26881313881881835,0.11599237640798188,0.2259491551804027,0.3286592675129926,1.4545717918289358
projector.output,162,25.725164765554183,3.767294248755883,0.29056194513051825,0.10995893671330087,0.23546461824595144,0.31924530541690466,1.355810090683948
projector.output,163,23.812194660582893,2.5783145467514275,0.28045222281020404,0.10479182555250606,0.20629390438748202,0.292213720671846,1.4164922688310784
projector.output,164,23.694319324390193,2.826677488115967,0.2953518343310107,0.08661018090191747,0.1789983296689264,0.2722603834765728,1.5210219222723642
projector.output,165,24.627806836999394,3.6847307133532206,0.33296623916551454,0.09359862294600013,0.16698333635099624,0.2654038162792208,1.589403003191566
projector.output,166,25.405434677201338,3.5551270936134305,0.3682901994548446,0.07373995037955888,0.14965592726699983,0.2583841257590467,1.726521164097068
projector.output,167,22.502715870068823,3.172346142887794,0.41022212209048636,0.09700904984038215,0.14671966808865794,0.1647734844385115,1.1230497354924782
projector.output,168,32.49494904891367,6.853918378532674,0.5367449920161408,0.1381525378380705,0.20926597162759744,0.2680136284816923,1.2807320100691773
projector.output,169,26.903216777002218,4.229142117745672,0.4915876684600801,0.10027497812906529,0.18941927788887936,0.16921719175469696,0.8933472539894608
projector.output,170,29.761337491676873,3.9898393126085017,0.5798807014864105,0.05764815637502637,0.17568448272881654,0.19741639558603397,1.1236985334143734
projector.output,171,32.28454567530309,8.393849004033749,0.6186713193501476,0.14437314720620972,0.1522280234809414,0.2534256930014234,1.664776873577103
projector.output,172,32.26270771745374,5.680187066380908,0.6861811492678274,0.13485488646312016,0.17979735909388592,0.20806435980204532,1.1572158837627813
projector.output,173,36.11357821768222,9.657381820018529,0.5838086738155961,0.280944940078958,0.21608443587938003,0.38377246638334966,1.7760301190668557
projector.output,174,31.581179247304714,8.08623369895832,0.4470561980615641,0.2939774576556059,0.28354623705746185,0.42223766861686834,1.4891316245233757
projector.output,175,27.638165972467363,6.426780933469228,0.2737681514371001,0.19049898626797282,0.32624489304875,0.5128226761769972,1.5718948774482957
projector.output,176,24.391254261433986,5.542355079244586,0.25990330305056275,0.14918632691063913,0.2445968164762708,0.38784842238512296,1.585664228883165
projector.output,177,25.12416900272471,5.747207113020493,0.2920488131381665,0.16663573316693467,0.2174121384327764,0.3637156346862114,1.6729315911616953
projector.output,178,26.850802017697603,4.828477507392892,0.324667172279694,0.1452843060708388,0.20081441613966405,0.3473436264729728,1.7296747571718127
projector.output,179,25.184091482912006,3.964360597105077,0.33583089399064886,0.12673823210046883,0.18904483063798902,0.27497208331575856,1.4545337335476565
projector.output,180,24.812420939040496,3.4205203889489897,0.36956955236753947,0.14650611000983402,0.17909058978633097,0.24153783808648902,1.348690840622405
projector.output,181,25.38056892986549,4.005921364528618,0.3700508005048784,0.1297672104385009,0.18570627497746156,0.23758348551658243,1.2793508757063647
projector.output,182,25.894980895220883,3.437425891655441,0.4130916346753997,0.131858812970869,0.17516170888494204,0.22124784666147992,1.2631062352035534
projector.output,183,24.17575498145625,3.486809865146795,0.4256832429257195,0.11980118089164794,0.17167032752633107,0.17846491702228567,1.0395792889421291
projector.output,184,29.20803730364617,4.196154496641593,0.506379452918794,0.13322834722003263,0.2267099137497081,0.19004322538193388,0.8382660565595959
projector.output,185,32.876773730585164,5.380230586103562,0.6288025450585493,0.11705015266993672,0.20631013927088226,0.21387088192150291,1.0366474603591513
projector.output,186,28.857643357007216,4.355278085660857,0.6073070985198861,0.11211420324515159,0.17320884165288858,0.1665130080650284,0.9613424261488991
projector.output,187,32.3506493703724,5.080691044231958,0.524272825812196,0.16356987257720945,0.24949590355478832,0.2549485152960126,1.0218545140963684
projector.output,188,33.823810130410266,5.163098585381455,0.6983908309029937,0.1174810248066454,0.20951679045752097,0.20112040393682115,0.9599249945440427
projector.output,189,32.03029370797164,7.467808759687731,0.5648570270039136,0.24515379801461815,0.23537257442171675,0.2762698433775363,1.1737554558185015
projector.output,190,29.360397688395956,6.889108457016139,0.4000935518353094,0.30728203641779056,0.374194542205554,0.5145210569155441,1.3750095174635266
projector.output,191,28.26609708916906,7.492841550928387,0.2564381050768816,0.2004092630373115,0.3567718859607509,0.5944035824821242,1.6660606002669045
projector.output,192,25.550111000271144,6.357849952487342,0.290715273903453,0.15910329033866824,0.25085419927468455,0.3937363663346228,1.5695825203367741
projector.output,193,26.421074487116968,4.78211096134038,0.3190667050341362,0.11848122427653388,0.22535159918836747,0.3198480695120834,1.4193290425453247
projector.output,194,28.983835433257596,9.155411929041032,0.3936662671770256,0.11889534680962122,0.23350079897899098,0.31604721005965836,1.353516610827933
projector.output,195,24.96012792969067,3.9153049936839928,0.35602055635028274,0.10792515195647476,0.21603031471669912,0.2194797761664096,1.015967487962206
projector.output,196,25.235654951564793,3.553485214798077,0.39597889865932717,0.11322808227682042,0.19958048563037895,0.19789469435720347,0.9915533261288003
projector.output,197,26.379202621611924,4.864853658962986,0.3919514852765816,0.1168625347659387,0.22215907498846046,0.21399778462647664,0.9632637543057481
projector.output,198,27.59466644684966,5.19855458394845,0.4283283602620318,0.0970685921189978,0.2205605320853767,0.21011790188816148,0.9526541303719154
projector.output,199,26.58737032759123,4.5910486746531705,0.4549323108221534,0.10567727292375247,0.1791600267388001,0.20027746905270752,1.1178691625487132
projector.output,200,30.488740781526616,4.888448487567573,0.5937970850061888,0.11486749194851117,0.19432425539715464,0.19037452306789984,0.9796745273965803
projector.output,201,34.626641997569074,5.0429088721910915,0.4981822975436369,0.1345829126282095,0.3329034520997995,0.2508164025337787,0.7534208520570933
projector.output,202,31.843558475556193,4.815792177671215,0.5755134116348524,0.13518904894544773,0.2235401821680876,0.21014097688394134,0.9400590750432917
projector.output,203,30.480387659866143,2.9585211881436866,0.5268664356472473,0.13851024854475516,0.25224593926483,0.20353441368030656,0.8068887621085475
projector.output,204,32.051730570402796,4.40476121490084,0.6406405391077957,0.10637398373661573,0.1982535417217631,0.19459452193213944,0.9815437355729116
projector.output,205,30.845890297084996,5.743392891337195,0.6163656827083728,0.1756415878865691,0.19073767463677427,0.193233618938618,1.013085743582629
projector.output,206,34.454964143105606,9.437966924973503,0.537500056296321,0.2033368883654146,0.35033934601997996,0.23547767119183965,0.6721416645517466
projector.output,207,27.861124244209837,7.596602549966695,0.2558299641138288,0.21489335785066396,0.4290196373589161,0.624833211791691,1.4564210058966558
projector.output,208,26.416347855967025,7.895651240135808,0.38769626991115747,0.20522404149104267,0.20935479715084993,0.3251865561275232,1.5532796981633579
projector.output,209,25.529032235687207,5.8986558119554084,0.4064136813369655,0.15543531357804546,0.1811786670042668,0.24705422722965933,1.3635944634907882
projector.output,210,28.76910218815905,10.175053703942801,0.5000126829445011,0.11412782265610343,0.19975542723142123,0.2318129953918536,1.1604840909943985
projector.output,211,23.890513404877595,4.00381140198224,0.43088919134896386,0.11614362221471039,0.17259941022741776,0.16042204873040103,0.9294472589392294
projector.output,212,24.50460915683533,3.7652169741729122,0.4472416158485549,0.09885165069428373,0.1683665638753094,0.16718855342795064,0.9930032993473028
projector.output,213,24.745347175344392,4.21873121808618,0.43259221773543294,0.11355743733637745,0.19366147298421962,0.1521540266873248,0.7856700888551177
projector.output,214,26.568071441150146,5.0150464348975925,0.46547427879144815,0.10605932459927302,0.21030898596937506,0.16650433135895937,0.7917128723315966
projector.output,215,26.39045061566368,5.735064676280837,0.576222710327431,0.11960625319037493,0.15735121280376593,0.1425148072593371,0.9057115272258407
projector.output,216,26.66312327880983,3.0848083864778504,0.5985105073215656,0.09127405578837253,0.16183637489778313,0.12874418240279056,0.79552067626395
projector.output,217,26.601005064900114,4.2224355856149876,0.5638474799074112,0.09067821327802914,0.1606616090732406,0.14706746528193643,0.9153864829954055
projector.output,218,28.390527350987714,7.9752347870338225,0.5836288137365852,0.10276058198152949,0.20503896113276662,0.13729622005683362,0.6696103964745106
projector.output,219,25.256096285814362,3.0633257488145924,0.512530871745916,0.09712212735410783,0.1831464961499952,0.11360639067139981,0.6203033804062366
projector.output,220,26.531891110323976,4.643129860369105,0.5076320144539089,0.18098049635482724,0.17350971255224923,0.17989877456824296,1.0368225036052077
projector.output,221,30.657528525473243,4.221853938572621,0.6233729086724927,0.0706803891742922,0.18820946371398065,0.18353624974243415,0.9751701435234504
projector.output,222,29.146589337786114,4.792126146013033,0.686036235624349,0.22995661242058457,0.1687856254332196,0.15157805066429741,0.8980507094442685
projector.output,223,25.80106830515155,8.557387391988946,0.2877710958975396,0.23546862302803742,0.3369866621978197,0.3801388716270779,1.128053167291015
projector.output,224,29.225444692018954,8.236377232997574,0.4347115151022631,0.20246880731991426,0.22246475494038723,0.3319751737211567,1.492259633711931
projector.output,225,26.463103557581167,4.642868960510775,0.5280678179718274,0.15709532851799124,0.14681129354553776,0.1952617438552937,1.3300185506146205
projector.output,226,27.959972600183516,7.779480511868681,0.46592440974838284,0.15340968059833113,0.1917098819216384,0.26091942541762403,1.3610118727436027
projector.output,227,26.693028296280794,4.231933097998701,0.45151574389398386,0.14441735273832648,0.20275874129247123,0.1938246570533157,0.9559373658457049
projector.output,228,26.1560950552341,3.089229321465709,0.4651985807941009,0.08769123141650487,0.17841160518110605,0.18317810246673832,1.0267162961781202
projector.output,229,26.731804845648092,5.4089062448675085,0.4618552588955643,0.12711021037802656,0.21060166145811965,0.17105922939709492,0.8122406452672352
projector.output,230,28.82475857789639,5.4923770337014215,0.5107149468047234,0.12296824787334712,0.24150733010512251,0.16352457435275394,0.6770998390880124
projector.output,231,30.82911244698601,5.295216293598431,0.5907075882760986,0.1353459628146097,0.2188025211277714,0.1801798826394828,0.8234817483399353
projector.output,232,29.564302203845937,4.300398429251525,0.5896414320698573,0.07170454938705217,0.192166826351176,0.16996414742205862,0.8844614372277606
projector.output,233,22.457627057474475,3.4572170649957554,0.3780722087127075,0.1446226683376478,0.16889301916324923,0.1744370376645154,1.0328256225670727
projector.output,234,23.09260835650178,3.110006520268393,0.5919023365084057,0.0646807976500418,0.09251327239692363,0.12588981854791953,1.3607757599125396
projector.output,235,26.798142157034224,3.515397247189982,0.5762480550535914,0.06662795585464974,0.0940372376665704,0.19871507371574354,2.1131530300829477
projector.output,236,29.756002923314558,4.95722330570093,0.4456182531068109,0.23099967083535186,0.3508906146841989,0.2049825352774542,0.5841778796561379
projector.output,237,35.639304372186466,8.131695002903149,0.6307822533881856,0.12215192366969672,0.2957692523571898,0.1966934504304949,0.6650233209263935
projector.output,238,27.512008153397186,5.806449169022139,0.6123867950374469,0.2003361232159829,0.1405738639832573,0.17055935102020106,1.2133076959491922
projector.output,239,25.541365904709124,7.038353635673419,0.304709697646201,0.22003848611382407,0.2634018107088362,0.36694615401911224,1.3931041439374678
projector.output,240,29.140695713256978,10.770445103172287,0.4819224774295163,0.21052334329878858,0.20044870424524106,0.27743930726088584,1.38409129809814
projector.output,241,27.776320786203925,8.130930422457592,0.4692508626641063,0.22096466657210684,0.2006367988032921,0.29282773259197353,1.4594916502783075
projector.output,242,26.361474235051432,6.615895868677452,0.4451057733471917,0.2134592838515921,0.19966641661345272,0.23014101728552883,1.1526275734745812
projector.output,243,24.64557784373649,5.186248644354585,0.5547304540050526,0.11893833406105768,0.14570093677531962,0.12708095209820144,0.8722040840009738
projector.output,244,25.561153050388885,4.084123894399455,0.46921016901111606,0.08872655758041349,0.17180159335933556,0.16844548679698182,0.9804652186471041
projector.output,245,27.234799611542854,5.934663139177785,0.47330079498467525,0.09673116572933566,0.20588559556546163,0.17909788872532614,0.8698903302751052
projector.output,246,29.300787826243056,5.676830602646168,0.5522423547340014,0.10502596579924316,0.2096929415080827,0.18186783210162516,0.867305455270248
projector.output,247,30.858049288616556,5.200490551361003,0.5830615995007161,0.10489232384108438,0.216288451560168,0.18920934851445892,0.8748009759634527
projector.output,248,29.796247168706092,4.569072098372129,0.5801667570076693,0.08744398012187046,0.20863829333728015,0.1629695419162373,0.7811104055226539
projector.output,249,19.913199457633503,1.9491211171950718,0.40281409939259777,0.08796249430954634,0.11708736157455399,0.1274547284701153,1.0885438595262906
projector.output,250,17.274246147569272,1.7683433156745167,0.39377854523517863,0.07124953450225058,0.09004199859775619,0.09491155966782178,1.0540809971557754
projector.output,251,22.90501544972947,3.5846105072309755,0.46013831368539915,0.07177041259104561,0.10588312707620276,0.17390870188074886,1.6424590648478765
projector.output,252,21.957496821712517,4.149394513426304,0.39526092767569404,0.1519569266993747,0.16660359551216977,0.14197933647390112,0.8521985137081274
projector.output,253,34.60816098968158,7.9435718914206195,0.46201599522760667,0.2434741147097064,0.44513497095760624,0.3010884544992924,0.6763981132544346
projector.output,254,31.971787371001795,7.108166801237411,0.6528882071943672,0.22124526684609752,0.18550369139749995,0.2122074390449203,1.143952648307139
projector.output,255,27.57292938174995,8.959243155576385,0.31201939488789837,0.22278622515895383,0.3188975468315367,0.36027902070032713,1.1297641649487222
