episode_id,step_index,planner_phase,joint_source_max_abs_diff_rad,sim_target_actual_max_abs_err_rad,real_tcp_pos_m_x,real_tcp_pos_m_y,real_tcp_pos_m_z,sim_ee_pos_m_x,sim_ee_pos_m_y,sim_ee_pos_m_z,real_sim_ee_position_l2_m_naive,gripper_real,gripper_sim_target,cube_attached,ee_to_cube_distance_m,ee_to_cube_xy_m
episode_000001,0,hold,0.0,7.450141614739891e-08,0.30509017944335937,-0.01182829189300537,0.7236777954101563,0.30836527449642975,-0.011480791064606703,1.5390194178785521,0.8153482742569758,0.0,0.0,False,0.7494246256291256,0.3182575499219385
episode_000001,1,hold,0.0,7.450141614739891e-08,0.30509017944335937,-0.01182829189300537,0.7236777954101563,0.30836527449642975,-0.011480791064606703,1.5390194178785521,0.8153482742569758,0.0,0.0,False,0.7494246256291256,0.3182575499219385
episode_000001,2,alignment,0.0,7.450141614739891e-08,0.3052301381346472,-0.012217106984159289,0.7232781855478929,0.30836527449642975,-0.011480791064606703,1.5390194178785521,0.8157475892489556,0.0,0.0,False,0.7494246256291256,0.3182575499219385
episode_000001,3,alignment,0.0,4.46990937597036e-08,0.3116636333579363,-0.030089809341286855,0.7049092788626881,0.3087342245541132,-0.01208746164510468,1.5382872221391886,0.8335775082727965,0.0,0.0,False,0.7484697892377636,0.3175699350171479
episode_000001,4,alignment,0.0,7.0319244205308e-08,0.3180240070643894,-0.04775937498019932,0.6867491486314673,0.31070074053938,-0.017991861533469426,1.53220692507752,0.8460133490923777,0.0,0.0,False,0.7403307507512392,0.3113490529234606
episode_000001,5,alignment,0.0,5.77376098043203e-08,0.3244315692911084,-0.06556003364834624,0.6684542858022894,0.31496886295480897,-0.03026542592999299,1.5194668018099307,0.8517966626765189,0.0,0.0,False,0.7233404892816655,0.29836602849798605
episode_000001,6,alignment,0.0,4.097380346124169e-08,0.3308519444909772,-0.08339628765735674,0.6501228393898523,0.3215757745662445,-0.04904697828313437,1.4999627922203984,0.8505844272087183,0.0,0.0,False,0.6974428299536676,0.2784794086399345
episode_000001,7,alignment,0.0,2.6081421911072766e-08,0.33746446846142014,-0.10176634446959738,0.6312427700727806,0.3300012519801911,-0.07387842972301159,1.474389668610049,0.8436409946785263,0.0,0.0,False,0.6636790115178733,0.2522791515234441
episode_000001,8,alignment,0.0,7.078490549261574e-08,0.3436689326904749,-0.1190027826113279,0.6135277923663182,0.33968746691477897,-0.10100919483361832,1.4462250605101985,0.8329011715954772,0.0,0.0,False,0.6269005235756064,0.22352686191201604
episode_000001,9,alignment,0.0,5.960464477539063e-08,0.350121594465155,-0.13692873099667735,0.595104161370026,0.34918277655779084,-0.12785708556148245,1.4184184247171114,0.823364774787408,0.0,0.0,False,0.5910248087841091,0.19511429353932483
episode_000001,10,alignment,0.0,9.312786763970848e-08,0.35644087626355736,-0.15448414042401495,0.5770613566979766,0.3586807942217941,-0.15483094170819536,1.3905427787020228,0.8134845797243581,0.0,0.0,False,0.5555814315938826,0.16660132356036292
episode_000001,11,alignment,0.0,6.332554525201317e-08,0.36305726206702094,-0.17286492568008494,0.5581702610805929,0.36817746439766086,-0.18181686751660217,1.362637368005895,0.8045332061881079,0.0,0.0,False,0.5207569465574325,0.13811180255541203
episode_000001,12,alignment,0.0,9.312786763970848e-08,0.36927564527205764,-0.19014003171635935,0.5404155419331107,0.37769237688372503,-0.20887787944156727,1.3347252279250559,0.794575248525285,0.0,0.0,False,0.4866989026597373,0.10960680388038378
episode_000001,13,alignment,0.0,5.960464477539063e-08,0.3756818161212582,-0.20793682503987015,0.5221246517631036,0.3871480122588622,-0.23590577084749578,1.3068734885557032,0.785330804458092,0.0,0.0,False,0.4536832860396638,0.08127127466207557
episode_000001,14,alignment,0.0,5.960464477539063e-08,0.38239064355256963,-0.22657441964180727,0.502969616937431,0.3965319848318116,-0.262871450926743,1.2789108459212124,0.7769184274105851,0.0,0.0,False,0.42176639078760453,0.053323768403511246
episode_000001,15,alignment,0.0,5.960464477539063e-08,0.38852606736830136,-0.24361905865800687,0.4854517633238329,0.40507013922360713,-0.28715271642560686,1.2540480742459996,0.7700059576622404,0.0,0.0,False,0.39460034615344314,0.02919044222117284
episode_000001,16,alignment,0.0,5.960464477539063e-08,0.3950116267519131,-0.26163639891547086,0.4669342031199081,0.41140921344874487,-0.3049958821820656,1.235636348444877,0.7700986390494634,0.0,0.0,False,0.3754201470142384,0.015319224558740416
episode_000001,17,alignment,0.0,9.312786763970848e-08,0.4013589129390017,-0.27926960650482,0.4488114403559197,0.41526059490979766,-0.3161618668663117,1.2242693687927666,0.7764594608939756,0.0,0.0,False,0.3640287019614273,0.014482999029763079
episode_000001,18,alignment,0.0,8.568606668646339e-08,0.4078971273700223,-0.2974332261885175,0.4301435395332815,0.41717877852607577,-0.32156208394967817,1.2186798301278177,0.7889599688258154,0.0,0.0,False,0.35856899745196713,0.017309748178230795
episode_000001,19,alignment,0.0,5.960464477539063e-08,0.4143189084555856,-0.31527338584689796,0.41180807903794925,0.4173229950118109,-0.32200430679612585,1.218299169336012,0.806524772442248,0.0,0.0,False,0.35820252103940536,0.017591778430428216
episode_000001,20,descent_to_grasp,0.0,5.960464477539063e-08,0.4173508498846767,-0.3230046670943728,0.39650682396002784,0.4173306380594123,-0.32200461879143655,1.2182697235522335,0.821763508347332,0.0,0.0,False,0.3581734691277865,0.017599072763388957
episode_000001,21,descent_to_grasp,0.0,8.568606668646339e-08,0.41776409982899065,-0.3229275062302959,0.3835570869511104,0.41739809697190516,-0.32194899486244055,1.2134332027149646,0.8298767733572799,0.0,0.0,False,0.35334509941143194,0.017643773593305098
episode_000001,22,descent_to_grasp,0.0,5.960464477539063e-08,0.41818675805584743,-0.3228485886782377,0.3703125288870162,0.41791771220966256,-0.3218311816755345,1.1987005305068636,0.8283886700881422,0.0,0.0,False,0.33865546524391493,0.01809594447142594
episode_000001,23,descent_to_grasp,0.0,5.960464477539063e-08,0.4186135921021018,-0.3227688914289589,0.3569371159644018,0.4187575769024175,-0.32156660379362917,1.1745965489205172,0.8176603295557985,0.0,0.0,False,0.3146306613330395,0.01881372792370184
episode_000001,24,descent_to_grasp,0.0,8.568606668646339e-08,0.41903671739211573,-0.32268988666818527,0.34367792185465196,0.41972978813918416,-0.3213302101624661,1.1463560211035748,0.8026795500578822,0.0,0.0,False,0.28650383639803567,0.01967987020230148
episode_000001,25,descent_to_grasp,0.0,5.960464477539063e-08,0.4194529756088587,-0.32261216410796495,0.33063391662539443,0.42040814026112694,-0.32119810812605615,1.1255917172856766,0.7949596321351581,0.0,0.0,False,0.26583902928894726,0.020299880117879573
episode_000001,26,descent_to_grasp,0.0,5.960464477539063e-08,0.41988266009549247,-0.3225319346324979,0.3171691813597766,0.4208049578278556,-0.3210356187164973,1.11460106898966,0.7974338248427807,0.0,0.0,False,0.2549094757522126,0.020643808292841896
episode_000001,27,descent_to_grasp,0.0,8.568606668646339e-08,0.4203009989994374,-0.32245382357223157,0.30405997502780957,0.42089032909557333,-0.3210330536538692,1.1123591288676593,0.8083006173419269,0.0,0.0,False,0.25268169777130367,0.020726054281323306
episode_000001,28,grasp_close,0.0,9.312786763970848e-08,0.4205,-0.3224166666666667,0.2978240138201799,0.42088977084351775,-0.32103389614541405,1.112354789412144,0.814532042563134,1.0,1.0,True,0.2525290722492634,0.020668440096258872
episode_000001,29,grasp_close,0.0,8.568606668646339e-08,0.4205,-0.3224166666666667,0.2978240138201799,0.4208861067951526,-0.3210354789718782,1.112359475278584,0.8145367239917183,1.0,1.0,True,0.25252907224926346,0.020672672494765995
episode_000001,30,grasp_close,0.0,5.960464477539063e-08,0.4205,-0.3224166666666667,0.2978240138201799,0.42088200653126717,-0.32104101669295,1.1123692132512226,0.8145464506447727,1.0,1.0,True,0.25252907224926335,0.020673194679030185
episode_000001,31,grasp_close,0.0,5.960464477539063e-08,0.4205,-0.3224166666666667,0.2978240138201799,0.4208809565337573,-0.3210488841041557,1.1123865579387708,0.8145637815653051,1.0,1.0,True,0.2525290722492634,0.02066701986706753
episode_000001,32,grasp_close,0.0,5.960464477539063e-08,0.4205,-0.3224166666666667,0.2978240138201799,0.42088069588815435,-0.3210573549461807,1.1124038874342195,0.8145810967330247,1.0,1.0,True,0.2525290722492636,0.020659279028925382
episode_000001,33,grasp_close,0.0,8.568606668646339e-08,0.4205,-0.3224166666666667,0.2978240138201799,0.42087831136382464,-0.3210653176623998,1.1124187228844213,0.8145959178016272,1.0,1.0,True,0.2525290722492634,0.020652157428172054
episode_000001,34,grasp_close,0.0,8.568606668646339e-08,0.4205,-0.3224166666666667,0.2978240138201799,0.4208740739922501,-0.321072025508316,1.1124316732280295,0.8146088550691869,1.0,1.0,True,0.25252907224926346,0.020646395819889633
episode_000001,35,grasp_close,0.0,5.960464477539063e-08,0.4205,-0.3224166666666667,0.2978240138201799,0.42087037704920743,-0.32107660492367684,1.1124403440171096,0.8146175166101859,1.0,1.0,True,0.2525290722492636,0.020642783392687415
episode_000001,36,grasp_close,0.0,5.960464477539063e-08,0.4205,-0.3224166666666667,0.2978240138201799,0.4208681412670224,-0.3210788691932956,1.112447201765284,0.8146243696133307,1.0,1.0,True,0.25252907224926346,0.02063973025742702
episode_000001,37,grasp_close,0.0,5.960464477539063e-08,0.4205,-0.3224166666666667,0.2978240138201799,0.4208670386588146,-0.32107971169275323,1.1124511239453911,0.8146282899070793,1.0,1.0,True,0.25252907224926346,0.02063833981872979
episode_000001,38,lift,0.0,5.960464477539063e-08,0.4205,-0.3224166666666667,0.30366876971060264,0.4208608980448354,-0.3210764411300802,1.1124692536782077,0.8088016748981914,1.0,1.0,True,0.2525290722492634,0.02064935640689991
episode_000001,39,lift,0.0,8.568606668646339e-08,0.4205,-0.3224166666666667,0.31584186047058666,0.42085074653206667,-0.3210700042684637,1.1170485381455078,0.8012078861778817,1.0,1.0,True,0.25252907224926346,0.02067812674263252
episode_000001,40,lift,0.0,5.960464477539063e-08,0.4205,-0.3224166666666667,0.3283512025665167,0.4208484352924587,-0.32109363832364346,1.13123583618762,0.8028857992990303,1.0,1.0,True,0.2525290722492634,0.020675362024811426
episode_000001,41,lift,0.0,9.312786763970848e-08,0.4205,-0.3224166666666667,0.34045720273976326,0.420758704118882,-0.3211469346595508,1.155014469965415,0.8145582979365645,1.0,1.0,True,0.2525290722492634,0.020629483464987036
episode_000001,42,lift,0.0,5.960464477539063e-08,0.4205,-0.3224166666666667,0.35272749216633,0.42073684789620547,-0.32119900658752754,1.1817093358758393,0.8289827718312436,1.0,1.0,True,0.25252907224926346,0.02063482007157817
episode_000001,43,lift,0.0,5.960464477539063e-08,0.4205,-0.3224166666666667,0.3652975141185131,0.4207150477905044,-0.3212599937780101,1.2002105202901463,0.8349138350825653,1.0,1.0,True,0.2525290722492634,0.020672194484590865
episode_000001,44,lift,0.0,5.960464477539063e-08,0.4205,-0.3224166666666667,0.37729758501995597,0.4207089615083174,-0.32127819346622,1.209216515552527,0.8319197357705831,1.0,1.0,True,0.2525290722492635,0.02066041916704552
episode_000001,45,lift,0.0,9.312786763970848e-08,0.4205,-0.3224166666666667,0.38985618556785084,0.4206850957297394,-0.3212647691493958,1.2102946764043396,0.8204393203487841,1.0,1.0,True,0.2525290722492635,0.02066279865774565
episode_000002,0,hold,0.0,7.450141614739891e-08,0.30509017944335937,-0.01182829189300537,0.7236777954101563,0.30836527449642975,-0.011480791064606703,1.5390194178785521,0.8153482742569758,0.0,0.0,False,0.763366000573461,0.34982602735428564
episode_000002,1,hold,0.0,7.450141614739891e-08,0.30509017944335937,-0.01182829189300537,0.7236777954101563,0.30836527449642975,-0.011480791064606703,1.5390194178785521,0.8153482742569758,0.0,0.0,False,0.763366000573461,0.34982602735428564
episode_000002,2,alignment,0.0,7.450141614739891e-08,0.3054336159177336,-0.012384901470795651,0.7231057325407468,0.30836527449642975,-0.011480791064606703,1.5390194178785521,0.8159194531074545,0.0,0.0,False,0.7633659886850414,0.34982600141220316
episode_000002,3,alignment,0.0,5.592325269532239e-09,0.31584687463748773,-0.029261733059472435,0.7057603452344623,0.308870559961947,-0.012070183187999536,1.5383318450009789,0.8327781941050703,0.0,0.0,False,0.7624058680545985,0.3490642589050994
episode_000002,4,alignment,0.0,8.102067416970726e-08,0.3263681334948305,-0.04631360112642094,0.6882350618681623,0.3121981709137983,-0.01769914792777794,1.5325189079671075,0.8448874407606214,0.0,0.0,False,0.7542513185498242,0.34252658632354127
episode_000002,5,alignment,0.0,7.450141614739891e-08,0.336862021399168,-0.06332110892376289,0.6707553703567843,0.31930530278178926,-0.029427239820587783,1.5203576026852084,0.8504592793948658,0.0,0.0,False,0.7372221653972625,0.32881999058832134
episode_000002,6,alignment,0.0,4.098258310492042e-08,0.3474191942097132,-0.08043118295257139,0.6531702650418743,0.32979527899204564,-0.047132996983790906,1.502150634690504,0.8498158857218046,0.0,0.0,False,0.7118242583414023,0.3082455300226817
episode_000002,7,alignment,0.0,9.312786763970848e-08,0.3579355151514905,-0.09747504810980266,0.6356532067720855,0.3445203895486034,-0.0708995417279882,1.4773863671708722,0.8422594234850215,0.0,0.0,False,0.6775620757905106,0.2803162764907689
episode_000002,8,alignment,0.0,1.0058722788031105e-07,0.3684519832701233,-0.11451915179745646,0.6181359033494941,0.36000507778628577,-0.09630606612119537,1.4510718523148078,0.8331778692337257,0.0,0.0,False,0.6415111204102845,0.25059034882053194
episode_000002,9,alignment,0.0,6.332554525201317e-08,0.37893868172571044,-0.13151500761158724,0.6006681873182661,0.3755769166890228,-0.12184704522085951,1.4246604599137471,0.8240558453515247,0.0,0.0,False,0.6057708029191919,0.2207121051097606
episode_000002,10,alignment,0.0,8.568606668646339e-08,0.3895317299468552,-0.14868322513602558,0.583023324255242,0.39113628956572877,-0.1473519802912346,1.398266887762173,0.8152462294692853,0.0,0.0,False,0.5706122453922947,0.19088262465370037
episode_000002,11,alignment,0.0,6.332554525201317e-08,0.3999692928704393,-0.16559944669531346,0.5656374533846912,0.4067293866035162,-0.17291724251347934,1.3718085155212913,0.8062326155827302,0.0,0.0,False,0.5360301592876616,0.16100146716074415
episode_000002,12,alignment,0.0,5.960464477539063e-08,0.41052628106641625,-0.18270922151817115,0.548052655582662,0.42230446128198856,-0.19852077789987524,1.345232657757794,0.7974237811304261,0.0,0.0,False,0.5021265425780317,0.13112329584634538
episode_000002,13,alignment,0.0,5.960464477539063e-08,0.420987604131922,-0.1996639512836339,0.5306272073929288,0.437820956061825,-0.22408326477684953,1.3189389581431092,0.788869495531099,0.0,0.0,False,0.46948242648137406,0.10136051906105545
episode_000002,14,alignment,0.0,5.960464477539063e-08,0.4315901899256478,-0.2168476264098228,0.5129664575748711,0.45337914407023033,-0.2496786225880541,1.2925996511694504,0.7806283042442494,0.0,0.0,False,0.437974339511931,0.07166851632183767
episode_000002,15,alignment,0.0,3.352322286431786e-08,0.4420255158265273,-0.2337602224128404,0.49558431291782074,0.46876404453283604,-0.27505722190695087,1.2665587581543942,0.7725425465904365,0.0,0.0,False,0.4082587024547746,0.04260177586375216
episode_000002,16,alignment,0.0,9.312786763970848e-08,0.4526513001413913,-0.25098149552299287,0.47788492127352006,0.4814174658104128,-0.29589147021960277,1.2451252844325906,0.769091784493249,0.0,0.0,False,0.38512239898441003,0.020121450170141553
episode_000002,17,alignment,0.0,8.568606668646339e-08,0.4631177200215578,-0.267944485726901,0.46045098330871254,0.4903750568185995,-0.3106801759673181,1.2298810909817446,0.7710979135124968,0.0,0.0,False,0.3695209148095449,0.011164917906864597
episode_000002,18,alignment,0.0,3.352322286431786e-08,0.47357548974556235,-0.2848934565702332,0.4430314539275126,0.49561297522695336,-0.3193034523288453,1.2210672459916603,0.7791080748569711,0.0,0.0,False,0.3608678017184515,0.015416274552664515
episode_000002,19,alignment,0.0,2.6081421911072766e-08,0.48411421412841893,-0.3019736311203525,0.42547707819803415,0.49722724080769853,-0.32201585078610895,1.2182508652887476,0.7931354988499594,0.0,0.0,False,0.3581608588150154,0.017725308135808082
episode_000002,20,alignment,0.0,8.568606668646339e-08,0.49470194889994945,-0.3191332371047622,0.40784106575938905,0.49725684486069177,-0.32208422100701717,1.2181723220743206,0.810340657230215,0.0,0.0,False,0.35808494756520826,0.01777646009025575
episode_000002,21,descent_to_grasp,0.0,2.6081421911072766e-08,0.4974452894111022,-0.32298703361235476,0.3935474357077488,0.4972897626945581,-0.3220998294616779,1.2177552198750536,0.8242082763487291,0.0,0.0,False,0.3576701654089868,0.017812743674806487
episode_000002,22,descent_to_grasp,0.0,3.352322286431786e-08,0.4978650185166024,-0.322908662977575,0.38039466555979823,0.4974978984495702,-0.3220810120226402,1.2102707916536777,0.8298766200127771,0.0,0.0,False,0.35020490269139837,0.018002042145443636
episode_000002,23,descent_to_grasp,0.0,8.568606668646339e-08,0.49829092265588115,-0.322829139357904,0.3670483925099004,0.49803397192140997,-0.32182186204876084,1.1934713262961834,0.8264235875864051,0.0,0.0,False,0.33345180399112345,0.0184238227967514
episode_000002,24,descent_to_grasp,0.0,5.960464477539063e-08,0.49871336708628894,-0.32275026172531573,0.3538105340420817,0.4988317184366814,-0.3215061868347541,1.1675124352901944,0.8137028608922111,0.0,0.0,False,0.3075764617496728,0.01908875278825704
episode_000002,25,descent_to_grasp,0.0,8.568606668646339e-08,0.4991381808615231,-0.32267094169534394,0.34049842900071076,0.49979376031213074,-0.3213205179049265,1.140335938877383,0.799838918554571,0.0,0.0,False,0.28051817072627433,0.019961398892902056
episode_000002,26,descent_to_grasp,0.0,5.960464477539063e-08,0.4995618347057501,-0.32259183824441834,0.32722267194123117,0.5004589356807857,-0.32110795009544024,1.12198919928868,0.7947684189159261,0.0,0.0,False,0.2622665991352968,0.020549300800190337
episode_000002,27,descent_to_grasp,0.0,5.960464477539063e-08,0.49998906150969946,-0.32251206766053053,0.3138349514335155,0.5007566219680947,-0.3210535465169691,1.1132369420326576,0.7994036896380041,0.0,0.0,False,0.2535646269470061,0.0208244715610369
episode_000002,28,descent_to_grasp,0.0,8.568606668646339e-08,0.5004085419000259,-0.32243374346514647,0.3006899751065525,0.5007908406939976,-0.3210564997971079,1.112268243096691,0.811579526618533,0.0,0.0,False,0.2526020114889953,0.020858390566904625
episode_000002,29,grasp_close,0.0,5.960464477539063e-08,0.5005000000000001,-0.3224166666666667,0.2978240138201799,0.5007915759942663,-0.32105848488344807,1.1122602067843073,0.8144373776320791,1.0,1.0,True,0.2523296555301428,0.020864696621599513
episode_000002,30,grasp_close,0.0,8.568606668646339e-08,0.5005000000000001,-0.3224166666666667,0.2978240138201799,0.5007905613411482,-0.32105974778982715,1.1122694919383342,0.8144466603049215,1.0,1.0,True,0.25232965553014275,0.020866930352943375
episode_000002,31,grasp_close,0.0,9.312786763970848e-08,0.5005000000000001,-0.3224166666666667,0.2978240138201799,0.500796234137536,-0.3210649643275988,1.1122918479364863,0.8144690096400137,1.0,1.0,True,0.2523296555301427,0.02085891250881948
episode_000002,32,grasp_close,0.0,9.312786763970848e-08,0.5005000000000001,-0.3224166666666667,0.2978240138201799,0.5008001374788627,-0.32107050169081436,1.1123083447700273,0.8144854987079074,1.0,1.0,True,0.2523296555301426,0.02085089778584625
episode_000002,33,grasp_close,0.0,5.960464477539063e-08,0.5005000000000001,-0.3224166666666667,0.2978240138201799,0.5008016351149219,-0.3210747268760923,1.1123209029697927,0.8144980504706814,1.0,1.0,True,0.25232965553014264,0.020845294451269536
episode_000002,34,grasp_close,0.0,8.568606668646339e-08,0.5005000000000001,-0.3224166666666667,0.2978240138201799,0.5008002508867367,-0.32107862086843736,1.1123294076904653,0.8145065482615482,1.0,1.0,True,0.2523296555301426,0.020841425298878034
episode_000002,35,grasp_close,0.0,9.312786763970848e-08,0.5005000000000001,-0.3224166666666667,0.2978240138201799,0.5007984698559815,-0.32108091202947886,1.1123357273609897,0.8145128635079325,1.0,1.0,True,0.2523296555301426,0.020838922567471305
episode_000002,36,grasp_close,0.0,9.312786763970848e-08,0.5005000000000001,-0.3224166666666667,0.2978240138201799,0.5007956018248698,-0.32108368591310466,1.1123425651435728,0.8145196956907099,1.0,1.0,True,0.25232965553014275,0.020836394894926027
episode_000002,37,grasp_close,0.0,9.312786763970848e-08,0.5005000000000001,-0.3224166666666667,0.2978240138201799,0.5007933389510884,-0.32108549966311606,1.112349438289118,0.8145265650423165,1.0,1.0,True,0.2523296555301425,0.020833853828640145
episode_000002,38,grasp_close,0.0,5.960464477539063e-08,0.5005000000000001,-0.3224166666666667,0.2978240138201799,0.5007911253322928,-0.32108694568644797,1.1123542974271332,0.8145314210174265,1.0,1.0,True,0.25232965553014264,0.020831999175682687
episode_000002,39,lift,0.0,5.960464477539063e-08,0.5005000000000001,-0.3224166666666667,0.3067070985321856,0.5007739514516107,-0.3210789026432509,1.1125986195287,0.8058926778895908,1.0,1.0,True,0.2523296555301425,0.020893223135792106
episode_000002,40,lift,0.0,8.568606668646339e-08,0.5005000000000001,-0.3224166666666667,0.31897858788801237,0.500794303872093,-0.32109831081186285,1.1196335997718636,0.8006561513731465,1.0,1.0,True,0.2523296555301425,0.020880712616226992
episode_000002,41,lift,0.0,8.568606668646339e-08,0.5005000000000001,-0.3224166666666667,0.3313948413306839,0.5007573184546268,-0.32111477015826945,1.1363205589411132,0.8049268115909484,1.0,1.0,True,0.2523296555301427,0.020858951780584455
episode_000002,42,lift,0.0,5.960464477539063e-08,0.5005000000000001,-0.3224166666666667,0.34348458068009324,0.5007124045551526,-0.3211942442634046,1.1619372010255913,0.8184535607978249,1.0,1.0,True,0.2523296555301426,0.020848755111719866
episode_000002,43,lift,0.0,3.352322286431786e-08,0.5005000000000001,-0.3224166666666667,0.35583454903444356,0.5006350579780208,-0.3212403871992593,1.1873181782735789,0.8314844722342846,1.0,1.0,True,0.2523296555301426,0.020801075623273324
episode_000002,44,lift,0.0,3.352322286431786e-08,0.5005000000000001,-0.3224166666666667,0.36821580936911674,0.5005617766540007,-0.3212780493635664,1.2035937791656428,0.8353787480461083,1.0,1.0,True,0.2523296555301425,0.020741322354279074
episode_000002,45,lift,0.0,9.312786763970848e-08,0.5005000000000001,-0.3224166666666667,0.38047888680313485,0.5006167678044862,-0.3213341585806737,1.2099411191620684,0.8294629469532331,1.0,1.0,True,0.2523296555301426,0.0208169833834238
episode_000002,46,lift,0.0,9.312786763970848e-08,0.5005000000000001,-0.3224166666666667,0.39286386530877654,0.5006448065947193,-0.3213549032537704,1.21011272340635,0.8172495606436766,1.0,1.0,True,0.2523296555301427,0.020866449592846184
episode_000003,0,hold,0.0,7.450141614739891e-08,0.30509017944335937,-0.01182829189300537,0.7236777954101563,0.30836527449642975,-0.011480791064606703,1.5390194178785521,0.8153482742569758,0.0,0.0,False,0.7068749370707723,0.19829971064469132
episode_000003,1,hold,0.0,7.450141614739891e-08,0.30509017944335937,-0.01182829189300537,0.7236777954101563,0.30836527449642975,-0.011480791064606703,1.5390194178785521,0.8153482742569758,0.0,0.0,False,0.7068749370707723,0.19829971064469132
episode_000003,2,alignment,0.0,7.450141614739891e-08,0.3053061829016749,-0.012179314443150397,0.7230610626339949,0.30836527449642975,-0.011480791064606703,1.5390194178785521,0.8159643886038768,0.0,0.0,False,0.7068749370707723,0.19829971064469132
episode_000003,3,alignment,0.0,4.656173890893456e-08,0.3125829076650848,-0.024004562534429737,0.7022845681292458,0.30879336847030453,-0.011913447870228714,1.538095278185232,0.8359067523985098,0.0,0.0,False,0.7058246157595971,0.19771740647824543
episode_000003,4,alignment,0.0,1.955338424508568e-08,0.3196095619832584,-0.035423426551642496,0.6822220744147115,0.31118319950533563,-0.01610536878198282,1.5307875655887178,0.8488271813225492,0.0,0.0,False,0.6974633668682843,0.1928949221358436
episode_000003,5,alignment,0.0,1.5828093946623767e-08,0.32686557880942957,-0.04721502262181773,0.6615047051837957,0.31633595289053557,-0.024785509548109295,1.5153653375492628,0.8542200744435072,0.0,0.0,False,0.6798765501477487,0.1828150584058138
episode_000003,6,alignment,0.0,8.568606668646339e-08,0.3339696169307085,-0.05875964138443033,0.6412212653414019,0.32413496276886467,-0.03785993013090186,1.4921296552633363,0.8512218314825476,0.0,0.0,False,0.653464179658621,0.16761832466898016
episode_000003,7,alignment,0.0,1.0803780847723488e-07,0.34118012655790064,-0.07047728468940383,0.6206338282022243,0.33454934121842583,-0.055276753422226946,1.4612261139813312,0.840755858960475,0.0,0.0,False,0.618510782951327,0.1473717384877443
episode_000003,8,alignment,0.0,5.960464477539063e-08,0.3483351200394705,-0.08210470990637776,0.6002049006854313,0.3457373089230999,-0.07403178673048023,1.4279153513743612,0.8277538951227422,0.0,0.0,False,0.5811215314771985,0.12559790451072766
episode_000003,9,alignment,0.0,1.154883890741587e-07,0.3556723049365546,-0.09402821045375172,0.5792557804904327,0.3571636766306075,-0.09290207621465606,1.39443795542425,0.8151843170091554,0.0,0.0,False,0.5438762792519742,0.10364609524381373
episode_000003,10,alignment,0.0,7.078490549261574e-08,0.36291110279288963,-0.10579182434831792,0.5585875748384357,0.3678637408205723,-0.11081423841408118,1.3627991200952485,0.804242477609105,0.0,0.0,False,0.5090688995514666,0.08292018302016116
episode_000003,11,alignment,0.0,5.960464477539063e-08,0.36994965003646924,-0.11723001530148466,0.5384911244596909,0.37972143466397845,-0.13063058143092904,1.327814927633541,0.7894980235594176,0.0,0.0,False,0.4711345476996251,0.060095903587301075
episode_000003,12,alignment,0.0,6.332554525201317e-08,0.3771530412453877,-0.12893609061882075,0.5179240118185471,0.39104227964647964,-0.14948964998563696,1.2944645448363343,0.7769366506772329,0.0,0.0,False,0.43565462945725114,0.03866264908117109
episode_000003,13,alignment,0.0,1.154883890741587e-07,0.3844927266005232,-0.14086365460651454,0.4969677523191699,0.40140543509957355,-0.1668044147745119,1.263938414458232,0.7675955701597676,0.0,0.0,False,0.4039092313739535,0.020085312916162036
episode_000003,14,alignment,0.0,8.568606668646339e-08,0.3917059582436992,-0.15258572140081386,0.4763725432837107,0.40921540737070755,-0.1797740697240833,1.2409772612874608,0.7652882867827476,0.0,0.0,False,0.3806062980842009,0.010963034461931248
episode_000003,15,alignment,0.0,5.960464477539063e-08,0.39869612285274597,-0.1639452867806269,0.45641423493633027,0.4141038076147147,-0.18795365083751162,1.2265953239972538,0.7707092241834674,0.0,0.0,False,0.36630716171937255,0.013277798457386235
episode_000003,16,alignment,0.0,6.332554525201317e-08,0.4059029556629374,-0.1756569549697847,0.4358372958399804,0.4166349174019419,-0.19222295573354106,1.2191229416085425,0.7835343070033026,0.0,0.0,False,0.3589801826351558,0.016645571038611678
episode_000003,17,alignment,0.0,6.332554525201317e-08,0.4130234469510683,-0.1872283114181334,0.41550687893829147,0.41688978804743504,-0.19270851569282021,1.2182916454716934,0.8028127817931492,0.0,0.0,False,0.35816866026473726,0.017046916399193104
episode_000003,18,descent_to_grasp,0.0,5.960464477539063e-08,0.41730277588655446,-0.19384697666904815,0.3980132866739756,0.4168926237888751,-0.19270471801776057,1.2182921932162145,0.8202798043946351,0.0,0.0,False,0.35816927357760264,0.017048307027664543
episode_000003,19,descent_to_grasp,0.0,5.960464477539063e-08,0.4177238026175204,-0.19376836374530118,0.3848198537050141,0.4169519050912552,-0.192660722988858,1.214192506607545,0.8293737517406844,0.0,0.0,False,0.3540762534139774,0.017089087615141864
episode_000003,20,descent_to_grasp,0.0,1.154883890741587e-07,0.4181463462114438,-0.19368946759718092,0.37157888781645293,0.41742871772206136,-0.1925336442382564,1.2012797136817852,0.8297019412776495,0.0,0.0,False,0.34119975816520215,0.017497103275376534
episode_000003,21,descent_to_grasp,0.0,5.960464477539063e-08,0.41857419795032835,-0.19360958032720454,0.3581715841408042,0.41825594192322363,-0.19232717249736753,1.176999315518389,0.8188287974477346,0.0,0.0,False,0.31699443569195207,0.018219212428410382
episode_000003,22,descent_to_grasp,0.0,5.960464477539063e-08,0.4189935491542487,-0.19353128025314192,0.3450306560418156,0.41913656834034946,-0.1920865636854479,1.1498727189755034,0.8048433722953819,0.0,0.0,False,0.2899665995640461,0.018994087657010557
episode_000003,23,descent_to_grasp,0.0,5.960464477539063e-08,0.4194159964342141,-0.19345240208849226,0.3317927082793151,0.41992695059022644,-0.1918632370884098,1.1270797427768138,0.7952887863910648,0.0,0.0,False,0.26727768504710064,0.01969776244450652
episode_000003,24,descent_to_grasp,0.0,1.154883890741587e-07,0.4198416265471079,-0.19337292963425506,0.31845502221089944,0.42028533930230305,-0.19177115647393092,1.115234974808432,0.7967816861723118,0.0,0.0,False,0.25549182371574286,0.020021999690484887
episode_000003,25,descent_to_grasp,0.0,5.960464477539063e-08,0.4202623886815112,-0.19329436611523199,0.3052698807273861,0.42041334169905237,-0.19176714227504554,1.112399718013065,0.8071312962810189,0.0,0.0,False,0.2526751750371931,0.020145178614661897
episode_000003,26,grasp_close,0.0,6.332554525201317e-08,0.4205,-0.19325,0.2978240138201799,0.42041648304225654,-0.19176542302722774,1.1123860297920025,0.8145633731073046,1.0,1.0,True,0.25262138731168204,0.019903329767445754
episode_000003,27,grasp_close,0.0,5.960464477539063e-08,0.4205,-0.19325,0.2978240138201799,0.42041330195918875,-0.19176432196719045,1.112396178799689,0.8145735244378938,1.0,1.0,True,0.2526213873116821,0.01990495753219842
episode_000003,28,grasp_close,0.0,8.568606668646339e-08,0.4205,-0.19325,0.2978240138201799,0.42041050928216833,-0.19176340042564063,1.112419988837477,0.8145973364192053,1.0,1.0,True,0.252621387311682,0.0198987314473457
episode_000003,29,grasp_close,0.0,5.960464477539063e-08,0.4205,-0.19325,0.2978240138201799,0.4204085824338971,-0.19176396999271308,1.1124638912786569,0.8146412379617891,1.0,1.0,True,0.2526213873116821,0.019877472946653117
episode_000003,30,grasp_close,0.0,5.960464477539063e-08,0.4205,-0.19325,0.2978240138201799,0.42041071900944443,-0.1917652991451246,1.1124759844454646,0.8146533284479868,1.0,1.0,True,0.25262138731168204,0.019871448238685335
episode_000003,31,grasp_close,0.0,1.154883890741587e-07,0.4205,-0.19325,0.2978240138201799,0.4204132282038968,-0.1917678900498852,1.112492219022002,0.8146695580086485,1.0,1.0,True,0.25262138731168204,0.01986180181260273
episode_000003,32,grasp_close,0.0,1.154883890741587e-07,0.4205,-0.19325,0.2978240138201799,0.4204140014138972,-0.1917706568848103,1.1125012227342896,0.8146785565951108,1.0,1.0,True,0.25262138731168204,0.01985653548159287
episode_000003,33,grasp_close,0.0,6.332554525201317e-08,0.4205,-0.19325,0.2978240138201799,0.42041436295136636,-0.19177226600786265,1.1125051802751418,0.8146825111709916,1.0,1.0,True,0.25262138731168204,0.01985428708079863
episode_000003,34,grasp_close,0.0,6.332554525201317e-08,0.4205,-0.19325,0.2978240138201799,0.4204142542189426,-0.19177318577091282,1.1125068715730508,0.8146842008097314,1.0,1.0,True,0.25262138731168216,0.019853275783796538
episode_000003,35,grasp_close,0.0,6.332554525201317e-08,0.4205,-0.19325,0.2978240138201799,0.4204142150033156,-0.1917746115396342,1.1125076112010024,0.8146849378572876,1.0,1.0,True,0.25262138731168204,0.019852937228054177
episode_000003,36,lift,0.0,6.332554525201317e-08,0.4205,-0.19325,0.30236315032883115,0.4204125799614232,-0.191775801022663,1.1125090093662058,0.8101472050314644,1.0,1.0,True,0.25262138731168216,0.019855632533296457
episode_000003,37,lift,0.0,6.332554525201317e-08,0.4205,-0.19325,0.31477951285629774,0.4203952945978283,-0.19176897998223677,1.1162353460344894,0.8014572084140634,1.0,1.0,True,0.25262138731168216,0.019929797749503708
episode_000003,38,lift,0.0,5.960464477539063e-08,0.4205,-0.19325,0.32698221148444645,0.4203865481036521,-0.1917830673101785,1.1295580661396096,0.802577203288453,1.0,1.0,True,0.25262138731168204,0.0199103570348515
episode_000003,39,lift,0.0,6.332554525201317e-08,0.4205,-0.19325,0.3394962722496895,0.4203415701973836,-0.1918063302253737,1.1524624275866695,0.8129674526116105,1.0,1.0,True,0.2526213873116821,0.019870742652405078
episode_000003,40,lift,0.0,8.568606668646339e-08,0.4205,-0.19325,0.35189314919323034,0.42032700292358904,-0.19189157334068624,1.179310925233338,0.8274189092340922,1.0,1.0,True,0.2526213873116822,0.019900681172379052
episode_000003,41,lift,0.0,5.960464477539063e-08,0.4205,-0.19325,0.36427649612083074,0.4202984790672273,-0.19193444737714388,1.1981211644741245,0.8338457304745311,1.0,1.0,True,0.25262138731168204,0.019872007854703812
episode_000003,42,lift,0.0,5.960464477539063e-08,0.4205,-0.19325,0.3765161569542305,0.42029604328723913,-0.19197542297933723,1.2088000820334535,0.8322849260260573,1.0,1.0,True,0.252621387311682,0.019882606274321868
episode_000003,43,lift,0.0,8.568606668646339e-08,0.4205,-0.19325,0.3887906241278628,0.42027372798813306,-0.19197652110797064,1.2104051085010636,0.8216155024580247,1.0,1.0,True,0.25262138731168204,0.019815505046876954
episode_000004,0,hold,0.0,7.450141614739891e-08,0.30509017944335937,-0.01182829189300537,0.7236777954101563,0.30836527449642975,-0.011480791064606703,1.5390194178785521,0.8153482742569758,0.0,0.0,False,0.7216320287897909,0.24577099820407958
episode_000004,1,hold,0.0,7.450141614739891e-08,0.30509017944335937,-0.01182829189300537,0.7236777954101563,0.30836527449642975,-0.011480791064606703,1.5390194178785521,0.8153482742569758,0.0,0.0,False,0.721632032410603,0.24577100883549666
episode_000004,2,alignment,0.0,7.450141614739891e-08,0.3054129202867998,-0.012134269229701306,0.7231402052974271,0.30836527449642975,-0.011480791064606703,1.5390194178785521,0.8158848159826778,0.0,0.0,False,0.721632032410603,0.24577100883549666
episode_000004,3,alignment,0.0,5.592325269532239e-09,0.31726397264189216,-0.023369765171277503,0.7033998820596898,0.30892423302358263,-0.011838085060915724,1.5382391622831721,0.8349605707499791,0.0,0.0,False,0.7206783113921296,0.2451244793212252
episode_000004,4,alignment,0.0,3.724851316277977e-08,0.329104574400302,-0.03459535333140985,0.6836769664031833,0.3128439707578384,-0.01569896620492193,1.5314500389573877,0.848139530516794,0.0,0.0,False,0.7124286485817941,0.23962342594453137
episode_000004,5,alignment,0.0,9.499929243261818e-08,0.3409387758958379,-0.0458148736652099,0.6639647116782256,0.3210988847541404,-0.023633461653242847,1.517316261476698,0.8538703085731543,0.0,0.0,False,0.6952950892846502,0.22817888819031698
episode_000004,6,alignment,0.0,4.843316370184425e-08,0.3528636863932074,-0.057120391477666635,0.6441013627750365,0.33343907908492976,-0.0356856684395733,1.4959922488986468,0.8523818654695033,0.0,0.0,False,0.6695574258425111,0.21093473236717086
episode_000004,7,alignment,0.0,4.097380346124169e-08,0.36472993176527363,-0.06837029129456426,0.624335732496453,0.3503877179813541,-0.051855229099498225,1.4672310697035416,0.8431791007022067,0.0,0.0,False,0.6350231036269292,0.18752813872975221
episode_000004,8,alignment,0.0,5.960464477539063e-08,0.37659152445695954,-0.07961578009630767,0.6045778521975237,0.36852015742537836,-0.06922026744210336,1.436400776099273,0.8319270342869965,0.0,0.0,False,0.5983449419046626,0.16244456304498953
episode_000004,9,alignment,0.0,5.960464477539063e-08,0.388449431077058,-0.09085777428498891,0.5848261117959158,0.386861026236158,-0.08674361412782054,1.4052566500406771,0.8204423912916288,0.0,0.0,False,0.5617186509154798,0.13711129135203695
episode_000004,10,alignment,0.0,8.568606668646339e-08,0.40029961622597304,-0.10209244806400988,0.5650872330653617,0.4050173078789317,-0.10421385739103532,1.37434800097007,0.8092772994850302,0.0,0.0,False,0.5258748908134514,0.11195676936404939
episode_000004,11,alignment,0.0,5.960464477539063e-08,0.41205520987480077,-0.11323744352725817,0.5455059155986782,0.42315527408705494,-0.12170224602482513,1.3435205515771536,0.7981367198310685,0.0,0.0,False,0.4907336732018258,0.08682504998297384
episode_000004,12,alignment,0.0,5.960464477539063e-08,0.4239595846285828,-0.12452349224475008,0.5256767731274751,0.4413121387989414,-0.1392160475024733,1.3126364825087478,0.7872881089573839,0.0,0.0,False,0.45630022248425856,0.06171397334473452
episode_000004,13,alignment,0.0,6.332554525201317e-08,0.43584317287795216,-0.13578983413123916,0.5058822547810999,0.45855919855539473,-0.15575939485971418,1.2833301093808733,0.778035968191739,0.0,0.0,False,0.42451256622130695,0.03807945189354496
episode_000004,14,alignment,0.0,5.960464477539063e-08,0.44769846904534155,-0.1470293534569344,0.486134862616149,0.4744835950504714,-0.17111438192433487,1.2560807584265838,0.7707880474207673,0.0,0.0,False,0.39591078295304544,0.016854214014649014
episode_000004,15,alignment,0.0,6.332554525201317e-08,0.45963211791086916,-0.15834315575730284,0.46625695819444213,0.4867657431163727,-0.18289730802677837,1.2354318938912425,0.7700449478534629,0.0,0.0,False,0.3749747248688294,0.007333430516926457
episode_000004,16,alignment,0.0,5.960464477539063e-08,0.47137149743406564,-0.16947277927405494,0.44670264863147796,0.4939815285468777,-0.18987110003213514,1.2232046831266514,0.7770989091305014,0.0,0.0,False,0.3629362343448261,0.013746876363825768
episode_000004,17,alignment,0.0,1.154883890741587e-07,0.48331814158804765,-0.18079890187360984,0.426803097930017,0.4967821052257805,-0.19256726922991996,1.2184929501908868,0.7918917823540721,0.0,0.0,False,0.3583766916715706,0.017192501540377485
episode_000004,18,alignment,0.0,6.332554525201317e-08,0.4951700648259092,-0.19203522346336693,0.4070613240609897,0.49692642967368117,-0.192740538526072,1.2183088936496065,0.8112497774731613,0.0,0.0,False,0.35820222354316633,0.01738675660415346
episode_000004,19,descent_to_grasp,0.0,1.154883890741587e-07,0.4974734747377791,-0.19381510426098456,0.39266421098382975,0.49697473610091014,-0.19275576713531578,1.2178325998797184,0.8251692195958417,0.0,0.0,False,0.35772895515390224,0.017437363064863726
episode_000004,20,descent_to_grasp,0.0,8.568606668646339e-08,0.49790429123554114,-0.1937346634195924,0.3791640026428892,0.4971314553557243,-0.1927370216354569,1.2098796907585487,0.8307166466647339,0.0,0.0,False,0.3497927804537263,0.017578529359270706
episode_000004,21,descent_to_grasp,0.0,1.154883890741587e-07,0.4983179413162198,-0.19365742784318205,0.36620172682843405,0.4976975130026679,-0.19255116009808768,1.1924000155919492,0.8261992623546554,0.0,0.0,False,0.33236178052360915,0.018052886400647374
episode_000004,22,descent_to_grasp,0.0,9.312786763970848e-08,0.4987480313162653,-0.19357712265139446,0.3527242842603522,0.498642429478974,-0.19225128138729852,1.1659097670824121,0.8131865705232425,0.0,0.0,False,0.30596290277306526,0.018863073370964878
episode_000004,23,descent_to_grasp,0.0,5.960464477539063e-08,0.4991595483151391,-0.1935002853580026,0.33982885140322017,0.4994908829892506,-0.192001768389377,1.1392161786046213,0.7993888004131479,0.0,0.0,False,0.2793763711585752,0.019609943391058815
episode_000004,24,descent_to_grasp,0.0,5.960464477539063e-08,0.4995832040397163,-0.1934211815559833,0.3265530354204623,0.5000846148069469,-0.19181455783818863,1.1214123849146596,0.7948611313499148,0.0,0.0,False,0.26165943886157367,0.020136089626048122
episode_000004,25,descent_to_grasp,0.0,5.960464477539063e-08,0.50000788361591,-0.19334188658327786,0.31324513568463686,0.5003838446879963,-0.19178026113634708,1.1130651767680175,0.7998216539575463,0.0,0.0,False,0.2533603447719913,0.020417793926649715
episode_000004,26,descent_to_grasp,0.0,6.332554525201317e-08,0.5004289237671644,-0.19326327115373249,0.30005128217307525,0.5003942061747664,-0.19176990246600673,1.1123464644675114,0.8122965557812615,0.0,0.0,False,0.2526445865313783,0.020425338152156993
episode_000004,27,grasp_close,0.0,5.960464477539063e-08,0.5005000000000001,-0.19325,0.2978240138201799,0.5003925758032245,-0.19176817972753446,1.1123478959009976,0.814525237062231,1.0,1.0,True,0.2525974097464802,0.020218484264513926
episode_000004,28,grasp_close,0.0,5.960464477539063e-08,0.5005000000000001,-0.19325,0.2978240138201799,0.5003897530475232,-0.19176854122800704,1.1123533612246945,0.8145307020964329,1.0,1.0,True,0.25259740974648015,0.020224438322904142
episode_000004,29,grasp_close,0.0,5.960464477539063e-08,0.5005000000000001,-0.19325,0.2978240138201799,0.5003896456702538,-0.19176849871964205,1.1123623652659957,0.8145397062146137,1.0,1.0,True,0.25259740974648015,0.020224597563896215
episode_000004,30,grasp_close,0.0,5.960464477539063e-08,0.5005000000000001,-0.19325,0.2978240138201799,0.500391956613912,-0.19177132285127482,1.1123747610903967,0.8145520965769789,1.0,1.0,True,0.25259740974648026,0.020219231972881783
episode_000004,31,grasp_close,0.0,5.960464477539063e-08,0.5005000000000001,-0.19325,0.2978240138201799,0.5003952319319342,-0.19177402828699347,1.1123889349379539,0.8145662650665388,1.0,1.0,True,0.2525974097464802,0.020211500997860767
episode_000004,32,grasp_close,0.0,1.154883890741587e-07,0.5005000000000001,-0.19325,0.2978240138201799,0.5003972191740627,-0.19177602385144424,1.1124009033115294,0.8145782295537899,1.0,1.0,True,0.2525974097464802,0.020205165981564147
episode_000004,33,grasp_close,0.0,6.332554525201317e-08,0.5005000000000001,-0.19325,0.2978240138201799,0.5003978639697025,-0.19177785752278728,1.1124118666431235,0.8145891894703339,1.0,1.0,True,0.2525974097464802,0.020199297069050822
episode_000004,34,grasp_close,0.0,6.332554525201317e-08,0.5005000000000001,-0.19325,0.2978240138201799,0.5003971498691796,-0.19177903298275445,1.1124205708571873,0.8145978916365187,1.0,1.0,True,0.2525974097464802,0.020194993501539516
episode_000004,35,grasp_close,0.0,6.332554525201317e-08,0.5005000000000001,-0.19325,0.2978240138201799,0.5003961301476525,-0.19178145955442163,1.112426464401892,0.8146037809227975,1.0,1.0,True,0.2525974097464802,0.020192107750129622
episode_000004,36,grasp_close,0.0,6.332554525201317e-08,0.5005000000000001,-0.19325,0.2978240138201799,0.5003955461506854,-0.1917823320179165,1.1124316007961585,0.814608915810979,1.0,1.0,True,0.2525974097464801,0.020188952766027293
episode_000004,37,lift,0.0,6.332554525201317e-08,0.5005000000000001,-0.19325,0.3073964243747048,0.5003704743657519,-0.19177384858542404,1.1127614248704703,0.8053663637273616,1.0,1.0,True,0.2525974097464802,0.020272646232436842
episode_000004,38,lift,0.0,1.154883890741587e-07,0.5005000000000001,-0.19325,0.3196914845081217,0.5003773686062438,-0.19178009426512563,1.1202447605744021,0.8005546349136843,1.0,1.0,True,0.25259740974648015,0.020233094572123644
episode_000004,39,lift,0.0,5.960464477539063e-08,0.5005000000000001,-0.19325,0.3320328802282222,0.5003485766995871,-0.19180136204747503,1.1373477646680847,0.805316201613579,1.0,1.0,True,0.2525974097464802,0.02025090025258472
episode_000004,40,lift,0.0,8.568606668646339e-08,0.5005000000000001,-0.19325,0.3443797757310291,0.5003351129558661,-0.19186373266254544,1.1630910769400977,0.8187124914475865,1.0,1.0,True,0.2525974097464802,0.02024455513745796
episode_000004,41,lift,0.0,5.960464477539063e-08,0.5005000000000001,-0.19325,0.3567600827744784,0.5003024636400064,-0.1919395967250892,1.1882297968240918,0.8314707701170875,1.0,1.0,True,0.2525974097464801,0.020200650015399387
episode_000004,42,lift,0.0,6.332554525201317e-08,0.5005000000000001,-0.19325,0.3690726360937788,0.5002774968891853,-0.19199430837990988,1.20390885757618,0.8348371954866961,1.0,1.0,True,0.25259740974648015,0.02017312349100181
episode_000004,43,lift,0.0,6.332554525201317e-08,0.5005000000000001,-0.19325,0.3812923777555685,0.500277516237967,-0.19202367180504432,1.2100566022867998,0.828765161697039,1.0,1.0,True,0.2525974097464802,0.020178259841203163
episode_000004,44,lift,0.0,6.332554525201317e-08,0.5005000000000001,-0.19325,0.3939484585242133,0.5002807628260497,-0.1920309781510938,1.2102865765764919,0.8163390576619145,1.0,1.0,True,0.25259740974648026,0.020167040593291795
episode_000005,0,hold,0.0,7.450141614739891e-08,0.30509017944335937,-0.01182829189300537,0.7236777954101563,0.30836527449642975,-0.011480791064606703,1.5390194178785521,0.8153482742569758,0.0,0.0,False,0.686354056290319,0.10359772762534153
episode_000005,1,hold,0.0,7.450141614739891e-08,0.30509017944335937,-0.01182829189300537,0.7236777954101563,0.30836527449642975,-0.011480791064606703,1.5390194178785521,0.8153482742569758,0.0,0.0,False,0.686354056290319,0.10359772762534153
episode_000005,2,alignment,0.0,7.450141614739891e-08,0.30530204856408877,-0.01192831242465908,0.7230728669889667,0.30836527449642975,-0.011480791064606703,1.5390194178785521,0.8159524235744944,0.0,0.0,False,0.686354056290319,0.10359772762534153
episode_000005,3,alignment,0.0,1.676819616491798e-08,0.31299027998296286,-0.01555782196028736,0.7011214392492943,0.30880642701200905,-0.011543976873219893,1.5380232385342054,0.8369218823906968,0.0,0.0,False,0.6853055263633181,0.10317493484140842
episode_000005,4,alignment,0.0,9.871580308740135e-08,0.3207709496361381,-0.019230970329682913,0.6789060819905828,0.3114363481748391,-0.012879550569804832,1.5299768338728974,0.8511456397273828,0.0,0.0,False,0.6769089137161031,0.10022536097778259
episode_000005,5,alignment,0.0,1.0990045362646583e-07,0.3285804483240138,-0.022917728494445896,0.65660841211177,0.31716231786544985,-0.015708759039477483,1.5128260304064693,0.8563240933326698,0.0,0.0,False,0.6590123369674262,0.093838670544531
episode_000005,6,alignment,0.0,9.642538012499813e-08,0.33623274393002933,-0.026530273221351024,0.6347595882553904,0.32582163724564683,-0.019832482562473226,1.4869019167387605,0.8522322450688918,0.0,0.0,False,0.6320136114307494,0.08424981777731308
episode_000005,7,alignment,0.0,1.154883890741587e-07,0.34391023467850185,-0.030154712232496158,0.6128388272630293,0.33754016040149915,-0.025475021637523937,1.4521402975635074,0.8393386893256521,0.0,0.0,False,0.5958859656074457,0.07124620756406402
episode_000005,8,alignment,0.0,5.960464477539063e-08,0.3516773931482658,-0.033821482155880246,0.5906620471165523,0.3498020074013914,-0.03145308211644319,1.4151240497020123,0.8244675373219211,0.0,0.0,False,0.557579033417009,0.057607145889515834
episode_000005,9,alignment,0.0,5.960464477539063e-08,0.3593602212156108,-0.03744844084270721,0.5687260470187105,0.3625601499851796,-0.037535650412897206,1.3776045934049015,0.808884880532129,0.0,0.0,False,0.518900689954223,0.04348148083682661
episode_000005,10,alignment,0.0,5.960464477539063e-08,0.3670818461743219,-0.04109371501452596,0.5466792740901688,0.37528480211231197,-0.043678544669738986,1.3401481096980132,0.7935154459185627,0.0,0.0,False,0.48051727297182456,0.029364096935377632
episode_000005,11,alignment,0.0,1.0057844823663231e-07,0.37487161091506715,-0.0447711570511207,0.5244379485499758,0.3878847579286641,-0.049698158549698626,1.3028196441481816,0.7785060573825373,0.0,0.0,False,0.44256019063500546,0.01544046220418606
episode_000005,12,alignment,0.0,5.960464477539063e-08,0.3825444203890061,-0.048393386096197866,0.5025305535262042,0.39946864881404887,-0.05529382278315198,1.268543662566243,0.7662311196730657,0.0,0.0,False,0.4080253728278788,0.002940618063351725
episode_000005,13,alignment,0.0,5.960464477539063e-08,0.39031761986625246,-0.052063007897090285,0.48033652510349817,0.4080044222279739,-0.05945941611775695,1.2432082947210596,0.7631126173192128,0.0,0.0,False,0.3827464240895183,0.007162090320286219
episode_000005,14,alignment,0.0,7.823548608953956e-08,0.3980106594858513,-0.05569478731891591,0.4583713689957503,0.41362876888482764,-0.0621803317548853,1.226636390081886,0.7684511241792218,0.0,0.0,False,0.3663502417328195,0.013333990611324469
episode_000005,15,alignment,0.0,5.960464477539063e-08,0.4057249954850937,-0.05933662047205884,0.4363454074942268,0.41614674131521534,-0.06342785307408828,1.219125659802933,0.7828603160046071,0.0,0.0,False,0.3589591979551555,0.016126371041016364
episode_000005,16,alignment,0.0,5.960464477539063e-08,0.41344250097763235,-0.06297994989989943,0.41431039645981693,0.41640699295787686,-0.06356521102962026,1.2183288637507586,0.8040241454634095,0.0,0.0,False,0.3581764708021171,0.016418294233120252
episode_000005,17,descent_to_grasp,0.0,5.960464477539063e-08,0.417349552608215,-0.06467157598484155,0.3965474758445289,0.4164203951095689,-0.06356286869204494,1.2183102766515126,0.8217640740234735,0.0,0.0,False,0.35815844064257646,0.01643001322849836
episode_000005,18,descent_to_grasp,0.0,5.960464477539063e-08,0.41777121518285554,-0.064592844338157,0.3833341178677668,0.41656176385877763,-0.06354908490726847,1.2132746472528233,0.8299420669674498,0.0,0.0,False,0.3531341470030483,0.016557594095425957
episode_000005,19,descent_to_grasp,0.0,1.0803780847723488e-07,0.418198988885143,-0.06451297163895393,0.3699292595727456,0.41706081454975236,-0.06338183707971831,1.1986694699330003,0.8287417638650583,0.0,0.0,False,0.33856615965448617,0.016970273298738497
episode_000005,20,descent_to_grasp,0.0,5.960464477539063e-08,0.4186146277975681,-0.06443536471348918,0.3569046610685359,0.4178694852480831,-0.06316215679005092,1.1743908088923372,0.8174874789130615,0.0,0.0,False,0.31435878169200404,0.017667404590139227
episode_000005,21,descent_to_grasp,0.0,6.332554525201317e-08,0.41903592695061026,-0.06435670092386048,0.34370269139124404,0.41875652680874176,-0.06290012563355034,1.1463874062017962,0.8026860850086498,0.0,0.0,False,0.28645264305286444,0.0184397213085029
episode_000005,22,descent_to_grasp,0.0,5.960464477539063e-08,0.4194617333341354,-0.06427719555686813,0.33035948164799167,0.419430702703539,-0.06271223062133932,1.1256474509280143,0.7952895096502227,0.0,0.0,False,0.2658012907926177,0.019038720709570526
episode_000005,23,descent_to_grasp,0.0,5.960464477539063e-08,0.41988589192909087,-0.0641979978603101,0.3170679075526491,0.4197758831329554,-0.06263827374921331,1.1146879439626773,0.7976215689937007,0.0,0.0,False,0.254894858080948,0.019353606727979585
episode_000005,24,descent_to_grasp,0.0,7.078490549261574e-08,0.42030551109956743,-0.06411964775228783,0.30391858236497776,0.4198673751164637,-0.06262344742455576,1.11242603428157,0.8085089550420707,0.0,0.0,False,0.2526460521070015,0.019438479703341553
episode_000005,25,grasp_close,0.0,5.960464477539063e-08,0.4205,-0.06408333333333334,0.2978240138201799,0.41986626150946593,-0.06262235805182827,1.1124245148034428,0.8146020576179699,1.0,1.0,True,0.25261510924952424,0.0194097394842773
episode_000005,26,grasp_close,0.0,5.960464477539063e-08,0.4205,-0.06408333333333334,0.2978240138201799,0.41986285342119806,-0.06262309028022157,1.1124340944234514,0.814611638565277,1.0,1.0,True,0.25261510924952424,0.019411265089283758
episode_000005,27,grasp_close,0.0,7.822670644586083e-08,0.4205,-0.06408333333333334,0.2978240138201799,0.4198613218479568,-0.06262318339426384,1.1124499396346077,0.8146274847785581,1.0,1.0,True,0.2526151092495242,0.01940738621562112
episode_000005,28,grasp_close,0.0,1.0057844823663231e-07,0.4205,-0.06408333333333334,0.2978240138201799,0.4198630903977647,-0.06262449081846455,1.1124777015369012,0.8146552429008099,1.0,1.0,True,0.25261510924952413,0.01939248444532341
episode_000005,29,grasp_close,0.0,5.960464477539063e-08,0.4205,-0.06408333333333334,0.2978240138201799,0.4198665511607228,-0.06262625620712206,1.112502774787755,0.8146803102462014,1.0,1.0,True,0.25261510924952413,0.019377331750346973
episode_000005,30,grasp_close,0.0,5.960464477539063e-08,0.4205,-0.06408333333333334,0.2978240138201799,0.4198688065418341,-0.06262783982059725,1.1125168682220454,0.8146943990724413,1.0,1.0,True,0.25261510924952424,0.019368071502763
episode_000005,31,grasp_close,0.0,1.0803780847723488e-07,0.4205,-0.06408333333333334,0.2978240138201799,0.41986950134899076,-0.06262908641526564,1.112524069139838,0.8147015972124403,1.0,1.0,True,0.2526151092495241,0.01936339012745573
episode_000005,32,grasp_close,0.0,1.0803780847723488e-07,0.4205,-0.06408333333333334,0.2978240138201799,0.419869719675739,-0.06263128487077879,1.1125271946735307,0.8147047186500102,1.0,1.0,True,0.25261510924952424,0.01936133826650916
episode_000005,33,grasp_close,0.0,5.960464477539063e-08,0.4205,-0.06408333333333334,0.2978240138201799,0.41986983483171886,-0.06263212160829881,1.1125287203671737,0.8147062427608084,1.0,1.0,True,0.2526151092495242,0.01936033789100687
episode_000005,34,grasp_close,0.0,5.960464477539063e-08,0.4205,-0.06408333333333334,0.2978240138201799,0.4198699528254571,-0.06263338320529377,1.112530320222366,0.8147078402754625,1.0,1.0,True,0.2526151092495243,0.019359284376079984
episode_000005,35,lift,0.0,5.960464477539063e-08,0.4205,-0.06408333333333334,0.3036732297724595,0.41986324395059066,-0.06263328450292299,1.112549885450651,0.8088782060366151,1.0,1.0,True,0.2526151092495242,0.01937941985084038
episode_000005,36,lift,0.0,1.0803780847723488e-07,0.4205,-0.06408333333333334,0.3162217093351219,0.41985315225505926,-0.06263414499050585,1.1173357215289474,0.8011155841026606,1.0,1.0,True,0.25261510924952424,0.01941199223593464
episode_000005,37,lift,0.0,5.960464477539063e-08,0.4205,-0.06408333333333334,0.3283752372914751,0.4198542374541398,-0.06266005149684378,1.1317185528788736,0.8033448359449422,1.0,1.0,True,0.25261510924952424,0.019408653794859627
episode_000005,38,lift,0.0,7.078490549261574e-08,0.4205,-0.06408333333333334,0.34079959405075694,0.419806518851388,-0.06269568006694669,1.1557408930518482,0.8149427754850505,1.0,1.0,True,0.25261510924952424,0.01936141327209016
episode_000005,39,lift,0.0,5.960464477539063e-08,0.4205,-0.06408333333333334,0.35319453952271934,0.4198079300534049,-0.0627719980382338,1.1822039997431844,0.8290107862362792,1.0,1.0,True,0.25261510924952424,0.019354061273014502
episode_000005,40,lift,0.0,8.568606668646339e-08,0.4205,-0.06408333333333334,0.3652892779180197,0.4198127491398995,-0.06282466644454401,1.2005881038795838,0.8353000569908092,1.0,1.0,True,0.2526151092495242,0.019336835149134483
episode_000005,41,lift,0.0,7.0776125848937e-08,0.4205,-0.06408333333333334,0.37754027911088234,0.41982371307508903,-0.06285819600238905,1.2093335321170522,0.8317944301761526,1.0,1.0,True,0.2526151092495242,0.019354700825202655
episode_000005,42,lift,0.0,9.313664728338722e-08,0.4205,-0.06408333333333334,0.38985942972265797,0.41977969110289526,-0.06286006941392941,1.210331281956136,0.8204730803182747,1.0,1.0,True,0.25261510924952435,0.019348687431974803
