feature,frame,episode_id,progress,before_cosine_distance,after_cosine_distance,cosine_improvement,before_l2,after_l2,l2_improvement,shift_norm
vision_backbone.output,episode_000001_000000,episode_000001,0,0.07763140208763852,0.01474078726669903,0.0628906148209395,61.61603242517791,27.56246018256363,34.05357224261428,58.99285378989517
vision_backbone.output,episode_000001_000001,episode_000001,1,0.07865701928365121,0.015268822425829054,0.06338819685782215,61.947268147043026,28.04522793552082,33.902040211522205,58.61804759772657
vision_backbone.output,episode_000001_000002,episode_000001,2,0.08025906386519344,0.01592031242597125,0.06433875143922219,62.522821348469705,28.63306089779708,33.889760450672625,58.35670836424809
vision_backbone.output,episode_000001_000003,episode_000001,3,0.08120927550185242,0.016175075047528575,0.06503420045432384,62.75027945404383,28.907752018893706,33.84252743515012,58.063468279138654
vision_backbone.output,episode_000001_000004,episode_000001,4,0.08827322230801327,0.019051113472943748,0.06922210883506952,65.72756503374819,31.42403421148451,34.30353082226368,57.93533852246103
vision_backbone.output,episode_000001_000005,episode_000001,5,0.08899211811717889,0.016971011250377366,0.07202110686680152,66.64397582539878,29.960909293848914,36.68306653154987,58.02384513473352
vision_backbone.output,episode_000001_000006,episode_000001,6,0.09172280868298277,0.020834467124483336,0.07088834155849943,67.41679081722471,33.310313203242444,34.106477613982264,58.332991187533
vision_backbone.output,episode_000001_000007,episode_000001,7,0.09656842068330707,0.02224027554133634,0.07432814514197073,68.93248779682308,34.33888879671659,34.593599000106494,58.62309118923583
vision_backbone.output,episode_000001_000008,episode_000001,8,0.10015260611305732,0.028565665959679576,0.07158694015337774,69.22572047185074,38.760502180326604,30.46521829152413,58.674610089688095
vision_backbone.output,episode_000001_000009,episode_000001,9,0.10695517030030555,0.035016394601969814,0.07193877569833573,71.0642868407591,42.35556255416342,28.708724286595675,59.00727798061578
vision_backbone.output,episode_000001_000010,episode_000001,10,0.1129758943626138,0.04084580289541018,0.07213009146720362,72.49550876817914,45.651638124392115,26.84387064378702,59.49662006772546
vision_backbone.output,episode_000001_000011,episode_000001,11,0.09487380539856605,0.03629368292737656,0.05858012247118949,66.55878044999575,43.80871309916499,22.75006735083076,60.192331528267125
vision_backbone.output,episode_000001_000012,episode_000001,12,0.09345903890481888,0.03514116167032644,0.05831787723449244,65.36617957190519,42.49832966349895,22.867849908406242,61.393060979691825
vision_backbone.output,episode_000001_000013,episode_000001,13,0.09698339736123918,0.040109939524033855,0.05687345783720532,65.66822325744405,44.98972156510553,20.67850169233852,62.750746472919595
vision_backbone.output,episode_000001_000014,episode_000001,14,0.10136472560402576,0.05066392904058692,0.050700796563438844,66.72493297169444,50.92581363621531,15.799119335479133,64.13184838215567
vision_backbone.output,episode_000001_000015,episode_000001,15,0.09950039139067912,0.05532354877640888,0.04417684261427024,66.8361512932824,53.72177929107595,13.114372002206451,65.34102976883202
vision_backbone.output,episode_000001_000016,episode_000001,16,0.11170539812654157,0.05824625125597915,0.05345914687056241,71.24392785573019,54.46012043538412,16.783807420346072,66.7945543102705
vision_backbone.output,episode_000001_000017,episode_000001,17,0.10755088338929075,0.04744267542024316,0.06010820796904759,70.60518392608114,49.17243142803371,21.432752498047428,69.0700641353298
vision_backbone.output,episode_000001_000018,episode_000001,18,0.10390446145399324,0.04960628090709407,0.054298180546899166,69.43493569301647,50.77907306244431,18.65586263057216,71.34814115873313
vision_backbone.output,episode_000001_000019,episode_000001,19,0.10394105241557494,0.05506146634578979,0.04887958606978515,69.53059894514854,53.817609016373844,15.712989928774697,73.7998183382995
vision_backbone.output,episode_000001_000020,episode_000001,20,0.1037613153620166,0.06058190324626811,0.043179412115748494,69.507304253626,56.68561203126761,12.821692222358394,75.61906381887123
vision_backbone.output,episode_000001_000021,episode_000001,21,0.10253926894295784,0.06296744238780638,0.03957182655515146,68.983943745667,58.11159300981084,10.872350735856166,77.23044586117383
vision_backbone.output,episode_000001_000022,episode_000001,22,0.11276564958008406,0.07787459119747742,0.03489105838260664,72.70028330210572,65.12695474649378,7.573328555611937,78.81560507079274
vision_backbone.output,episode_000001_000023,episode_000001,23,0.13027871998955787,0.053522596754815854,0.07675612323474201,81.08670916700969,54.48340442616053,26.603304740849154,80.72654327496136
vision_backbone.output,episode_000001_000024,episode_000001,24,0.150146692761575,0.04686677464191302,0.10327991811966197,86.18039097570922,51.351776417379774,34.82861455832944,82.73690353231055
vision_backbone.output,episode_000001_000025,episode_000001,25,0.16624538745963413,0.04108489010501748,0.12516049735461665,92.44725673574519,47.88941932292074,44.55783741282445,84.99627178866042
vision_backbone.output,episode_000001_000026,episode_000001,26,0.1723092384613838,0.034266370059184204,0.1380428684021996,95.76575729408222,44.38912557588987,51.37663171819235,87.29116466194891
vision_backbone.output,episode_000001_000027,episode_000001,27,0.16410585916638953,0.03578935299138086,0.12831650617500867,94.23524003963385,46.046562794819664,48.18867724481419,89.19181022109746
vision_backbone.output,episode_000001_000028,episode_000001,28,0.15197393298779815,0.04820231809720432,0.10377161489059383,91.65135026642741,53.699486264547005,37.95186400188041,90.30027165030957
vision_backbone.output,episode_000001_000029,episode_000001,29,0.15059426926709807,0.048568206024695026,0.10202606324240304,91.45358609658823,54.17568048835371,37.27790560823451,91.40980881203467
vision_backbone.output,episode_000001_000030,episode_000001,30,0.15280247197554098,0.04219375237408962,0.11060871960145136,92.16102938254073,50.623422804397144,41.53760657814359,92.27718663300601
vision_backbone.output,episode_000001_000031,episode_000001,31,0.16813490466170222,0.03965797177852337,0.12847693288317885,96.634299637634,48.849367302384145,47.784932335249856,93.05804891399457
vision_backbone.output,episode_000001_000032,episode_000001,32,0.16415294325907936,0.03874018709265192,0.12541275616642744,95.06140859951455,48.155027095126485,46.906381504388065,93.66200243548731
vision_backbone.output,episode_000001_000033,episode_000001,33,0.16474978829475972,0.03765589143182757,0.12709389686293215,95.34292664968251,47.573078386954435,47.769848262728075,93.96097441071623
vision_backbone.output,episode_000001_000034,episode_000001,34,0.16521031991100255,0.036662874262921696,0.12854744564808085,95.78955452808054,47.09518097523567,48.69437355284487,93.45847679710114
vision_backbone.output,episode_000001_000035,episode_000001,35,0.1689928338045743,0.034943846678360146,0.13404898712621416,96.86181273180259,45.87336836180764,50.988444369994944,92.62439982093593
vision_backbone.output,episode_000001_000036,episode_000001,36,0.16350902657842692,0.03410464420922177,0.12940438236920515,95.28251746808525,45.3831884583443,49.899329009740946,90.79333134244271
vision_backbone.output,episode_000001_000037,episode_000001,37,0.16755277772605381,0.03247114070679602,0.1350816370192578,96.68891953153395,44.3277116323662,52.36120789916775,88.9218048765417
vision_backbone.output,episode_000001_000038,episode_000001,38,0.167567686402458,0.0317794535780247,0.1357882328244333,96.61446378599766,43.731374459194086,52.88308932680357,87.30906678218922
vision_backbone.output,episode_000001_000039,episode_000001,39,0.165421997121862,0.028977888285956266,0.13644410883590574,95.94697288174902,41.60994987526696,54.337023006482056,85.75329297714858
vision_backbone.output,episode_000001_000040,episode_000001,40,0.1542577431297546,0.04010873802620274,0.11414900510355186,91.83011683341242,48.57028646564609,43.25983036776633,84.61791348271542
vision_backbone.output,episode_000001_000041,episode_000001,41,0.15156117537566505,0.06376941134228598,0.08779176403337907,89.22843324241855,60.75619225884735,28.472240983571197,83.39698852975502
vision_backbone.output,episode_000001_000042,episode_000001,42,0.11705262416588869,0.07713835696108295,0.03991426720480573,76.65589212208764,66.75199943533899,9.903892686748648,82.65888298172588
vision_backbone.output,episode_000001_000043,episode_000001,43,0.12208498804557633,0.09180549427620821,0.030279493769368115,77.96152298012463,72.69885907011772,5.262663910006907,81.81581467796636
vision_backbone.output,episode_000001_000044,episode_000001,44,0.11677717390545128,0.08338650560747662,0.03339066829797466,75.9216316002862,69.31728211542347,6.6043494848627375,80.93631543145968
vision_backbone.output,episode_000001_000045,episode_000001,45,0.11515701190399441,0.07974444651856694,0.035412565385427475,75.3035565469495,67.53961067972995,7.763945867219547,80.35400905850284
vision_backbone.output,episode_000002_000000,episode_000002,0,0.07142687650711166,0.008668942357195841,0.06275793414991582,59.61625191234459,21.30206640068154,38.31418551166305,58.88228294908455
vision_backbone.output,episode_000002_000001,episode_000002,1,0.07156860200046589,0.00849596042169043,0.06307264157877546,59.68472684754671,21.083724199923633,38.601002647623076,58.42160127959043
vision_backbone.output,episode_000002_000002,episode_000002,2,0.07295231345026698,0.008937343978352219,0.06401496947191476,60.25545112017844,21.618644314355898,38.636806805822545,58.16029855783906
vision_backbone.output,episode_000002_000003,episode_000002,3,0.07267194136770949,0.009864282434570382,0.06280765893313911,60.1432843689547,22.747244312188847,37.396040056765855,57.82424821980536
vision_backbone.output,episode_000002_000004,episode_000002,4,0.07813469931759931,0.013294228120432128,0.06484047119716718,62.908380008843835,26.553322094553803,36.35505791429003,57.63913678054896
vision_backbone.output,episode_000002_000005,episode_000002,5,0.09262783148415199,0.017587389897859462,0.07504044158629253,68.58212008747289,30.57496052248182,38.00715956499107,57.71718289270324
vision_backbone.output,episode_000002_000006,episode_000002,6,0.09366729538189134,0.02023628553285428,0.07343100984903705,69.22189138221358,32.90015358826138,36.3217377939522,57.936227153202786
vision_backbone.output,episode_000002_000007,episode_000002,7,0.09638118529872819,0.021127573101855424,0.07525361219687277,70.4883641445622,33.708474099011546,36.77989004555065,58.23180850453749
vision_backbone.output,episode_000002_000008,episode_000002,8,0.11193029588926928,0.03331963715640118,0.0786106587328681,74.60073186342886,42.03003476993318,32.57069709349568,58.25545107904198
vision_backbone.output,episode_000002_000009,episode_000002,9,0.1039392756619748,0.025487405030167887,0.07845187063180692,72.83691437935133,36.905138272115884,35.93177610723544,58.36175377278944
vision_backbone.output,episode_000002_000010,episode_000002,10,0.11003817731783172,0.031987971679184435,0.07805020563864729,75.10125614647617,41.44751319924355,33.65374294723262,58.62521876144804
vision_backbone.output,episode_000002_000011,episode_000002,11,0.10019655198594213,0.03471774629240487,0.06547880569353726,71.13847792918286,43.62958633954532,27.508891589637535,59.29579158218908
vision_backbone.output,episode_000002_000012,episode_000002,12,0.08310094966020631,0.031115676542707527,0.05198527311749879,64.64937343824158,41.85425073481569,22.79512270342589,60.44431154908549
vision_backbone.output,episode_000002_000013,episode_000002,13,0.08913052843684155,0.03836685695899911,0.05076367147784244,68.43532080035409,46.66836541207234,21.76695538828175,61.759234813661855
vision_backbone.output,episode_000002_000014,episode_000002,14,0.10458685392614975,0.03511595224981778,0.06947090167633196,73.40427465884248,44.239996703386176,29.164277955456306,63.0416289116524
vision_backbone.output,episode_000002_000015,episode_000002,15,0.09772960689662269,0.03803484285032699,0.0596947640462957,70.71771553532331,45.92258560023462,24.79512993508869,64.2214485087217
vision_backbone.output,episode_000002_000016,episode_000002,16,0.0982625829772058,0.042149020527688985,0.05611356244951682,69.3735856584852,47.88858322838525,21.485002430099946,65.64693027387007
vision_backbone.output,episode_000002_000017,episode_000002,17,0.10922231033469498,0.03749612522822188,0.0717261851064731,73.22756204821194,45.23789069056852,27.989671357643417,67.46182160828451
vision_backbone.output,episode_000002_000018,episode_000002,18,0.11031252845656492,0.0372643814590371,0.07304814699752782,74.23486299510232,45.306169511558345,28.928693483543974,69.328296072337
vision_backbone.output,episode_000002_000019,episode_000002,19,0.1095439069622347,0.035307424496470396,0.07423648246576431,74.45055721406398,44.42004233396485,30.030514880099126,71.39298859961907
vision_backbone.output,episode_000002_000020,episode_000002,20,0.10974938104885978,0.036656898678520955,0.07309248237033883,74.49134684912408,45.4841652830246,29.007181566099483,73.33747247336323
vision_backbone.output,episode_000002_000021,episode_000002,21,0.10949016657086674,0.038780871791800564,0.07070929477906618,74.40447978186842,47.07035744526591,27.334122336602505,75.19826165631386
vision_backbone.output,episode_000002_000022,episode_000002,22,0.12036050457414627,0.042802591871287876,0.07755791270285839,78.75164479963725,49.42779078787532,29.32385401176193,76.9977033502874
vision_backbone.output,episode_000002_000023,episode_000002,23,0.1396971292840019,0.047258559058727445,0.09243857022527446,83.83271321847496,51.871992197504554,31.96072102097041,78.90104554314959
vision_backbone.output,episode_000002_000024,episode_000002,24,0.1538075742049192,0.045302118617535636,0.10850545558738356,89.43620602210926,51.670515073614,37.76569094849526,81.12791328330066
vision_backbone.output,episode_000002_000025,episode_000002,25,0.19006333292209865,0.059481943409754545,0.1305813895123441,98.68814824687892,58.22657052698038,40.46157771989854,83.57136889402705
vision_backbone.output,episode_000002_000026,episode_000002,26,0.20347051789170179,0.06493857617286647,0.13853194171883532,103.39963935804077,60.93810777354802,42.461531584492754,86.10037183308249
vision_backbone.output,episode_000002_000027,episode_000002,27,0.1829543953550412,0.06057277475617906,0.12238162059886215,100.7202238535781,61.406951621227336,39.31327223235077,88.21662142110299
vision_backbone.output,episode_000002_000028,episode_000002,28,0.18140420494122633,0.0600841373192752,0.12132006762195113,100.78934717639561,61.7492773859502,39.04006979044541,89.64495001721167
vision_backbone.output,episode_000002_000029,episode_000002,29,0.16730946413337333,0.05454355341277728,0.11276591072059605,99.05837161475607,59.48649978401964,39.57187183073643,90.78222204490991
vision_backbone.output,episode_000002_000030,episode_000002,30,0.1709819062686575,0.047499968556355854,0.12348193771230165,100.54171056927485,55.64680967177264,44.89490089750222,91.62044439312291
vision_backbone.output,episode_000002_000031,episode_000002,31,0.17989350495862577,0.04769034818271012,0.13220315677591565,102.61455529144268,55.45985200732199,47.15470328412069,92.28106301151148
vision_backbone.output,episode_000002_000032,episode_000002,32,0.17530994798273092,0.04678147945081246,0.12852846853191846,100.86136306680312,55.0049008980429,45.856462168760224,92.86162274922593
vision_backbone.output,episode_000002_000033,episode_000002,33,0.17485855474142353,0.04594559434681278,0.12891296039461075,100.74528774097384,54.715635857461365,46.02965188351247,93.19276272796805
vision_backbone.output,episode_000002_000034,episode_000002,34,0.17563696625555314,0.04838297953457582,0.12725398672097732,100.85996758013594,55.92143953255396,44.93852804758198,92.76497556595264
vision_backbone.output,episode_000002_000035,episode_000002,35,0.176110015921354,0.047662859375814826,0.12844715654553918,101.29337972663778,55.82351249570515,45.46986723093263,91.8540368639469
vision_backbone.output,episode_000002_000036,episode_000002,36,0.1820193354342471,0.05037662098096085,0.13164271445328624,102.87202657817211,57.07846246246783,45.79356411570428,89.8871323929289
vision_backbone.output,episode_000002_000037,episode_000002,37,0.17948418332508942,0.05164610428078398,0.12783807904430544,102.4785117679176,57.92527014328032,44.55324162463727,87.51323424605488
vision_backbone.output,episode_000002_000038,episode_000002,38,0.17746074854931004,0.054231219684016896,0.12322952886529315,101.42163988384249,59.109002909799514,42.312636974042974,85.52846739207406
vision_backbone.output,episode_000002_000039,episode_000002,39,0.1756746967088142,0.05648634577155731,0.11918835093725688,100.70499942710967,60.227822732432145,40.477176694677524,83.49747998019357
vision_backbone.output,episode_000002_000040,episode_000002,40,0.1855084288594946,0.05989796620933907,0.12561046265015552,103.42257362202207,61.71651649105145,41.70605713097062,81.78935842897512
vision_backbone.output,episode_000002_000041,episode_000002,41,0.17499443268013015,0.056575288424821846,0.1184191442553083,100.27721253852786,59.141061001057196,41.13615153747067,80.86947719050268
vision_backbone.output,episode_000002_000042,episode_000002,42,0.18024393311672215,0.058499570561707404,0.12174436255501475,99.71283732995454,58.97955288689537,40.73328444305917,79.93726583764523
vision_backbone.output,episode_000002_000043,episode_000002,43,0.13155846277414152,0.04367341240570688,0.08788505036843464,85.41712576655024,52.58689417434826,32.83023159220198,78.78489595097965
vision_backbone.output,episode_000002_000044,episode_000002,44,0.12613148370594374,0.03836696807097517,0.08776451563496857,83.81496153210651,48.554016711410675,35.26094482069583,77.40648009995937
vision_backbone.output,episode_000002_000045,episode_000002,45,0.12374512720943509,0.04138929038340933,0.08235583682602576,83.1044876050769,50.34350744006094,32.76098016501596,76.10605125050678
vision_backbone.output,episode_000002_000046,episode_000002,46,0.12370845603709357,0.04007417059779128,0.08363428543930229,83.11751172150507,49.12870236658082,33.98880935492425,74.28122434159285
vision_backbone.output,episode_000003_000000,episode_000003,0,0.0744701413976322,0.008508988173020038,0.06596115322461216,60.97303460048545,20.980417325521866,39.99261727496358,58.67331955629483
vision_backbone.output,episode_000003_000001,episode_000003,1,0.07615693870273299,0.009226515626802989,0.06693042307593,61.69146305037138,21.863314144947363,39.828148905424015,58.536924467513806
vision_backbone.output,episode_000003_000002,episode_000003,2,0.07846596394075323,0.009387422785629984,0.06907854115512324,62.678115473874755,22.077378976840706,40.60073649703405,58.52721286900652
vision_backbone.output,episode_000003_000003,episode_000003,3,0.0784094049773747,0.00919189933588238,0.06921750564149232,62.713843421334644,21.882112265999467,40.83173115533518,58.46120096539207
vision_backbone.output,episode_000003_000004,episode_000003,4,0.08513065666781383,0.012168039760640292,0.07296261690717354,65.35694582317839,25.178584096288176,40.178361726890216,58.393021108429124
vision_backbone.output,episode_000003_000005,episode_000003,5,0.08096169333755254,0.015379443244453173,0.06558225009309937,63.12616941466273,28.175063371556256,34.95110604310648,58.448340334005465
vision_backbone.output,episode_000003_000006,episode_000003,6,0.07764196013666236,0.020173047532581534,0.057468912604080824,61.27574994437742,32.9229154601316,28.352834484245818,58.54454731999516
vision_backbone.output,episode_000003_000007,episode_000003,7,0.08511891319049392,0.029004176720333286,0.05611473647016063,63.4760041814491,38.608912284793384,24.867091896655715,58.58815032540488
vision_backbone.output,episode_000003_000008,episode_000003,8,0.08610090387415714,0.025203865581556517,0.060897038292600625,63.78141147025228,35.500110392638824,28.281301077613456,58.56997875549823
vision_backbone.output,episode_000003_000009,episode_000003,9,0.09821492683677868,0.028793617320645448,0.06942130951613323,68.15042839570842,37.88223621926304,30.268192176445375,58.60083262279196
vision_backbone.output,episode_000003_000010,episode_000003,10,0.1119744383358574,0.03241658802753711,0.0795578503083203,73.5644027529859,40.514252577961734,33.050150175024164,58.65158458825356
vision_backbone.output,episode_000003_000011,episode_000003,11,0.12735216413696526,0.031564333253043975,0.09578783088392129,76.12055249020709,38.854995878527376,37.26555661167971,58.74624013478639
vision_backbone.output,episode_000003_000012,episode_000003,12,0.14088796414154492,0.04048662220172583,0.10040134193981909,79.56695391357417,43.689707336540714,35.87724657703345,59.32342307994922
vision_backbone.output,episode_000003_000013,episode_000003,13,0.12725235902539722,0.05172016592097928,0.07553219310441794,74.65894352548801,48.86747439194101,25.791469133547004,59.93432124507856
vision_backbone.output,episode_000003_000014,episode_000003,14,0.1360555427797101,0.04623402712167679,0.08982151565803331,80.40598758587481,47.965715452261534,32.44027213361328,60.6897609139383
vision_backbone.output,episode_000003_000015,episode_000003,15,0.14139122347549538,0.045720600993229055,0.09567062248226632,82.28892676193011,47.978486394633954,34.31044036729616,61.37315457480999
vision_backbone.output,episode_000003_000016,episode_000003,16,0.1529442111927205,0.04693390013627474,0.10601031105644576,85.17815481050388,48.446089840685104,36.73206496981878,62.35021767107733
vision_backbone.output,episode_000003_000017,episode_000003,17,0.15369120006507286,0.04490569502357855,0.10878550504149431,85.48496205626917,47.483316922809415,38.00164513345975,64.02347034646408
vision_backbone.output,episode_000003_000018,episode_000003,18,0.15357733835015808,0.0429579287633397,0.11061940958681837,85.32964662741362,46.39231329964694,38.93733332776668,66.00033088501807
vision_backbone.output,episode_000003_000019,episode_000003,19,0.15305001999613976,0.041829096235949104,0.11122092376019066,85.12456621190697,45.765139670186166,39.3594265417208,68.02607480299216
vision_backbone.output,episode_000003_000020,episode_000003,20,0.15076384856860592,0.04118462920726973,0.10957921936133619,84.58654307053304,45.47446801266185,39.11207505787119,69.97556706137837
vision_backbone.output,episode_000003_000021,episode_000003,21,0.16946218142983338,0.041349922279162565,0.12811225915067082,92.36765387191247,47.17425721679391,45.193396655118555,72.16252283799123
vision_backbone.output,episode_000003_000022,episode_000003,22,0.1888958455652403,0.045366310006909716,0.1435295355583306,99.00579431869771,50.07367488713276,48.93211943156495,74.30454860518631
vision_backbone.output,episode_000003_000023,episode_000003,23,0.18280744615934552,0.037938511149631426,0.1448689350097141,97.6415460679363,45.926279254463296,51.71526681347301,76.34227227163585
vision_backbone.output,episode_000003_000024,episode_000003,24,0.18130921294546198,0.03542139731558791,0.14588781562987407,99.48900147207979,45.52273244212679,53.966269029953004,78.49098967368268
vision_backbone.output,episode_000003_000025,episode_000003,25,0.17499188073441696,0.032912202293136406,0.14207967844128055,97.6495707726174,44.01904061414524,53.630530158472155,80.94811494276546
vision_backbone.output,episode_000003_000026,episode_000003,26,0.15404481490680266,0.03931352129499677,0.1147312936118059,93.63647708751624,48.8474731511951,44.78900393632114,83.55583373689586
vision_backbone.output,episode_000003_000027,episode_000003,27,0.1524692942993784,0.035887077213546004,0.11658221708583238,92.90082930456452,46.91508656480175,45.98574273976278,86.06908605281045
vision_backbone.output,episode_000003_000028,episode_000003,28,0.16507365961521614,0.03258856907945018,0.13248509053576596,96.50977471621462,44.59731540998688,51.912459306227746,88.00751629805025
vision_backbone.output,episode_000003_000029,episode_000003,29,0.1678607421621492,0.03139649030375169,0.1364642518583975,97.41292757782634,43.86688379416991,53.54604378365643,89.61051336623015
vision_backbone.output,episode_000003_000030,episode_000003,30,0.17031685207863367,0.030883316289418872,0.1394335357892148,98.49308207952639,43.771887094506816,54.72119498501957,90.82091288977628
vision_backbone.output,episode_000003_000031,episode_000003,31,0.17135904434004046,0.031047751660649214,0.14031129267939124,98.81590417499102,43.979012449049506,54.83689172594151,91.61448615978877
vision_backbone.output,episode_000003_000032,episode_000003,32,0.169214582593729,0.02952109081417309,0.13969349177955592,98.03772908780411,43.02331052584939,55.01441856195472,92.144897461734
vision_backbone.output,episode_000003_000033,episode_000003,33,0.17162541603828596,0.02872199347745341,0.14290342256083255,98.82274336087592,42.49759538646012,56.3251479744158,92.56942356170413
vision_backbone.output,episode_000003_000034,episode_000003,34,0.1687850158483919,0.028155682864341225,0.14062933298405067,97.81586477913307,42.26066665404575,55.555198125087315,92.5241807179583
vision_backbone.output,episode_000003_000035,episode_000003,35,0.17035736382087108,0.027612562683521635,0.14274480113734944,98.48404701466974,41.762398833304744,56.721648181365,92.00433524466563
vision_backbone.output,episode_000003_000036,episode_000003,36,0.16939269556068748,0.026318965815960604,0.14307372974472687,98.26192466786425,40.7011885377529,57.56073613011135,90.05469962995596
vision_backbone.output,episode_000003_000037,episode_000003,37,0.16934284645173736,0.027000899936965972,0.1423419465147714,97.81463104855622,41.1448830728986,56.66974797565762,87.46565530158682
vision_backbone.output,episode_000003_000038,episode_000003,38,0.16398014673620132,0.03484758959412959,0.12913255714207172,95.80034099387439,46.3458734323839,49.45446756149049,84.9660726785993
vision_backbone.output,episode_000003_000039,episode_000003,39,0.17365509556486292,0.04959823652300943,0.12405685904185348,97.3678582922504,53.995344108870526,43.37251418337988,82.46545056239925
vision_backbone.output,episode_000003_000040,episode_000003,40,0.18553555520939224,0.06178759558658509,0.12374795962280716,99.969581105042,59.929843091604866,40.03973801343713,80.32368726585096
vision_backbone.output,episode_000003_000041,episode_000003,41,0.1982892553872707,0.0746276148187287,0.12366164056854201,105.55319821525286,66.99541712871073,38.557781086542136,78.97205708882069
vision_backbone.output,episode_000003_000042,episode_000003,42,0.20072461247787643,0.07458626779669719,0.12613834468117924,106.46238324130096,67.20878148515743,39.253601756143524,77.88844562194285
vision_backbone.output,episode_000003_000043,episode_000003,43,0.20501500518880622,0.07335739039721778,0.13165761479158844,107.30578917917983,66.48607128392011,40.819717895259714,76.54467910816332
vision_backbone.output,episode_000004_000000,episode_000004,0,0.08101834750159242,0.009501061003270306,0.07151728649832212,62.73390818252229,21.90741106883323,40.82649711368906,58.417423004597936
vision_backbone.output,episode_000004_000001,episode_000004,1,0.08235029554836604,0.009169477240103974,0.07318081830826206,63.21998066517072,21.506122062123094,41.713858603047626,58.08620722485779
vision_backbone.output,episode_000004_000002,episode_000004,2,0.08265749060130867,0.009438247870920735,0.07321924273038793,63.37681365563926,21.845246214043158,41.5315674415961,57.9397697540269
vision_backbone.output,episode_000004_000003,episode_000004,3,0.0830486488168759,0.010449414601840679,0.07259923421503522,63.53941639189472,23.010157642847304,40.529258749047415,57.60038100392806
vision_backbone.output,episode_000004_000004,episode_000004,4,0.08516233433321763,0.013786024354696003,0.07137630997852162,64.66039264358581,26.527259801115328,38.13313284247048,57.409895213152346
vision_backbone.output,episode_000004_000005,episode_000004,5,0.08279076080572678,0.015170291071546882,0.0676204697341799,63.581719944857056,27.86001641409854,35.72170353075852,57.41121697314917
vision_backbone.output,episode_000004_000006,episode_000004,6,0.08592207904816629,0.015194426619804191,0.0707276524283621,64.88565469232402,27.937666535791273,36.94798815653275,57.53733278683326
vision_backbone.output,episode_000004_000007,episode_000004,7,0.08749992615210211,0.019518806327292082,0.06798111982481003,65.53527335285976,31.68517544660532,33.85009790625444,57.63335743469629
vision_backbone.output,episode_000004_000008,episode_000004,8,0.10730165167837857,0.025375965959667512,0.08192568571871106,73.70007573182814,36.6079050938607,37.092170637967435,57.58759154392064
vision_backbone.output,episode_000004_000009,episode_000004,9,0.11987285607630327,0.03469490678292575,0.08517794929337752,78.4194104807958,43.163737851979384,35.25567262881642,57.79223523167109
vision_backbone.output,episode_000004_000010,episode_000004,10,0.12058860387912185,0.03417428151334456,0.08641432236577729,78.53192536007992,42.76593514542887,35.765990214651055,57.92352351494264
vision_backbone.output,episode_000004_000011,episode_000004,11,0.1183708954696806,0.034597417025719945,0.08377347844396066,78.58546400805204,43.43525723985896,35.15020676819308,58.29535724913167
vision_backbone.output,episode_000004_000012,episode_000004,12,0.11428836282326493,0.030946648742142813,0.08334171408112212,76.19668914033217,40.5269529330832,35.66973620724897,59.284502567817725
vision_backbone.output,episode_000004_000013,episode_000004,13,0.11947325815316334,0.03921085431555016,0.08026240383761318,76.39095110185235,44.77566473613774,31.61528636571461,60.29087400172832
vision_backbone.output,episode_000004_000014,episode_000004,14,0.11866831139964651,0.04535281408118752,0.07331549731845899,75.75462917376612,47.96140085298847,27.79322832077765,61.44087172738103
vision_backbone.output,episode_000004_000015,episode_000004,15,0.13773695533428676,0.04916406843329768,0.08857288690098908,79.2958853019079,48.80325670276191,30.492628599145995,62.46746967757524
vision_backbone.output,episode_000004_000016,episode_000004,16,0.13768272106899826,0.05107701166884715,0.08660570940015111,78.3287011135284,49.60155205432333,28.72714905920507,63.528386545609465
vision_backbone.output,episode_000004_000017,episode_000004,17,0.14307603407812597,0.050007323120796476,0.09306871095732949,80.90885494967608,49.60741823706232,31.301436712613764,64.94629471881605
vision_backbone.output,episode_000004_000018,episode_000004,18,0.1435962097118041,0.04725875575564087,0.09633745395616322,81.29909726382802,48.44035862996577,32.858738633862245,66.6711763604356
vision_backbone.output,episode_000004_000019,episode_000004,19,0.14604673974719762,0.045407646847155925,0.1006390929000417,81.89055281992587,47.479884418836704,34.41066840108917,68.66802553997111
vision_backbone.output,episode_000004_000020,episode_000004,20,0.1511067188003321,0.04485403952272704,0.10625267927760507,83.69260471611608,47.312079113930736,36.380525602185344,70.23580424168065
vision_backbone.output,episode_000004_000021,episode_000004,21,0.1719514517946813,0.05268353408664128,0.11926791770804002,89.47625197688356,51.685231467410176,37.791020509473384,71.88613578393999
vision_backbone.output,episode_000004_000022,episode_000004,22,0.226060282750428,0.05586859664277488,0.17019168610765312,109.1983696439013,56.345206467403194,52.85316317649811,73.60341341947006
vision_backbone.output,episode_000004_000023,episode_000004,23,0.21689319893894365,0.05758128332150325,0.1593119156174404,107.11098620846045,56.731613758506136,50.37937244995431,75.34617880425782
vision_backbone.output,episode_000004_000024,episode_000004,24,0.2076831373073228,0.051193215344548904,0.1564899219627739,106.6413706423571,54.46206180669401,52.17930883566309,77.21552749942283
vision_backbone.output,episode_000004_000025,episode_000004,25,0.20178887185719363,0.045032575366628524,0.1567562964905651,106.77096298017402,51.93386140770161,54.837101572472406,79.34669592495561
vision_backbone.output,episode_000004_000026,episode_000004,26,0.20103920600476755,0.04228562992108087,0.15875357608368668,106.88381638843299,50.522692750443404,56.361123637989586,81.72619984121086
vision_backbone.output,episode_000004_000027,episode_000004,27,0.1760419437981514,0.03451376269427453,0.14152818110387688,102.54057702167101,46.935662886773244,55.60491413489777,83.77152595076055
vision_backbone.output,episode_000004_000028,episode_000004,28,0.18370957066645976,0.03280498595598835,0.1509045847104714,104.86645052025759,45.850138524089004,59.01631199616858,85.67772669710696
vision_backbone.output,episode_000004_000029,episode_000004,29,0.18879736267938518,0.03277191184781236,0.15602545083157282,106.2698389142645,45.693586307721006,60.57625260654349,87.17537714557757
vision_backbone.output,episode_000004_000030,episode_000004,30,0.1952078333458982,0.031661467959967604,0.1635463653859306,108.42939587873106,45.12228446809381,63.30711141063725,88.25162086358947
vision_backbone.output,episode_000004_000031,episode_000004,31,0.19182777140470497,0.03086752156863315,0.16096024983607182,107.30718234368535,44.518870716252835,62.78831162743252,89.02861685025373
vision_backbone.output,episode_000004_000032,episode_000004,32,0.19519228001886169,0.030929167872730923,0.16426311214613076,108.15443011542558,44.53049595498054,63.623934160445046,89.52801501929379
vision_backbone.output,episode_000004_000033,episode_000004,33,0.19760632435234748,0.031509643270803855,0.16609668108154363,109.15413135432593,45.12414306480305,64.02998828952288,89.91009587556168
vision_backbone.output,episode_000004_000034,episode_000004,34,0.19442011382366764,0.03145869648486488,0.16296141733880276,107.96594904702623,45.01310814023548,62.95284090679075,89.73924293548936
vision_backbone.output,episode_000004_000035,episode_000004,35,0.1975958699419632,0.03205259367364055,0.16554327626832266,108.98775002245473,45.48475989067625,63.50299013177848,89.14859935254681
vision_backbone.output,episode_000004_000036,episode_000004,36,0.1954773502513334,0.032750805139143524,0.16272654511218987,108.41994933821229,46.027887719843164,62.39206161836913,87.83904601982935
vision_backbone.output,episode_000004_000037,episode_000004,37,0.19460621458427807,0.036334546518823396,0.15827166806545467,108.43297725084332,48.596993654015215,59.83598359682811,85.86981802124724
vision_backbone.output,episode_000004_000038,episode_000004,38,0.1803736745416804,0.03355309706641829,0.14682057747526212,104.58425391665307,46.802286904986204,57.781967011666865,84.08064859753941
vision_backbone.output,episode_000004_000039,episode_000004,39,0.18656032382736332,0.04381188396481228,0.14274843986255104,104.31172482579063,52.400559184853485,51.91116564093715,82.24452117701364
vision_backbone.output,episode_000004_000040,episode_000004,40,0.18104426306914145,0.031566244580359504,0.14947801848878195,101.4602746588227,44.000514944579,57.459759714243695,80.37905207425986
vision_backbone.output,episode_000004_000041,episode_000004,41,0.1474354710598863,0.04647216800016041,0.1009633030597259,85.8474321266793,51.3953513556133,34.452080771065994,79.34156216442712
vision_backbone.output,episode_000004_000042,episode_000004,42,0.15191828926178408,0.04249544136577532,0.10942284789600876,88.64875002488257,49.49333745181102,39.15541257307155,78.61862705473297
vision_backbone.output,episode_000004_000043,episode_000004,43,0.14366561166913072,0.04413606970764783,0.09952954196148289,85.7062738376508,50.37040401237602,35.33586982527478,77.71881081580878
vision_backbone.output,episode_000004_000044,episode_000004,44,0.1415111828635378,0.04478672390091454,0.09672445896262327,85.12927940382245,50.79271065299151,34.33656875083094,76.6798763980981
vision_backbone.output,episode_000005_000000,episode_000005,0,0.07042181743121789,0.009788605506963477,0.060633211924254415,59.71541736113569,22.89729874294308,36.818118618192614,59.372557394890094
vision_backbone.output,episode_000005_000001,episode_000005,1,0.0712231172353609,0.009747649687392501,0.0614754675479684,60.06656595120828,22.842675722688064,37.22389022852022,59.17665502852201
vision_backbone.output,episode_000005_000002,episode_000005,2,0.07164140191392465,0.009872682058507665,0.06176871985541699,60.16125325963284,23.002176023522523,37.15907723611032,58.917410914155916
vision_backbone.output,episode_000005_000003,episode_000005,3,0.07291332697288855,0.010470190118689437,0.06244313685419911,60.51522355561466,23.72881173367642,36.786411821938245,58.759948222310584
vision_backbone.output,episode_000005_000004,episode_000005,4,0.0765015089889931,0.015006954392465577,0.06149455459652753,61.73733613722549,28.30623305779107,33.43110307943442,58.59578162965364
vision_backbone.output,episode_000005_000005,episode_000005,5,0.07969709807498748,0.019654656751635247,0.060042441323352236,63.12050773826835,32.427915511315454,30.692592226952897,58.56640765111047
vision_backbone.output,episode_000005_000006,episode_000005,6,0.0811490511714732,0.02773771185974916,0.05341133931172404,63.82603001516931,38.941695955838654,24.884334059330655,58.625144356206015
vision_backbone.output,episode_000005_000007,episode_000005,7,0.09771474730771124,0.03101208814858103,0.0667026591591302,70.15721705215651,40.66697384904001,29.4902432031165,58.57951600258681
vision_backbone.output,episode_000005_000008,episode_000005,8,0.09919792992868337,0.03861422048145091,0.06058370944723246,70.92917870412184,45.15415468347404,25.7750240206478,58.09537834484318
vision_backbone.output,episode_000005_000009,episode_000005,9,0.1276494685898656,0.05139913179135269,0.0762503367985129,80.21659075794716,51.93539327535397,28.281197482593193,57.865570263083114
vision_backbone.output,episode_000005_000010,episode_000005,10,0.15307672603898925,0.06504568945247247,0.08803103658651679,87.6885022981382,58.517522603316785,29.17097969482142,57.66078090558024
vision_backbone.output,episode_000005_000011,episode_000005,11,0.14946952526591273,0.06267520914652502,0.0867943161193877,86.42617352686011,57.284277196810265,29.141896330049846,57.62246934195721
vision_backbone.output,episode_000005_000012,episode_000005,12,0.15904994177598453,0.06972126630796371,0.08932867546802081,87.96926384192182,59.59973020270156,28.369533639220258,58.209009642510644
vision_backbone.output,episode_000005_000013,episode_000005,13,0.1542437678561106,0.05971331322717499,0.09453045462893561,86.84885555410433,55.37430270516751,31.474552848936824,58.96998705377152
vision_backbone.output,episode_000005_000014,episode_000005,14,0.1486783196241256,0.05974758658229695,0.08893073304182864,84.39109423831421,54.77033531072527,29.620758927588938,59.93756020147573
vision_backbone.output,episode_000005_000015,episode_000005,15,0.1421836340976652,0.054686936198789615,0.0874966978988756,82.56077156930489,52.44888351391914,30.111888055385748,60.934549474960455
vision_backbone.output,episode_000005_000016,episode_000005,16,0.14455857560899432,0.05511017015682862,0.0894484054521657,82.80514648761584,52.45133309624049,30.353813391375354,62.14799111342773
vision_backbone.output,episode_000005_000017,episode_000005,17,0.14110460081634313,0.054097384490648714,0.08700721632569441,81.71380505399466,51.98227864683963,29.73152640715503,63.95418516680161
vision_backbone.output,episode_000005_000018,episode_000005,18,0.1451493118078082,0.05381074640180339,0.09133856540600482,82.22076181338508,51.539904397390146,30.680857415994936,66.02708915306164
vision_backbone.output,episode_000005_000019,episode_000005,19,0.15188726348111448,0.05039580516134212,0.10149145831977235,86.33649761873298,51.23627210792411,35.10022551080887,68.25007800788218
vision_backbone.output,episode_000005_000020,episode_000005,20,0.18278121326502594,0.05703358995213581,0.12574762331289013,96.82569936250508,55.81321955362868,41.0124798088764,70.3019106632073
vision_backbone.output,episode_000005_000021,episode_000005,21,0.2345385779471567,0.07868752693555348,0.15585105101160324,109.61141143481798,65.61436653173052,43.997044903087456,72.29147751208325
vision_backbone.output,episode_000005_000022,episode_000005,22,0.2201184096029154,0.06465579276723155,0.15546261683568385,107.40335314143667,60.05661318951747,47.3467399519192,74.10082053486533
vision_backbone.output,episode_000005_000023,episode_000005,23,0.19455976448976853,0.05527700590725315,0.13928275858251538,102.62997958300436,56.96383997027261,45.66613961273175,75.82355136242944
vision_backbone.output,episode_000005_000024,episode_000005,24,0.20401018010095495,0.05376282901053664,0.1502473510904183,105.43708664280959,56.06586569126283,49.37122095154676,77.67781635125439
vision_backbone.output,episode_000005_000025,episode_000005,25,0.16932022948045578,0.04565261611929128,0.1236676133611645,96.63245392482999,52.042880394953976,44.58957352987601,80.03929555384437
vision_backbone.output,episode_000005_000026,episode_000005,26,0.16694659185804073,0.041970927104303946,0.12497566475373678,95.29248347124496,50.103567225178104,45.18891624606686,82.83890344149992
vision_backbone.output,episode_000005_000027,episode_000005,27,0.17522157045228248,0.041581940823856134,0.13363962962842635,97.69760871290688,50.4339475579987,47.263661154908185,85.56610015190434
vision_backbone.output,episode_000005_000028,episode_000005,28,0.1835460133476522,0.04147662108273631,0.14206939226491588,99.91000172230406,50.225772623038715,49.684229099265345,87.67491049143595
vision_backbone.output,episode_000005_000029,episode_000005,29,0.18560741268077574,0.04047209909459948,0.14513531358617626,100.54057939362662,49.798496415467326,50.74208297815929,89.3827065808208
vision_backbone.output,episode_000005_000030,episode_000005,30,0.1852804523990894,0.040745060778344055,0.14453539162074536,100.97343014477782,50.40315413774673,50.57027600703109,90.73652479601701
vision_backbone.output,episode_000005_000031,episode_000005,31,0.18752112695523793,0.0399952200395397,0.14752590691569822,101.5917500915648,50.06075006816517,51.531000023399635,91.64387532322402
vision_backbone.output,episode_000005_000032,episode_000005,32,0.1862128087164533,0.039845982788194956,0.14636682592825834,101.54572864250831,50.24040717758396,51.30532146492435,92.24342183770595
vision_backbone.output,episode_000005_000033,episode_000005,33,0.18534365745242998,0.04006873690565038,0.1452749205467796,100.81029161179355,50.3163993548002,50.49389225699335,92.70968732388314
vision_backbone.output,episode_000005_000034,episode_000005,34,0.180780725543783,0.039884099929152206,0.1408966256146308,99.33573887591577,50.71790299735103,48.61783587856473,92.74711880663916
vision_backbone.output,episode_000005_000035,episode_000005,35,0.182363058495299,0.040876702758917194,0.1414863557363818,99.69002063997455,51.372014234107,48.31800640586755,92.34766768004592
vision_backbone.output,episode_000005_000036,episode_000005,36,0.1860788419056728,0.048339268643668665,0.13773957326200414,101.06314763289875,56.1333379029592,44.92980972993955,90.69816193870969
vision_backbone.output,episode_000005_000037,episode_000005,37,0.20545250706477658,0.0597924599615024,0.14566004710327418,104.87277098758157,60.552576005386484,44.32019498219509,88.47300807067666
vision_backbone.output,episode_000005_000038,episode_000005,38,0.22052529462032378,0.07284087572299425,0.14768441889732953,110.09035664601056,65.97397312229302,44.116383523717545,85.95660389947976
vision_backbone.output,episode_000005_000039,episode_000005,39,0.1839527912000859,0.0597315550699824,0.1242212361301035,98.29145498666436,59.08813996679574,39.203315019868626,83.55324959679591
vision_backbone.output,episode_000005_000040,episode_000005,40,0.1825186553540925,0.06841012990048434,0.11410852545360817,97.56384703805278,62.79191837821628,34.771928659836504,81.47238984610209
vision_backbone.output,episode_000005_000041,episode_000005,41,0.1777053986841095,0.0737719938875826,0.10393340479652691,94.05819908347787,63.90521447930888,30.152984604168992,80.14864352319131
vision_backbone.output,episode_000005_000042,episode_000005,42,0.1694288931429535,0.07246094681050907,0.09696794633244443,91.78961764114283,63.47431234377183,28.315305297370998,79.07638376833964
projector.output,episode_000001_000000,episode_000001,0,0.03371589438198319,0.005497524888848027,0.028218369493135165,6.701843482869587,2.583171201678675,4.118672281190912,6.385508373618356
projector.output,episode_000001_000001,episode_000001,1,0.03417019184871839,0.005609270370542374,0.028560921478176016,6.681154762643824,2.6252473491333927,4.055907413510431,6.429928776874144
projector.output,episode_000001_000002,episode_000001,2,0.03489843036812024,0.005752419626510408,0.02914601074160983,6.709409567615898,2.675623441620356,4.033786125995542,6.427124165832362
projector.output,episode_000001_000003,episode_000001,3,0.03557879640833661,0.005800326421218194,0.029778469987118417,6.684747821313954,2.7477440086047253,3.937003812709229,6.462156982222845
projector.output,episode_000001_000004,episode_000001,4,0.03759128439769843,0.006393071105799897,0.031198213291898536,7.002050927716345,2.8638956744151147,4.13815525330123,6.547562636347984
projector.output,episode_000001_000005,episode_000001,5,0.038604836103070084,0.006888039875181939,0.031716796227888144,7.271338249890056,2.917290494492026,4.35404775539803,6.6480699308397
projector.output,episode_000001_000006,episode_000001,6,0.038864402206087445,0.00932579666295974,0.029538605543127705,6.987540147009158,3.4454956317806587,3.542044515228499,6.802620997696012
projector.output,episode_000001_000007,episode_000001,7,0.039220333655797135,0.009587736967268667,0.029632596688528468,6.975252277473717,3.544605415194394,3.430646862279323,6.965592021661397
projector.output,episode_000001_000008,episode_000001,8,0.04476321412708073,0.01100744640966822,0.03375576771741251,7.285990060525651,3.5491330148088607,3.7368570457167904,7.127981223609274
projector.output,episode_000001_000009,episode_000001,9,0.047210834956207814,0.014937101277541665,0.03227373367866615,7.6572891083838535,4.14916101484593,3.5081280935379233,7.3582040432805425
projector.output,episode_000001_000010,episode_000001,10,0.05209330761238029,0.016020510951020972,0.03607279666135932,7.586902873097893,4.56414733559397,3.0227555375039232,7.6077686310555235
projector.output,episode_000001_000011,episode_000001,11,0.047823636718052454,0.014878337917498596,0.03294529880055386,7.549277413817086,4.806539169550057,2.74273824426703,7.879458763661074
projector.output,episode_000001_000012,episode_000001,12,0.042612682997164586,0.012503021058542951,0.030109661938621635,7.220592880825669,4.368817035917498,2.851775844908171,8.183256300620297
projector.output,episode_000001_000013,episode_000001,13,0.04864748527488838,0.017490310760249317,0.031157174514639063,7.5492860582636165,4.77654354606194,2.7727425122016767,8.524954878216093
projector.output,episode_000001_000014,episode_000001,14,0.051802083964199275,0.02263907480740812,0.029163009156791153,7.678614401057291,5.624432344290233,2.0541820567670577,8.798043396714506
projector.output,episode_000001_000015,episode_000001,15,0.051699072061718976,0.0254195892669683,0.026279482794750675,7.419375913651632,6.189367147890612,1.2300087657610206,9.038730261057074
projector.output,episode_000001_000016,episode_000001,16,0.05882524294775526,0.02572735430737505,0.03309788864038021,8.374677193159533,5.874477500303751,2.500199692855782,9.284971664356972
projector.output,episode_000001_000017,episode_000001,17,0.06041127725309825,0.02150983556515118,0.03890144168794707,8.266218297361432,5.591343829600128,2.6748744677613034,9.612075365252439
projector.output,episode_000001_000018,episode_000001,18,0.05334736492850456,0.02097799686990731,0.03236936805859725,7.773444693072763,5.8515510068958685,1.9218936861768947,9.861618312518155
projector.output,episode_000001_000019,episode_000001,19,0.05357357938387519,0.02316122370953877,0.030412355674336422,7.893421540586207,6.066988006462038,1.8264335341241686,10.108823540210938
projector.output,episode_000001_000020,episode_000001,20,0.05319230496948035,0.02497604773554385,0.028216257233936504,7.937306694467694,6.3057626904957225,1.631544003971972,10.297837362854853
projector.output,episode_000001_000021,episode_000001,21,0.05270790479997722,0.02511837750501078,0.027589527294966443,8.06819451324767,6.253472334165391,1.8147221790822794,10.431633523107793
projector.output,episode_000001_000022,episode_000001,22,0.05398808148666667,0.03129532658318024,0.022692754903486434,8.232764344621192,6.794497780598858,1.4382665640223333,10.548886239412214
projector.output,episode_000001_000023,episode_000001,23,0.06721837889728166,0.022968067008615867,0.044250311888665794,9.815600225630627,5.583245067059118,4.232355158571509,10.681727216295426
projector.output,episode_000001_000024,episode_000001,24,0.09381809330149837,0.021475614883918692,0.07234247841757968,11.027483430700592,5.0621458827362265,5.965337547964365,10.816563161974686
projector.output,episode_000001_000025,episode_000001,25,0.11383173676264924,0.020054456434276835,0.0937772803283724,11.525173005718523,4.706045938438821,6.819127067279702,10.980109956693536
projector.output,episode_000001_000026,episode_000001,26,0.11856909777429936,0.014874796766578324,0.10369430100772103,11.96318245721818,4.067322305969997,7.895860151248183,11.129770752378604
projector.output,episode_000001_000027,episode_000001,27,0.11250029571247533,0.015070670172732004,0.09742962553974333,12.08352030760074,4.195958186960641,7.887562120640099,11.24663403386953
projector.output,episode_000001_000028,episode_000001,28,0.10379729874588339,0.020904172175843616,0.08289312657003978,11.582251264396824,4.8510776798288315,6.731173584567992,11.272178432619668
projector.output,episode_000001_000029,episode_000001,29,0.10236514880025949,0.021394652528690328,0.08097049627156916,11.659612250747296,4.939359810386818,6.720252440360478,11.363005371935305
projector.output,episode_000001_000030,episode_000001,30,0.10229812853838871,0.018920427267362094,0.08337770127102662,11.497572157991291,4.636488582919508,6.861083575071783,11.459447982333941
projector.output,episode_000001_000031,episode_000001,31,0.11251423524991822,0.018717040610966573,0.09379719463895164,11.809185179882768,4.617264013605592,7.191921166277176,11.531265266052136
projector.output,episode_000001_000032,episode_000001,32,0.10899667296951998,0.018145408933012197,0.09085126403650778,11.615071550496747,4.523088063232119,7.091983487264629,11.582442209226551
projector.output,episode_000001_000033,episode_000001,33,0.11144019252548365,0.0172894994851579,0.09415069304032575,11.83329929593917,4.444101351212556,7.3891979447266145,11.673592665517166
projector.output,episode_000001_000034,episode_000001,34,0.1101553988246976,0.016302904833275345,0.09385249399142226,11.757615566113554,4.327257808201782,7.430357757911771,11.702830136392498
projector.output,episode_000001_000035,episode_000001,35,0.11300301381856559,0.015545845803580427,0.09745716801498516,12.005525865450128,4.2388122224244915,7.7667136430256365,11.698573046510253
projector.output,episode_000001_000036,episode_000001,36,0.10925669188012044,0.014677206067775783,0.09457948581234465,11.759322932945564,4.12473369656882,7.634589236376743,11.553793502439722
projector.output,episode_000001_000037,episode_000001,37,0.11169331597842047,0.013878000966008108,0.09781531501241236,11.901797682902304,4.021492691491599,7.880304991410704,11.39545044432012
projector.output,episode_000001_000038,episode_000001,38,0.11208252857148215,0.013235146793865726,0.09884738177761643,11.958600958362156,3.9208228371596743,8.037778121202482,11.257239712275924
projector.output,episode_000001_000039,episode_000001,39,0.1087716431422241,0.012430574855843979,0.09634106828638012,11.538679758537086,3.7845176687492277,7.754162089787858,11.135339761118116
projector.output,episode_000001_000040,episode_000001,40,0.09385232131325372,0.017062349370940533,0.07678997194231318,10.767138963210925,4.537263437224627,6.229875525986298,11.06033379656532
projector.output,episode_000001_000041,episode_000001,41,0.09675631507342586,0.033051989618906985,0.06370432545451887,11.766476513512078,6.394138332141598,5.3723381813704805,10.95827180296894
projector.output,episode_000001_000042,episode_000001,42,0.06270535051351234,0.03748784127559879,0.02521750923791355,7.938655009437216,7.936415968451718,0.0022390409854979865,10.899909030247215
projector.output,episode_000001_000043,episode_000001,43,0.06187417108623694,0.040480894041895366,0.021393277044341574,8.353906168711724,7.956383684480789,0.39752248423093484,10.845884165970773
projector.output,episode_000001_000044,episode_000001,44,0.05614350589509076,0.03782753137088146,0.0183159745242093,7.746263507275941,8.146134292005875,-0.3998707847299343,10.704102613300172
projector.output,episode_000001_000045,episode_000001,45,0.05514352718302984,0.035967929559044376,0.019175597623985463,7.6074523436807935,8.06790427135717,-0.46045192767637655,10.543866303947144
projector.output,episode_000002_000000,episode_000002,0,0.03188729890172326,0.003919973209586924,0.027967325692136336,6.216420634526599,2.2301047423539093,3.9863158921726893,6.459574209671937
projector.output,episode_000002_000001,episode_000002,1,0.0320405337807077,0.003850600787014935,0.028189932993692768,6.1751056524978125,2.2716208207684074,3.903484831729405,6.479171503533442
projector.output,episode_000002_000002,episode_000002,2,0.0329172044976932,0.004258023076908701,0.028659181420784496,6.2192021231963475,2.408316441250443,3.8108856819459045,6.4523092524461525
projector.output,episode_000002_000003,episode_000002,3,0.03316376746355543,0.004951036109403173,0.028212731354152254,6.187844028979118,2.691493256809783,3.4963507721693348,6.499486297702454
projector.output,episode_000002_000004,episode_000002,4,0.03535783454714314,0.006622785922382413,0.02873504862476073,6.604007829082783,3.017905370915794,3.586102458166989,6.5770868457884575
projector.output,episode_000002_000005,episode_000002,5,0.04071062514678381,0.007872172567366054,0.032838452579417754,7.199192357169513,3.1398966189643254,4.059295738205187,6.671424873469745
projector.output,episode_000002_000006,episode_000002,6,0.0403436277957504,0.008746124320427873,0.03159750347532253,7.331315233223009,3.2787789000043195,4.05253633321869,6.818435524287536
projector.output,episode_000002_000007,episode_000002,7,0.03970071714411094,0.00845865418138736,0.031242062962723582,7.651618059810495,3.2774543384957764,4.374163721314719,6.973652437372028
projector.output,episode_000002_000008,episode_000002,8,0.047043476232264125,0.013071316637073727,0.0339721595951904,7.348689523319752,4.209557093645925,3.139132429673827,7.1304633344195665
projector.output,episode_000002_000009,episode_000002,9,0.048332293743410415,0.010856820999371797,0.03747547274403862,8.056628829295889,3.6974181524787757,4.3592106768171135,7.329199229086215
projector.output,episode_000002_000010,episode_000002,10,0.04995827668618347,0.012512501569883816,0.03744577511629965,8.13565045127227,4.2101106254256155,3.925539825846654,7.511549958387392
projector.output,episode_000002_000011,episode_000002,11,0.04357942371357315,0.012701382356419821,0.03087804135715333,7.535264239719752,4.675277131386546,2.859987108333206,7.7490506307441525
projector.output,episode_000002_000012,episode_000002,12,0.039858408922818445,0.012454953826040449,0.027403455096777996,7.373500917662189,4.553342129580305,2.8201587880818835,8.019614992353308
projector.output,episode_000002_000013,episode_000002,13,0.042633210018525824,0.015904668188646442,0.026728541829879382,7.578789295644545,5.067954691912657,2.5108346037318876,8.322259686167483
projector.output,episode_000002_000014,episode_000002,14,0.0533714305104066,0.016686773757868978,0.036684656752537625,8.483688850302254,5.014493210581481,3.4691956397207733,8.533545879364187
projector.output,episode_000002_000015,episode_000002,15,0.049820359229632794,0.01973887704242383,0.030081482187208963,9.22789867534299,5.0149031344446815,4.212995540898309,8.746828410242228
projector.output,episode_000002_000016,episode_000002,16,0.04789281340376195,0.01895366527087472,0.028939148132887227,8.741610328535184,4.891254810484258,3.850355518050926,8.977335516528848
projector.output,episode_000002_000017,episode_000002,17,0.05301300563716571,0.016621024669462803,0.03639198096770291,9.564141141767005,4.663008156022445,4.901132985744559,9.231425833413674
projector.output,episode_000002_000018,episode_000002,18,0.05495609139940372,0.01570847277057652,0.0392476186288272,9.850025822611713,4.5795868331923355,5.270438989419377,9.439691434821682
projector.output,episode_000002_000019,episode_000002,19,0.05494258110865957,0.01620453767057306,0.03873804343808651,9.804289264230276,4.708681557951604,5.095607706278671,9.66228661146659
projector.output,episode_000002_000020,episode_000002,20,0.05479555735072483,0.01729021184242463,0.0375053455083002,9.660855454943212,4.878577302507348,4.782278152435864,9.871763097120384
projector.output,episode_000002_000021,episode_000002,21,0.05440084799439271,0.01883297348302415,0.03556787451136856,9.581373308421337,5.144902617174224,4.436470691247114,10.075159964248977
projector.output,episode_000002_000022,episode_000002,22,0.056055787946744595,0.019863292127585308,0.03619249581915929,10.28831534406083,5.281854965528734,5.006460378532096,10.257502465861734
projector.output,episode_000002_000023,episode_000002,23,0.06913228961339013,0.022853753213026518,0.04627853640036361,11.00103067663603,5.493256047855569,5.507774628780462,10.440388262709897
projector.output,episode_000002_000024,episode_000002,24,0.0766529614244491,0.02042555747255148,0.056227403951897625,11.126432965110007,5.210136549429225,5.916296415680782,10.653539073818141
projector.output,episode_000002_000025,episode_000002,25,0.11922473125394517,0.027237140188376974,0.0919875910655682,12.05126200718276,5.5179104840346325,6.533351523148128,10.87319456730689
projector.output,episode_000002_000026,episode_000002,26,0.1396074972764525,0.028256027741782264,0.11135146953467023,12.06868465779005,5.381265911502213,6.687418746287836,11.073360327413898
projector.output,episode_000002_000027,episode_000002,27,0.1301496292904839,0.02744538557005438,0.10270424372042952,11.334198722446533,5.6341278638126955,5.700070858633838,11.234117074898421
projector.output,episode_000002_000028,episode_000002,28,0.1285171589662435,0.026804059395692303,0.10171309957055119,11.384082538274017,5.5717961725636,5.812286365710417,11.326780628212932
projector.output,episode_000002_000029,episode_000002,29,0.12309677576861022,0.024155794908448103,0.09894098086016212,11.36436406373716,5.327471805886896,6.036892257850264,11.44738136711187
projector.output,episode_000002_000030,episode_000002,30,0.1301149193685004,0.02297332712237954,0.10714159224612085,11.815472267600438,5.18395678703335,6.631515480567088,11.544859170629401
projector.output,episode_000002_000031,episode_000002,31,0.1348189975130749,0.0221894917802824,0.11262950573279251,11.929539118120038,5.01449797759812,6.915041140521918,11.617285214680454
projector.output,episode_000002_000032,episode_000002,32,0.13229660037705304,0.021646878199639397,0.11064972217741365,11.56999914933807,4.9989599300275795,6.5710392193104905,11.66720162343165
projector.output,episode_000002_000033,episode_000002,33,0.13162234099789527,0.02080752254802931,0.11081481844986596,11.40744114931349,5.027503557008967,6.379937592304523,11.748924427773593
projector.output,episode_000002_000034,episode_000002,34,0.13170711786684508,0.021193349806848394,0.11051376805999669,11.569311940138848,4.987246228653344,6.5820657114855035,11.772210928735449
projector.output,episode_000002_000035,episode_000002,35,0.13284406155002482,0.02106047728576832,0.1117835842642565,11.770598887835135,5.004757407335975,6.76584148049916,11.732412761140695
projector.output,episode_000002_000036,episode_000002,36,0.13613843071113751,0.02194279270571875,0.11419563800541876,12.023500798253023,4.9994354419350495,7.024065356317974,11.562268132163926
projector.output,episode_000002_000037,episode_000002,37,0.13425541262716867,0.023171719734599194,0.11108369289256947,11.926955577964293,5.1727518743933745,6.754203703570918,11.269820849832522
projector.output,episode_000002_000038,episode_000002,38,0.1325000158233558,0.024460703651920546,0.10803931217143525,11.638857042419055,5.278527534416981,6.360329508002073,11.05440340682978
projector.output,episode_000002_000039,episode_000002,39,0.13172801984291738,0.02549997902411394,0.10622804081880344,11.535060858160689,5.344486571646632,6.190574286514057,10.802500692794519
projector.output,episode_000002_000040,episode_000002,40,0.13935095379549,0.027650392430713433,0.11170056136477657,12.07530496300438,5.493857339982406,6.581447623021973,10.589895224642126
projector.output,episode_000002_000041,episode_000002,41,0.1077846734335155,0.025339028742016767,0.08244564469149873,12.550866496023128,5.547504736686005,7.003361759337123,10.486147846467745
projector.output,episode_000002_000042,episode_000002,42,0.11246725870182528,0.027540675033525974,0.0849265836682993,13.38248817422528,6.231370407442755,7.151117766782525,10.363781780654676
projector.output,episode_000002_000043,episode_000002,43,0.06555446466863102,0.01887057586599583,0.04668388880263519,10.433929703573256,5.250195605644718,5.183734097928538,10.214654018767899
projector.output,episode_000002_000044,episode_000002,44,0.06102623363266235,0.0155557880515248,0.04547044558113755,10.853507175742072,4.851822368438442,6.00168480730363,9.927776391441556
projector.output,episode_000002_000045,episode_000002,45,0.057366436867696824,0.016548123536339276,0.04081831333135755,10.286003997963954,4.9670322190358505,5.318971778928104,9.576599087372546
projector.output,episode_000002_000046,episode_000002,46,0.05773904294414256,0.016369230429592818,0.04136981251454974,10.259501465462895,4.921615309899449,5.337886155563446,9.135655325513376
projector.output,episode_000003_000000,episode_000003,0,0.030935560178558474,0.0030943866878847537,0.02784117349067372,6.5192845853216195,1.9343539983210387,4.5849305870005805,6.355267748383503
projector.output,episode_000003_000001,episode_000003,1,0.03134554608267481,0.0033544934240365976,0.027991052658638216,6.450109780869369,2.028281819512176,4.4218279613571925,6.393283583486653
projector.output,episode_000003_000002,episode_000003,2,0.03246765708771138,0.0035426805973155506,0.028924976490395826,6.578999759820084,2.078039903284707,4.500959856535377,6.406153941436604
projector.output,episode_000003_000003,episode_000003,3,0.032661947380563716,0.0036812334335994956,0.02898071394696422,6.495266422852747,2.184388256512477,4.31087816634027,6.436361119608909
projector.output,episode_000003_000004,episode_000003,4,0.03724467314749602,0.0049815164648920884,0.03226315668260393,7.378129207967954,2.5005758199798738,4.877553387988081,6.514138845791069
projector.output,episode_000003_000005,episode_000003,5,0.03696260110343197,0.006416994960443678,0.03054560614298829,7.409815642408609,2.824635027700263,4.585180614708346,6.591580679390113
projector.output,episode_000003_000006,episode_000003,6,0.038426728963267154,0.00888546527235723,0.029541263690909925,7.1909698534480295,3.2710704748723476,3.919899378575682,6.695586760597104
projector.output,episode_000003_000007,episode_000003,7,0.03580770395396948,0.010598887075347507,0.025208816878621976,6.798610837837778,3.668389074117396,3.1302217637203817,6.819134001241125
projector.output,episode_000003_000008,episode_000003,8,0.04551471146694541,0.011540045396285725,0.03397466607065969,8.113542654006332,3.678133946727534,4.435408707278798,6.955785177981858
projector.output,episode_000003_000009,episode_000003,9,0.04646279982577539,0.011094769426236106,0.035368030399539285,8.05206970083549,3.5793825287052705,4.47268717213022,7.121912185343333
projector.output,episode_000003_000010,episode_000003,10,0.05807366973781003,0.014513016963125347,0.04356065277468468,8.92381717942188,4.138165990329946,4.785651189091934,7.300402698497574
projector.output,episode_000003_000011,episode_000003,11,0.07684696903719213,0.01658350389699359,0.060263465140198536,9.574914490440666,4.192409523257196,5.382504967183469,7.492899529694973
projector.output,episode_000003_000012,episode_000003,12,0.08553035545012011,0.022467711874243124,0.06306264357587699,9.183852315145678,4.667071779704627,4.516780535441051,7.713885302965302
projector.output,episode_000003_000013,episode_000003,13,0.07139378616514036,0.024287603066340924,0.04710618309879944,8.622857608969882,4.754769446278421,3.8680881626914614,7.948877626849874
projector.output,episode_000003_000014,episode_000003,14,0.07957882518931492,0.020354208932180984,0.05922461625713393,10.055388421626247,4.706709670336739,5.348678751289508,8.14521045022265
projector.output,episode_000003_000015,episode_000003,15,0.08894614110570542,0.02278986145146933,0.0661562796542361,10.472306692623727,4.974321699897783,5.497984992725944,8.2925970477962
projector.output,episode_000003_000016,episode_000003,16,0.09922588797398835,0.023264027952764832,0.07596186002122352,11.28746927176783,5.233879945223015,6.053589326544814,8.45817973055963
projector.output,episode_000003_000017,episode_000003,17,0.10031416428031947,0.02236429749604074,0.07794986678427873,11.361731410992075,5.122867128012833,6.238864282979242,8.68861782746705
projector.output,episode_000003_000018,episode_000003,18,0.09990686404850724,0.020967703546835637,0.0789391605016716,11.26746834960167,4.90002232367887,6.367446025922799,8.901578168817082
projector.output,episode_000003_000019,episode_000003,19,0.09998606856906556,0.020736937253429177,0.07924913131563638,11.34894028044619,4.8828630424832475,6.466077237962942,9.12458033947253
projector.output,episode_000003_000020,episode_000003,20,0.10389010908806129,0.022317334525337573,0.08157277456272372,12.084908830791735,5.358026846074964,6.726881984716771,9.350938723451538
projector.output,episode_000003_000021,episode_000003,21,0.12290679767335932,0.019618720529439027,0.1032880771439203,13.001321468100837,5.372779320877945,7.628542147222892,9.571494408037415
projector.output,episode_000003_000022,episode_000003,22,0.14127618102011286,0.02268851317628473,0.11858766784382813,14.11835179932122,6.061532764564163,8.056819034757057,9.783273324130436
projector.output,episode_000003_000023,episode_000003,23,0.126267919129618,0.01771274708034465,0.10855517204927334,12.351940570841592,4.546467619316396,7.8054729515251955,9.97424282782277
projector.output,episode_000003_000024,episode_000003,24,0.12948354119130767,0.01728030791736057,0.1122032332739471,11.950338084849246,4.3392692980418035,7.611068786807443,10.175959214655343
projector.output,episode_000003_000025,episode_000003,25,0.13396497988292488,0.017412045166659063,0.11655293471626582,12.342537152039915,4.386761030383285,7.95577612165663,10.397956969827682
projector.output,episode_000003_000026,episode_000003,26,0.12023428732797758,0.021239494146936266,0.09899479318104132,12.31961201585474,4.995581598743227,7.324030417111514,10.621062428216286
projector.output,episode_000003_000027,episode_000003,27,0.12073430085409342,0.020582961431954483,0.10015133942213894,12.129832025323552,4.8403044035675595,7.289527621755992,10.8398773641198
projector.output,episode_000003_000028,episode_000003,28,0.1251391864649738,0.01812949926740015,0.10700968719757364,12.271365687867554,4.555403573149771,7.715962114717783,10.998145649212987
projector.output,episode_000003_000029,episode_000003,29,0.12796628216435058,0.018139320857472607,0.10982696130687797,12.328237327440137,4.5524496765791485,7.775787650860988,11.146789108780197
projector.output,episode_000003_000030,episode_000003,30,0.12981613712650653,0.01792017353043207,0.11189596359607445,12.481359664816102,4.553418143043086,7.9279415217730165,11.25755988640695
projector.output,episode_000003_000031,episode_000003,31,0.13044043968045838,0.018423915378692257,0.11201652430176612,12.660865745517025,4.6566403890296435,8.004225356487382,11.336253057505655
projector.output,episode_000003_000032,episode_000003,32,0.1267299667166849,0.01753890053584084,0.10919106618084407,12.356511541793425,4.496801519331128,7.8597100224622976,11.397968143543434
projector.output,episode_000003_000033,episode_000003,33,0.13077901350969978,0.01686285746027827,0.11391615604942151,12.608315367510938,4.432054552475106,8.176260815035832,11.490669928279962
projector.output,episode_000003_000034,episode_000003,34,0.12821205342926567,0.016434577923999272,0.1117774755052664,12.409364832686881,4.351901368991745,8.057463463695136,11.509388707727204
projector.output,episode_000003_000035,episode_000003,35,0.13123769939669694,0.016417089782482575,0.11482060961421436,12.69507587107957,4.386928935252796,8.308146935826773,11.490122633722594
projector.output,episode_000003_000036,episode_000003,36,0.12806832828996595,0.01534130825508484,0.11272702003488111,12.49022227579744,4.226059608489929,8.26416266730751,11.325806573496958
projector.output,episode_000003_000037,episode_000003,37,0.12378022149809709,0.015226256741716848,0.10855396475638024,12.009292771208568,4.170076941428196,7.839215829780372,11.055315748485487
projector.output,episode_000003_000038,episode_000003,38,0.11312295836170305,0.01595194647787812,0.09717101188382493,12.48521105730434,4.475584168598292,8.009626888706048,10.79570761099804
projector.output,episode_000003_000039,episode_000003,39,0.1341317440110511,0.0225603902366861,0.111571353774365,13.757224363791268,5.66011108977509,8.097113274016177,10.533405685517135
projector.output,episode_000003_000040,episode_000003,40,0.12657369372973237,0.028547527328567468,0.0980261664011649,13.056842836900879,5.939190969792363,7.117651867108516,10.293236188582881
projector.output,episode_000003_000041,episode_000003,41,0.1302432712460324,0.032505587342447906,0.0977376839035845,12.963445621434815,6.242742373213592,6.720703248221223,10.160353746153758
projector.output,episode_000003_000042,episode_000003,42,0.12300290683300352,0.030048903393470328,0.0929540034395332,12.499063625167121,6.009660694950982,6.489402930216139,10.033682585861772
projector.output,episode_000003_000043,episode_000003,43,0.12376045521304757,0.02938085588858641,0.09437959932446116,12.529731396335164,5.949583036048512,6.5801483602866515,9.870285778463527
projector.output,episode_000004_000000,episode_000004,0,0.03822210442805496,0.004302340007808936,0.033919764420246024,6.783501680991342,2.148884927049122,4.63461675394222,6.3418586597582385
projector.output,episode_000004_000001,episode_000004,1,0.03875452583909578,0.004153017124189695,0.03460150871490608,6.798912713530542,2.0979337908646563,4.700978922665886,6.364850973984094
projector.output,episode_000004_000002,episode_000004,2,0.03907236466615904,0.004334457426458549,0.034737907239700494,6.795717292397653,2.1353182549655747,4.660399037432079,6.364903337407316
projector.output,episode_000004_000003,episode_000004,3,0.03918016981082062,0.004857420974897164,0.034322748835923456,6.737596967182017,2.259410597328182,4.478186369853836,6.376085526632151
projector.output,episode_000004_000004,episode_000004,4,0.041323317197930476,0.006710872676895074,0.0346124445210354,7.138544365464925,2.6857130476935964,4.452831317771329,6.438431650288694
projector.output,episode_000004_000005,episode_000004,5,0.04367466748106219,0.008156577718524627,0.035518089762537564,6.932610109294882,2.9378661148365204,3.9947439944583616,6.526252343737063
projector.output,episode_000004_000006,episode_000004,6,0.044956190268854335,0.00787294485866652,0.037083245410187815,7.545422675261296,2.8978591125837223,4.647563562677574,6.659539698174069
projector.output,episode_000004_000007,episode_000004,7,0.04239066083361531,0.010090994046404234,0.03229966678721108,6.990664115449006,3.159432059827628,3.8312320556213777,6.778912587963566
projector.output,episode_000004_000008,episode_000004,8,0.05262514619384284,0.01187681670013152,0.04074832949371132,8.830845860651506,3.8689515790019233,4.961894281649583,6.897891848210371
projector.output,episode_000004_000009,episode_000004,9,0.06291795711302617,0.01631576987077321,0.04660218724225296,9.190638073283488,4.333276322330577,4.857361750952911,7.074434090657264
projector.output,episode_000004_000010,episode_000004,10,0.05789987731442259,0.015048169168690895,0.04285170814573169,8.48192041692571,4.066230514147101,4.41568990277861,7.238494346541103
projector.output,episode_000004_000011,episode_000004,11,0.05831424438598709,0.015568330353295856,0.042745914032691235,8.708174186605259,4.248402648241511,4.459771538363748,7.4437675978176605
projector.output,episode_000004_000012,episode_000004,12,0.06257087736274713,0.014093714648114375,0.04847716271463276,9.331505162337102,4.00495976346644,5.326545398870662,7.706700419756774
projector.output,episode_000004_000013,episode_000004,13,0.0689499379487466,0.017989684376919945,0.05096025357182665,9.77120394576911,4.512134479762009,5.259069466007102,7.975224449429319
projector.output,episode_000004_000014,episode_000004,14,0.07453404628035964,0.022721725254100766,0.05181232102625888,10.01658509718698,4.954072493420487,5.062512603766493,8.209608638569783
projector.output,episode_000004_000015,episode_000004,15,0.09726246423734797,0.02534772406045127,0.0719147401768967,10.768966290178302,5.156960622506199,5.612005667672102,8.411896866228938
projector.output,episode_000004_000016,episode_000004,16,0.09811429138667194,0.026814193183146595,0.07130009820352534,10.03097728463757,5.007969924773305,5.023007359864265,8.637940563329648
projector.output,episode_000004_000017,episode_000004,17,0.10193770649950262,0.02690799792406351,0.07502970857543911,10.533862156130708,5.158671330913563,5.375190825217144,8.852932342800019
projector.output,episode_000004_000018,episode_000004,18,0.10103932570535523,0.02590496874935666,0.07513435695599857,10.646417148081417,5.116431209712482,5.5299859383689345,9.080605701094308
projector.output,episode_000004_000019,episode_000004,19,0.1036184192032249,0.025280853325017172,0.07833756587820773,10.796259293321093,5.065325741046225,5.730933552274868,9.33063575970706
projector.output,episode_000004_000020,episode_000004,20,0.10818781361526897,0.02456392306187216,0.0836238905533968,11.14775023955678,5.047459147316532,6.100291092240248,9.536760164365347
projector.output,episode_000004_000021,episode_000004,21,0.11371742764583448,0.029826642511039947,0.08389078513479453,10.095877861066173,5.723928734203151,4.371949126863022,9.728573666457907
projector.output,episode_000004_000022,episode_000004,22,0.1601470314810357,0.02940499441472455,0.13074203706631116,13.936798719297874,6.092276098680049,7.844522620617825,9.882598616906279
projector.output,episode_000004_000023,episode_000004,23,0.15647305296502556,0.02902516281014611,0.12744789015487945,12.79962077971532,5.574940385156463,7.224680394558858,10.035681634879769
projector.output,episode_000004_000024,episode_000004,24,0.15939121388515887,0.02758087360777317,0.1318103402773857,12.734776929448055,5.377617458715574,7.357159470732481,10.204939067897708
projector.output,episode_000004_000025,episode_000004,25,0.1615132554713664,0.025287206612690127,0.13622604885867629,13.213545276713747,5.281255836377115,7.932289440336632,10.386731683676851
projector.output,episode_000004_000026,episode_000004,26,0.16322855676884196,0.023505338922780283,0.13972321784606168,13.302292546741324,5.113713996175884,8.18857855056544,10.570494430926292
projector.output,episode_000004_000027,episode_000004,27,0.15723163214233948,0.022121365967919804,0.13511026617441968,13.065021714645727,4.94197000604031,8.123051708605416,10.677238464361341
projector.output,episode_000004_000028,episode_000004,28,0.16114891654658303,0.02098984173140972,0.1401590748151733,12.98536525874688,4.756094427745317,8.229270831001562,10.806684926125136
projector.output,episode_000004_000029,episode_000004,29,0.16284483173275754,0.019809929551866223,0.14303490218089132,12.90291804670781,4.58335530838205,8.31956273832576,10.93523255952651
projector.output,episode_000004_000030,episode_000004,30,0.17029033608837607,0.018842946320803966,0.1514473897675721,13.324043891323694,4.529036472766975,8.795007418556718,11.037066225949387
projector.output,episode_000004_000031,episode_000004,31,0.16734374165332178,0.017967530170230006,0.14937621148309177,13.220529115467281,4.411678486920637,8.808850628546644,11.113796404205033
projector.output,episode_000004_000032,episode_000004,32,0.1697813162234869,0.01802908801508285,0.15175222820840406,13.316117431870515,4.428140751534828,8.887976680335687,11.15760025257402
projector.output,episode_000004_000033,episode_000004,33,0.17134784936400627,0.018534612959131613,0.15281323640487465,13.371851651664068,4.4868805513487136,8.884971100315354,11.26372846556287
projector.output,episode_000004_000034,episode_000004,34,0.16904860190213433,0.01893766027712951,0.15011094162500482,13.243121413632222,4.512440110943854,8.730681302688367,11.304032162517046
projector.output,episode_000004_000035,episode_000004,35,0.1733091742880305,0.019549736344523394,0.1537594379435071,13.442597390761524,4.597174873030738,8.845422517730785,11.289826345548734
projector.output,episode_000004_000036,episode_000004,36,0.16943892096180746,0.02043663415221575,0.1490022868095917,13.361242541995702,4.720066087414842,8.641176454580862,11.212960715986286
projector.output,episode_000004_000037,episode_000004,37,0.16968924989640555,0.023591436413653133,0.14609781348275241,13.38932024004361,5.0734993780190605,8.315820862024548,11.008003646356658
projector.output,episode_000004_000038,episode_000004,38,0.1506583971282981,0.0221703413841996,0.1284880557440985,12.844701732904918,4.979051047822885,7.8656506850820325,10.826627386181876
projector.output,episode_000004_000039,episode_000004,39,0.1456762362905416,0.022444192372171212,0.1232320439183704,13.250884357257892,5.1344525546151765,8.116431802642715,10.626528233374678
projector.output,episode_000004_000040,episode_000004,40,0.12648135349874612,0.013645833230456095,0.11283552026829002,12.873984104931525,4.230966016610903,8.643018088320622,10.410717823666477
projector.output,episode_000004_000041,episode_000004,41,0.10066792095793087,0.027439779769920736,0.07322814118801013,10.81494644227247,5.3669240122128405,5.44802243005963,10.307073355398554
projector.output,episode_000004_000042,episode_000004,42,0.10036114522805983,0.025773778700900363,0.07458736652715947,11.006079613495451,5.412079986835304,5.593999626660148,10.22193866145421
projector.output,episode_000004_000043,episode_000004,43,0.09418083902591456,0.024565221909040202,0.06961561711687436,10.53691823133501,5.211500275183977,5.325417956151033,10.124811383829957
projector.output,episode_000004_000044,episode_000004,44,0.09245786931999989,0.02499662686785642,0.06746124245214347,10.423319680807618,5.2464895396731865,5.176830141134431,9.905886487623775
projector.output,episode_000005_000000,episode_000005,0,0.02855904493768613,0.0038524789262506243,0.024706566011435505,6.445833960161692,2.2011310057831874,4.244702954378504,6.426837672366465
projector.output,episode_000005_000001,episode_000005,1,0.02912735395088273,0.003917761873360792,0.025209592077521936,6.472364732881443,2.213212361099761,4.259152371781682,6.454964291518122
projector.output,episode_000005_000002,episode_000005,2,0.029622795221251552,0.003894578736477583,0.02572821648477397,6.512244982241303,2.2087052030474124,4.3035397791938905,6.431477732232419
projector.output,episode_000005_000003,episode_000005,3,0.02984602223195132,0.0038287997769440585,0.02601722245500726,6.453641537905932,2.221016130476269,4.232625407429664,6.44949851597345
projector.output,episode_000005_000004,episode_000005,4,0.030730277589865462,0.00546414466735512,0.025266132922510343,6.717509243106545,2.613514035730323,4.103995207376222,6.479955967402049
projector.output,episode_000005_000005,episode_000005,5,0.03361112711093783,0.007586263588293285,0.026024863522644548,6.9928836790579325,3.1000359968331055,3.892847682224827,6.502838567212087
projector.output,episode_000005_000006,episode_000005,6,0.03704275679074298,0.01090071991150321,0.02614203687923977,7.518496410940534,3.7572980269861422,3.7611983839543917,6.554204035591953
projector.output,episode_000005_000007,episode_000005,7,0.04522724620517582,0.015102756778721638,0.030124489426454182,8.10991510185653,4.430451091162274,3.6794640106942555,6.618171457201809
projector.output,episode_000005_000008,episode_000005,8,0.05025112973563206,0.01846230637434676,0.0317888233612853,9.139460405040058,5.081548686239572,4.0579117188004865,6.674027580886053
projector.output,episode_000005_000009,episode_000005,9,0.08135498432989807,0.02807294208373834,0.05328204224615973,11.19094156362642,6.510189512698378,4.680752050928042,6.796732835602212
projector.output,episode_000005_000010,episode_000005,10,0.10249328431925209,0.036986081052105435,0.06550720326714665,12.788711310363302,7.891507399300793,4.897203911062509,6.931412522340232
projector.output,episode_000005_000011,episode_000005,11,0.1068109528656791,0.03415179203301677,0.07265916083266233,12.51828431260351,7.345631630902401,5.17265268170111,7.106457590563303
projector.output,episode_000005_000012,episode_000005,12,0.11026405031808006,0.035903072691972904,0.07436097762610716,11.885376347130896,6.758794154225338,5.126582192905557,7.342600233305665
projector.output,episode_000005_000013,episode_000005,13,0.1065573568393261,0.030009647181920007,0.0765477096574061,11.492182757109273,6.005942341206498,5.486240415902775,7.605663563907468
projector.output,episode_000005_000014,episode_000005,14,0.09618566646234461,0.026936867770011474,0.06924879869233314,10.932965092567928,5.5370146986996716,5.395950393868256,7.82864523774884
projector.output,episode_000005_000015,episode_000005,15,0.08892209973022513,0.023958190337635132,0.06496390939259,10.537400388955593,5.143696846798224,5.393703542157369,8.044712861416672
projector.output,episode_000005_000016,episode_000005,16,0.09017299189406569,0.023639640581568755,0.06653335131249694,10.387197246636397,5.010206017905983,5.3769912287304145,8.272186792113317
projector.output,episode_000005_000017,episode_000005,17,0.08777476995136868,0.02248122864587898,0.0652935413054897,10.275479113343907,4.860085346200814,5.415393767143094,8.603305346489554
projector.output,episode_000005_000018,episode_000005,18,0.09243150040647452,0.022764398893489912,0.06966710151298461,10.482868260547894,4.862812623355109,5.6200556371927854,8.917341364977743
projector.output,episode_000005_000019,episode_000005,19,0.09199253703944588,0.01937201136616673,0.07262052567327915,11.402095191908945,4.8299382482174975,6.572156943691447,9.222436006487674
projector.output,episode_000005_000020,episode_000005,20,0.12317190045305615,0.02817403330540902,0.09499786714764713,12.978448554681739,6.014414054956356,6.964034499725383,9.50781677852954
projector.output,episode_000005_000021,episode_000005,21,0.16373128601951648,0.033788117937198714,0.12994316808231776,15.001494037092636,7.158927167098576,7.84256686999406,9.759886146247691
projector.output,episode_000005_000022,episode_000005,22,0.15048039258183,0.028882867032850035,0.12159752554897996,12.928058705424746,5.668758448890669,7.259300256534077,9.97779221282005
projector.output,episode_000005_000023,episode_000005,23,0.13985386986948567,0.026859125540313555,0.11299474432917211,11.515733974700495,5.338242027512972,6.177491947187524,10.158933029883114
projector.output,episode_000005_000024,episode_000005,24,0.15335312525063838,0.02609494028587589,0.1272581849647625,11.937020717726591,5.243849352304404,6.693171365422187,10.353364731277937
projector.output,episode_000005_000025,episode_000005,25,0.1273703348678763,0.021351572690148757,0.10601876217772754,10.985105347089851,4.8193104513882075,6.1657948957016435,10.593978172637145
projector.output,episode_000005_000026,episode_000005,26,0.12475858581887123,0.018964127350592164,0.10579445846827906,10.59686654417116,4.686036447529753,5.910830096641407,10.85354576194047
projector.output,episode_000005_000027,episode_000005,27,0.1255115623922871,0.018768414064314287,0.10674314832797283,10.456273125540548,4.973828915692917,5.482444209847631,11.128818649757486
projector.output,episode_000005_000028,episode_000005,28,0.1377765814833548,0.01832345503968924,0.11945312644366557,11.059470341631911,4.500502217234504,6.558968124397407,11.28561734902565
projector.output,episode_000005_000029,episode_000005,29,0.14167227016724449,0.018093079805298062,0.12357919036194642,11.209269241982238,4.458546868538456,6.750722373443781,11.445839559336962
projector.output,episode_000005_000030,episode_000005,30,0.14107146453052544,0.017952951397921635,0.1231185131326038,11.32670421998143,4.430617305216012,6.896086914765418,11.587388016883096
projector.output,episode_000005_000031,episode_000005,31,0.14510933124998726,0.017920619206006405,0.12718871204398086,11.525019865667847,4.399500054304835,7.125519811363012,11.659727298504112
projector.output,episode_000005_000032,episode_000005,32,0.14255341796345444,0.018013842010291214,0.12453957595316323,11.452664764736456,4.453364355076576,6.99930040965988,11.682862424002852
projector.output,episode_000005_000033,episode_000005,33,0.14237772166212292,0.0181133726457281,0.12426434901639483,11.355421175484231,4.443035485529831,6.912385689954401,11.713590579173394
projector.output,episode_000005_000034,episode_000005,34,0.1368644898729905,0.018506538580272736,0.11835795129271776,10.95727691519897,4.668539819782313,6.288737095416656,11.75551495718975
projector.output,episode_000005_000035,episode_000005,35,0.1406884483511719,0.018886142014263863,0.12180230633690803,11.183376521307904,4.638152000426618,6.545224520881287,11.734530790494048
projector.output,episode_000005_000036,episode_000005,36,0.14259394777852696,0.023587194897785713,0.11900675288074125,11.92571290125873,5.028827008686617,6.896885892572113,11.607644792195432
projector.output,episode_000005_000037,episode_000005,37,0.14702745815416585,0.028141842077264,0.11888561607690185,12.476207748753826,5.491149087869975,6.98505866088385,11.36945519591191
projector.output,episode_000005_000038,episode_000005,38,0.15948289332803067,0.03251506485897948,0.1269678284690512,14.448713758831351,6.545077073055411,7.903636685775941,11.092594116047607
projector.output,episode_000005_000039,episode_000005,39,0.1263837265157539,0.030609723922769283,0.09577400259298463,12.02189309574855,5.679326992484287,6.3425661032642635,10.811614846247322
projector.output,episode_000005_000040,episode_000005,40,0.12442330875696772,0.030428584768303124,0.0939947239886646,12.149038771964873,5.685959341579305,6.4630794303855685,10.547570599325097
projector.output,episode_000005_000041,episode_000005,41,0.10727690722614358,0.031392673032074825,0.07588423419406876,10.699119280241677,5.84858692807647,4.850532352165207,10.387798429038215
projector.output,episode_000005_000042,episode_000005,42,0.09965761777158932,0.030790475838107678,0.06886714193348165,10.244030260225726,5.844270833819492,4.399759426406233,10.258596677564539
