frame,episode_id,progress,planner_phase,action_chunk_count,action_first_l2,action_first_translation_l2,action_first_rotation_l2,action_first_gripper_abs,action_chunk_mean_l2,action_chunk_max_l2,real_first_translation_norm,sim_first_translation_norm,translation_direction_cosine,real_first_gripper,sim_first_gripper,vision_backbone_output_pooled_cosine_distance,vision_backbone_output_pooled_l2,vision_backbone_output_token_mean_cosine_distance,vision_backbone_output_token_mean_l2_per_token,projector_output_pooled_cosine_distance,projector_output_pooled_l2,projector_output_token_mean_cosine_distance,projector_output_token_mean_l2_per_token
episode_000001_000000,episode_000001,0,hold,5,0.16546320011139556,0.0030818785102542843,0.010513342467953588,0.16510009765625,0.4219820891657194,0.7041612876799314,0.002717770311925334,0.005644687883661278,0.9696522131721169,0.1787109375,0.01361083984375,0.07763140208763852,61.61603242517791,0.07763140208763852,11.321553267428722,0.03371589438198319,6.701843482869587,0.03371589438198319,1.610459471575239
episode_000001_000001,episode_000001,1,hold,5,0.1646573702509476,0.003108546259733557,0.01028174910391418,0.164306640625,0.41514354122574054,0.7033037919066664,0.002730186478846095,0.005690380246888467,0.9710245770943896,0.1767578125,0.012451171875,0.07865701928365121,61.947268147043026,0.07865701928365121,11.367463366602509,0.03417019184871839,6.681154762643824,0.03417019184871839,1.6175763478211387
episode_000001_000002,episode_000001,2,alignment,5,0.17066611948939214,0.003309330358428374,0.010860039681735791,0.1702880859375,0.42997138849174865,0.7211299284537991,0.002683792105642882,0.005834903542725004,0.9673631609542062,0.181640625,0.0113525390625,0.08025906386519344,62.522821348469705,0.08025906386519344,11.404455674387393,0.03489843036812024,6.709409567615898,0.03489843036812024,1.6201632638123982
episode_000001_000003,episode_000001,3,alignment,5,0.16411498513353173,0.003044383576399605,0.010392248973840263,0.16375732421875,0.41875427705474016,0.704150545200969,0.0027411963275897643,0.005635829754149715,0.9712158219978633,0.17578125,0.01202392578125,0.08120927550185242,62.75027945404383,0.08120927550185242,11.451730913003576,0.03557879640833661,6.684747821313954,0.03557879640833661,1.627352177242714
episode_000001_000004,episode_000001,4,alignment,5,0.1893587814709447,0.0028903926254461665,0.009722791829124798,0.1890869140625,0.4980522157810798,0.752952457478686,0.0024426988160892796,0.005204481365014025,0.9714100606274318,0.203125,0.0140380859375,0.08827322230801327,65.72756503374819,0.08827322230801327,11.729995970986446,0.03759128439769843,7.002050927716345,0.03759128439769843,1.66852332902446
episode_000001_000005,episode_000001,5,alignment,5,0.23226048826897397,0.0030070916986414367,0.009276884550876769,0.2320556640625,0.5863490709185128,0.7959406918016114,0.0019414176536588855,0.004804875863777579,0.9548036512495921,0.24609375,0.0140380859375,0.08899211811717889,66.64397582539878,0.08899211811717889,11.749884681423044,0.038604836103070084,7.271338249890056,0.038604836103070084,1.6600455032111736
episode_000001_000006,episode_000001,6,alignment,5,0.35455292286566814,0.00357380257392274,0.010808473170091067,0.3543701171875,0.6856069747586344,0.860928021941375,0.001595470248619403,0.004955364323207354,0.9062009191657463,0.3671875,0.0128173828125,0.09172280868298277,67.41679081722471,0.09172280868298277,11.71558358292187,0.038864402206087445,6.987540147009158,0.038864402206087445,1.6344635596759254
episode_000001_000007,episode_000001,7,alignment,5,0.5256178791823883,0.004124820962496554,0.012557611526872922,0.52545166015625,0.8035838760854747,0.9124925697113019,0.0011843219571093784,0.004870067026390827,0.7027051495817325,0.5390625,0.01361083984375,0.09656842068330707,68.93248779682308,0.09656842068330707,11.890200577911264,0.039220333655797135,6.975252277473717,0.039220333655797135,1.6577861468082655
episode_000001_000008,episode_000001,8,alignment,5,0.36975830119880587,0.004932924074310957,0.01586702523057637,0.369384765625,0.713213669373188,0.8861228694106106,0.0018418790278179357,0.006509311578564366,0.8937052372143357,0.376953125,0.007568359375,0.10015260611305732,69.22572047185074,0.10015260611305732,12.177999511847391,0.04476321412708073,7.285990060525651,0.04476321412708073,1.6875286878871776
episode_000001_000009,episode_000001,9,alignment,5,0.39205001728209254,0.004389696180351584,0.01373756029830637,0.39178466796875,0.7115152631743655,0.8588684199301815,0.001764815704706335,0.005798962280037975,0.8536708625326993,0.400390625,0.00860595703125,0.10695517030030555,71.0642868407591,0.10695517030030555,12.401228710990427,0.047210834956207814,7.6572891083838535,0.047210834956207814,1.7385712515748066
episode_000001_000010,episode_000001,10,alignment,5,0.24606591479817472,0.0028579581812319867,0.009911411133477254,0.245849609375,0.5626869796832417,0.7222288825932577,0.0024239869900032733,0.00488918865299496,0.9117944660323697,0.255859375,0.010009765625,0.1129758943626138,72.49550876817914,0.1129758943626138,12.581696183133426,0.05209330761238029,7.586902873097893,0.05209330761238029,1.7606606454104996
episode_000001_000011,episode_000001,11,alignment,5,0.4351253687166503,0.0035001796644642167,0.009947826928247663,0.43499755859375,0.7078091426930296,0.8627097423615382,0.0016128725135928807,0.004262236839876661,0.6194509796802949,0.4453125,0.01031494140625,0.09487380539856605,66.55878044999575,0.09487380539856605,12.507671140723849,0.047823636718052454,7.549277413817086,0.047823636718052454,1.8129068538447963
episode_000001_000012,episode_000001,12,alignment,5,0.5402390469878231,0.0028896831363723558,0.008707940077852049,0.5401611328125,0.7800609416677184,0.8982556686358422,0.0018517570002263256,0.00436066933362355,0.8727149846392395,0.5546875,0.0145263671875,0.09345903890481888,65.36617957190519,0.09345903890481888,12.498702588649211,0.042612682997164586,7.220592880825669,0.042612682997164586,1.771172620292066
episode_000001_000013,episode_000001,13,alignment,5,0.6079372989800294,0.004231958340257568,0.009449656358595853,0.60784912109375,0.7863229644874554,0.8897122997514065,0.0018945013772664247,0.004705690616028389,0.43876854871476695,0.62109375,0.01324462890625,0.09698339736123918,65.66822325744405,0.09698339736123918,12.473423369091138,0.04864748527488838,7.5492860582636165,0.04864748527488838,1.7512912380844174
episode_000001_000014,episode_000001,14,alignment,5,0.6433077782777848,0.004745880814139908,0.01144368057959996,0.6431884765625,0.8038039638332795,0.9068308677689305,0.0010207951975358589,0.005182804071573834,0.5084598140562978,0.66015625,0.0169677734375,0.10136472560402576,66.72493297169444,0.10136472560402576,12.287342551425995,0.051802083964199275,7.678614401057291,0.051802083964199275,1.7420861769432592
episode_000001_000015,episode_000001,15,alignment,5,0.4693031790476232,0.0033607694161129024,0.007043756290723845,0.46923828125,0.5435955057955972,0.652863695844262,0.0017081184580234777,0.004579272914639808,0.8049561282463663,0.5234375,0.05419921875,0.09950039139067912,66.8361512932824,0.09950039139067912,12.454560857458048,0.051699072061718976,7.419375913651632,0.051699072061718976,1.7365956061414967
episode_000001_000016,episode_000001,16,alignment,5,0.5833696886307106,0.005057960682790249,0.010572124795723701,0.583251953125,0.6126002145558244,0.7529702077839843,0.0010759729597336833,0.004818730948301915,-0.11621228221303251,0.63671875,0.053466796875,0.11170539812654157,71.24392785573019,0.11170539812654157,12.780336548642683,0.05882524294775526,8.374677193159533,0.05882524294775526,1.7869343061609448
episode_000001_000017,episode_000001,17,alignment,5,0.60452831850565,0.004677066980395514,0.004669921968770589,0.6044921875,0.5219080176246764,0.6845812422562849,0.0009690348492886391,0.004145434551187791,-0.46691977888560937,0.68359375,0.0791015625,0.10755088338929075,70.60518392608114,0.10755088338929075,12.673670793559468,0.06041127725309825,8.266218297361432,0.06041127725309825,1.7725993683796193
episode_000001_000018,episode_000001,18,alignment,5,0.6108790165689393,0.0039027276848458002,0.0057119951267461805,0.61083984375,0.42064169094350695,0.6108790165689393,0.0008115141658082178,0.003487124385809303,-0.4262930800249616,0.734375,0.12353515625,0.10390446145399324,69.43493569301647,0.10390446145399324,12.562956878913136,0.05334736492850456,7.773444693072763,0.05334736492850456,1.7552884795512098
episode_000001_000019,episode_000001,19,alignment,5,0.6221162220752599,0.004129967294110575,0.006329569139829566,0.6220703125,0.4422233401029917,0.6221162220752599,0.0006841731399536812,0.0038515026779801886,-0.3329034245577603,0.73046875,0.1083984375,0.10394105241557494,69.53059894514854,0.10394105241557494,12.523360143084131,0.05357357938387519,7.893421540586207,0.05357357938387519,1.7563887128430058
episode_000001_000020,episode_000001,20,descent_to_grasp,5,0.612350428875257,0.0040174902288962425,0.006314838200567434,0.6123046875,0.43987934678956975,0.6162163025128652,0.0006662438137597614,0.0038042733683376663,-0.24143135162156812,0.71484375,0.1025390625,0.1037613153620166,69.507304253626,0.1037613153620166,12.538284465197702,0.05319230496948035,7.937306694467694,0.05319230496948035,1.7624375728920227
episode_000001_000021,episode_000001,21,descent_to_grasp,5,0.5854973666240866,0.004030408763459981,0.006335171185859476,0.58544921875,0.47668975996707175,0.6181700297066574,0.0004680696347618597,0.004315593393820219,0.643376982413844,0.6484375,0.06298828125,0.10253926894295784,68.983943745667,0.10253926894295784,12.53784882451728,0.05270790479997722,8.06819451324767,0.05270790479997722,1.7762201067776064
episode_000001_000022,episode_000001,22,descent_to_grasp,5,0.5883983595474789,0.003757905513767575,0.002961476720744429,0.58837890625,0.5233863768126721,0.6943450565773494,0.0005556295035074991,0.003300292050033049,-0.7965149568819279,0.7109375,0.12255859375,0.11276564958008406,72.70028330210572,0.11276564958008406,12.707374151174122,0.05398808148666667,8.232764344621192,0.05398808148666667,1.7627502450409056
episode_000001_000023,episode_000001,23,descent_to_grasp,5,0.6777511090877039,0.003777292253073848,0.0029008406034901927,0.677734375,0.5197623589072495,0.7080159164025609,0.00044195807744481456,0.00333534566989867,-0.9999705462427196,0.78125,0.103515625,0.13027871998955787,81.08670916700969,0.13027871998955787,13.246567960061496,0.06721837889728166,9.815600225630627,0.06721837889728166,1.8201229135790276
episode_000001_000024,episode_000001,24,descent_to_grasp,5,0.5019596924296714,0.0025255442583840414,0.00046341452681027156,0.501953125,0.26158246283006775,0.5019596924296714,0.0011878994172243712,0.0013515494858988555,-0.978067045183903,0.96875,0.466796875,0.150146692761575,86.18039097570922,0.150146692761575,13.524215217198583,0.09381809330149837,11.027483430700592,0.09381809330149837,1.8557533957567234
episode_000001_000025,episode_000001,25,descent_to_grasp,5,0.3476594770175049,0.001387491959558797,0.0005645016250401323,0.34765625,0.17401650077696906,0.3476594770175049,0.0011526281148141154,0.000252871146939702,-0.9137220652343526,0.97265625,0.625,0.16624538745963413,92.44725673574519,0.16624538745963413,13.888874931000675,0.11383173676264924,11.525173005718523,0.11383173676264924,1.8649741995888705
episode_000001_000026,episode_000001,26,descent_to_grasp,5,0.21484490102742287,0.0006376350534642863,0.0002966562981462184,0.21484375,0.09493613936344455,0.21484490102742287,0.0006993892864664603,9.23928198509336e-05,0.7049318508671705,0.96484375,0.75,0.1723092384613838,95.76575729408222,0.1723092384613838,13.818695725374122,0.11856909777429936,11.96318245721818,0.11856909777429936,1.8535034604911045
episode_000001_000027,episode_000001,27,descent_to_grasp,5,0.19922289855502806,0.0012414841995983107,0.0003341767296649914,0.19921875,0.09097468706570148,0.19922289855502806,0.0007182543498345958,0.0005275820889704584,-0.9857161188903151,0.95703125,0.7578125,0.16410585916638953,94.23524003963385,0.16410585916638953,13.591657529223767,0.11250029571247533,12.08352030760074,0.11250029571247533,1.844294405812373
episode_000001_000028,episode_000001,28,grasp_close,5,0.031703617438525594,0.0052589291876880394,0.0009489586330640773,0.03125,0.00895170152577034,0.031703617438525594,0.0008337270380394454,0.006092026443055714,0.9993479568167033,0.9609375,0.9921875,0.15197393298779815,91.65135026642741,0.15197393298779815,12.867038362136388,0.10379729874588339,11.582251264396824,0.10379729874588339,1.744856388015367
episode_000001_000029,episode_000001,29,grasp_close,5,0.024095724511811443,0.005505004942498176,0.0009911882173338387,0.0234375,0.007440796913528912,0.024095724511811443,0.0008287901505014696,0.0063329912585822,0.9991569775659684,0.96875,0.9921875,0.15059426926709807,91.45358609658823,0.15059426926709807,12.903032788666637,0.10236514880025949,11.659612250747296,0.10236514880025949,1.7558164852915947
episode_000001_000030,episode_000001,30,grasp_close,5,0.013145267172327975,0.005857619481044977,0.001075751590594173,0.01171875,0.005241390681510411,0.013145267172327975,0.0006367256511322866,0.006493638578883307,0.9989990798585163,0.98046875,0.9921875,0.15280247197554098,92.16102938254073,0.15280247197554098,12.873538112658965,0.10229812853838871,11.497572157991291,0.10229812853838871,1.7497575552099305
episode_000001_000031,episode_000001,31,grasp_close,5,0.006352705524101168,0.004973737405930198,0.0006000121917896601,0.00390625,0.0036036090292487265,0.006835698765029645,0.0016410323719469528,0.006614161187843055,0.9997211380917521,0.98828125,0.9921875,0.16813490466170222,96.634299637634,0.16813490466170222,12.981311911639818,0.11251423524991822,11.809185179882768,0.11251423524991822,1.7677034840279913
episode_000001_000032,episode_000001,32,grasp_close,5,0.005929717795778747,0.004431413539093142,0.0005151098141339855,0.00390625,0.003380971684577449,0.005929717795778747,0.0019822740876391976,0.0064133145283275855,0.9998699527580568,0.98828125,0.9921875,0.16415294325907936,95.06140859951455,0.16415294325907936,12.95881067814396,0.10899667296951998,11.615071550496747,0.10899667296951998,1.7657000764911086
episode_000001_000033,episode_000001,33,grasp_close,5,0.0059823744474464015,0.004501630465325034,0.0005151098141339855,0.00390625,0.0033675049870654115,0.0059823744474464015,0.0018718081831298416,0.0063731527940084345,0.9998921338117623,0.98828125,0.9921875,0.16474978829475972,95.34292664968251,0.16474978829475972,12.922619932665658,0.11144019252548365,11.83329929593917,0.11144019252548365,1.7689203252672017
episode_000001_000034,episode_000001,34,grasp_close,5,0.006058127701353318,0.004602166998238737,0.0005120362328260479,0.00390625,0.0033583564279570577,0.006058127701353318,0.0019320784791387229,0.006533836451196058,0.9998508919264528,0.98828125,0.9921875,0.16521031991100255,95.78955452808054,0.16521031991100255,12.898326088389569,0.1101553988246976,11.757615566113554,0.1101553988246976,1.763263895394386
episode_000001_000035,episode_000001,35,grasp_close,5,0.00595231396883494,0.004461604464816487,0.0005151098141339855,0.00390625,0.00332107857317197,0.00595231396883494,0.0019522043548267122,0.0064133145283275855,0.9998238664162711,0.98828125,0.9921875,0.1689928338045743,96.86181273180259,0.1689928338045743,12.9614343338594,0.11300301381856559,12.005525865450128,0.11300301381856559,1.7725828777486392
episode_000001_000036,episode_000001,36,grasp_close,5,0.006115361375760442,0.004672382372750075,0.000554705918894885,0.00390625,0.0034096624885263465,0.006115361375760442,0.001861806997398474,0.0065338008879660065,0.9998507924246501,0.98828125,0.9921875,0.16350902657842692,95.28251746808525,0.16350902657842692,12.897625640759792,0.10925669188012044,11.759322932945564,0.10925669188012044,1.7632765561886532
episode_000001_000037,episode_000001,37,grasp_close,5,0.006196590370734668,0.004782965822212711,0.0005120362328260479,0.00390625,0.0034098594994841002,0.006196590370734668,0.0017915906537558201,0.006573998727592155,0.9997735137371201,0.98828125,0.9921875,0.16755277772605381,96.68891953153395,0.16755277772605381,12.945453788914923,0.11169331597842047,11.901797682902304,0.11169331597842047,1.7688271077776647
episode_000001_000038,episode_000001,38,lift,5,0.006080879295243561,0.004631734644839305,0.0005151098141339855,0.00390625,0.003387223020251605,0.006080879295243561,0.0019429463612396195,0.006573963381628342,0.9997397928891759,0.98828125,0.9921875,0.167567686402458,96.61446378599766,0.167567686402458,12.960458344766606,0.11208252857148215,11.958600958362156,0.11208252857148215,1.7736631430377654
episode_000001_000039,episode_000001,39,lift,5,0.005560539632902408,0.003938697129220801,0.00038402717461953617,0.00390625,0.002997819595259317,0.005560539632902408,0.0023543806268153983,0.006292829925856952,0.9999341174433536,0.98828125,0.9921875,0.165421997121862,95.94697288174902,0.165421997121862,13.042216453055323,0.1087716431422241,11.538679758537086,0.1087716431422241,1.7670607697521863
episode_000001_000040,episode_000001,40,lift,5,0.003281137669607108,0.0032747679468331063,0.0002043509268617205,0.0,0.0024363204749320486,0.0033826607907666917,0.0034201463207966637,0.006694392941210548,0.9999254410457685,0.9921875,0.9921875,0.1542577431297546,91.83011683341242,0.1542577431297546,12.935101395756458,0.09385232131325372,10.767138963210925,0.09385232131325372,1.7502060839068538
episode_000001_000041,episode_000001,41,lift,5,0.0031781563703126617,0.0031743341866841295,0.00015582164614506703,0.0,0.0021285511738053167,0.004044140895727423,0.004724605101693762,0.007898865651434439,0.9999937365571275,0.9921875,0.9921875,0.15156117537566505,89.22843324241855,0.15156117537566505,13.01560409133376,0.09675631507342586,11.766476513512078,0.09675631507342586,1.8482934721419344
episode_000001_000042,episode_000001,42,lift,5,0.006198710746112487,0.004801411434653443,0.00033417672966499156,0.00390625,0.0032982858734756622,0.006198710746112487,0.003137546416456204,0.007938643921044784,0.999939486656101,0.98828125,0.9921875,0.11705262416588869,76.65589212208764,0.11705262416588869,12.461291284361094,0.06270535051351234,7.938655009437216,0.06270535051351234,1.6520895585281108
episode_000001_000043,episode_000001,43,lift,5,0.009455498498125265,0.005313705674635339,0.0003685479634963777,0.0078125,0.005668335185239355,0.009455498498125265,0.0028262274474721233,0.008139521576627489,0.9999049411568943,0.984375,0.9921875,0.12208498804557633,77.96152298012463,0.12208498804557633,12.696388882297,0.06187417108623694,8.353906168711724,0.06187417108623694,1.7066067141824917
episode_000001_000044,episode_000001,44,lift,5,0.01663955360789427,0.005715430170508499,0.00026072444463163305,0.015625,0.006268481883247962,0.01663955360789427,0.0023437147921518057,0.008058853547342901,0.999911819572072,0.9765625,0.9921875,0.11677717390545128,75.9216316002862,0.11677717390545128,12.692106591951768,0.05614350589509076,7.746263507275941,0.05614350589509076,1.7225736700011307
episode_000001_000045,episode_000001,45,lift,5,0.02040115713360152,0.0058863809652595755,0.00029665629814621823,0.01953125,0.007141096362907787,0.02040115713360152,0.0022533497251938073,0.008139504460573061,0.9999273955198451,0.97265625,0.9921875,0.11515701190399441,75.3035565469495,0.11515701190399441,12.670539183705484,0.05514352718302984,7.6074523436807935,0.05514352718302984,1.7253115372399026
episode_000002_000000,episode_000002,0,hold,5,0.4557508500016291,0.005109756532275237,0.01591177324618405,0.4554443359375,0.7715834668403181,0.911734381238218,0.0022836870721880524,0.006845450471297727,0.8304876963305073,0.46484375,0.0093994140625,0.07142687650711166,59.61625191234459,0.07142687650711166,11.01813564634546,0.03188729890172326,6.216420634526599,0.03188729890172326,1.5534889215009307
episode_000002_000001,episode_000002,1,hold,5,0.45656608479053234,0.0053217605000386034,0.016472550292526447,0.45623779296875,0.7732235697479676,0.916940936814543,0.002325616325526018,0.007054884758899396,0.8185173652525795,0.46484375,0.00860595703125,0.07156860200046589,59.68472684754671,0.07156860200046589,11.02574176835613,0.0320405337807077,6.1751056524978125,0.0320405337807077,1.5515861025499478
episode_000002_000002,episode_000002,2,alignment,5,0.4551724231613269,0.005399792543970254,0.01669801498976348,0.454833984375,0.7719745623964481,0.9138350171990975,0.0022745861180190952,0.007114726978585502,0.8229384231298907,0.462890625,0.008056640625,0.07295231345026698,60.25545112017844,0.07295231345026698,11.079207484689233,0.0329172044976932,6.2192021231963475,0.0329172044976932,1.5596772305834616
episode_000002_000003,episode_000002,3,alignment,5,0.44004472294781766,0.005333980306020187,0.01664996847488824,0.439697265625,0.7664222356855166,0.9132594526442899,0.0023228807360837597,0.007141835895809386,0.8424010625664035,0.447265625,0.007568359375,0.07267194136770949,60.1432843689547,0.07267194136770949,11.106571145746917,0.03316376746355543,6.187844028979118,0.03316376746355543,1.5641884280706526
episode_000002_000004,episode_000002,4,alignment,5,0.3819359274008768,0.0049656590185227605,0.01616740583432435,0.381561279296875,0.7269631823155451,0.8872546836897444,0.002495928820860844,0.007140359150956932,0.9133917024914636,0.388671875,0.007110595703125,0.07813469931759931,62.908380008843835,0.07813469931759931,11.42061945653616,0.03535783454714314,6.604007829082783,0.03535783454714314,1.6243702370720676
episode_000002_000005,episode_000002,5,alignment,5,0.3891853994523963,0.004470432303299541,0.013770372991231614,0.388916015625,0.750449995559426,0.9175790919316286,0.0026747813434496253,0.006531152114713335,0.8536535790411721,0.396484375,0.007568359375,0.09262783148415199,68.58212008747289,0.09262783148415199,11.768945922474735,0.04071062514678381,7.199192357169513,0.04071062514678381,1.6771381207745184
episode_000002_000006,episode_000002,6,alignment,5,0.4463519694032068,0.0034239154502977796,0.009945099598092678,0.44622802734375,0.7562483328390552,0.9084554748699494,0.002430888155890766,0.005480220143782967,0.9089923647390976,0.455078125,0.00885009765625,0.09366729538189134,69.22189138221358,0.09366729538189134,11.605100913307872,0.0403436277957504,7.331315233223009,0.0403436277957504,1.6404705707666993
episode_000002_000007,episode_000002,7,alignment,5,0.5168373040161492,0.004622403771789293,0.012617146632579025,0.51666259765625,0.8149067915087562,0.9418450922556202,0.0017964538779393334,0.0056439144027647355,0.6763170195144375,0.52734375,0.01068115234375,0.09638118529872819,70.4883641445622,0.09638118529872819,11.748542574050768,0.03970071714411094,7.651618059810495,0.03970071714411094,1.658215265850787
episode_000002_000008,episode_000002,8,alignment,5,0.45267421051533396,0.0036814800090799226,0.008697021919801155,0.45257568359375,0.7636671864130511,0.9289254900049916,0.0019286231143042325,0.004917736586301574,0.7565230129361795,0.462890625,0.01031494140625,0.11193029588926928,74.60073186342886,0.11193029588926928,12.170736927703878,0.047043476232264125,7.348689523319752,0.047043476232264125,1.68178501973548
episode_000002_000009,episode_000002,9,alignment,5,0.29841895071432667,0.0025716195242129884,0.00637138522520862,0.29833984375,0.6354297707593926,0.8485543519575993,0.002417337259165484,0.004278906030574463,0.8478382201968082,0.306640625,0.00830078125,0.1039392756619748,72.83691437935133,0.1039392756619748,12.046539580335303,0.048332293743410415,8.056628829295889,0.048332293743410415,1.6891317916921986
episode_000002_000010,episode_000002,10,alignment,5,0.2333232007904469,0.0029239093828879476,0.00838096830588369,0.233154296875,0.6082216776924163,0.8249897189329531,0.0023356513017654765,0.004874597416373353,0.9076446092530122,0.2412109375,0.008056640625,0.11003817731783172,75.10125614647617,0.11003817731783172,12.344668587595752,0.04995827668618347,8.13565045127227,0.04995827668618347,1.756994287339468
episode_000002_000011,episode_000002,11,alignment,5,0.37708850699626734,0.0027093401215855964,0.006980302748234295,0.37701416015625,0.707045724693409,0.9064337463465998,0.0016591244370936383,0.0037725588461156707,0.7704223907794134,0.38671875,0.00970458984375,0.10019655198594213,71.13847792918286,0.10019655198594213,11.976790130758351,0.04357942371357315,7.535264239719752,0.04357942371357315,1.7108635801657983
episode_000002_000012,episode_000002,12,alignment,5,0.6348961562591064,0.004084664537755549,0.00845909587738035,0.63482666015625,0.8342419831319766,0.9241253275793834,0.0015410580637351733,0.0036393518856733453,-0.09492299962563194,0.64453125,0.00970458984375,0.08310094966020631,64.64937343824158,0.08310094966020631,11.636293861427985,0.039858408922818445,7.373500917662189,0.039858408922818445,1.67641888691973
episode_000002_000013,episode_000002,13,alignment,5,0.6089924537693143,0.0047424548335575955,0.010309296774293744,0.60888671875,0.8194780715520578,0.9108157166648488,0.0014917116709465782,0.004373412309231613,-0.08729012691195037,0.6171875,0.00830078125,0.08913052843684155,68.43532080035409,0.08913052843684155,11.731265742898968,0.042633210018525824,7.578789295644545,0.042633210018525824,1.6503054046884862
episode_000002_000014,episode_000002,14,alignment,5,0.7039178566825616,0.004487201069838573,0.008058762597842826,0.703857421875,0.8373905626258173,0.9004280658394073,0.0014076230348162256,0.00408358847046157,-0.12855224857489353,0.71484375,0.010986328125,0.10458685392614975,73.40427465884248,0.10458685392614975,12.032658524362255,0.0533714305104066,8.483688850302254,0.0533714305104066,1.6834428026492412
episode_000002_000015,episode_000002,15,alignment,5,0.8161573624334485,0.005052433249518993,0.008145540595001027,0.81610107421875,0.8825002635917769,0.928655571390574,0.0017117933470996239,0.004194903981729014,-0.34812414947751524,0.828125,0.01202392578125,0.09772960689662269,70.71771553532331,0.09772960689662269,11.975301996671641,0.049820359229632794,9.22789867534299,0.049820359229632794,1.6922935586316556
episode_000002_000016,episode_000002,16,alignment,5,0.5649620732570957,0.0033916136600559846,0.008989300791728315,0.56488037109375,0.7105088009921797,0.8186474941389452,0.0018675189635272498,0.0048496893344050634,0.8559271438413931,0.578125,0.01324462890625,0.0982625829772058,69.3735856584852,0.0982625829772058,12.10836804653708,0.04789281340376195,8.741610328535184,0.04789281340376195,1.694976832632874
episode_000002_000017,episode_000002,17,alignment,5,0.3024329834755755,0.002381340466363294,0.005790688473237586,0.3023681640625,0.39297659606878554,0.5644671257638398,0.0034479465924375946,0.005158045822859753,0.9227890206436581,0.31640625,0.0140380859375,0.10922231033469498,73.22756204821194,0.10922231033469498,12.454405827556947,0.05301300563716571,9.564141141767005,0.05301300563716571,1.7636099176558195
episode_000002_000018,episode_000002,18,alignment,5,0.1288277957215491,0.0015420790961676325,0.002976240036028868,0.1287841796875,0.19167491970946376,0.3105518803930112,0.004288207896383513,0.004996954305590036,0.9562327722540712,0.1572265625,0.0284423828125,0.11031252845656492,74.23486299510232,0.11031252845656492,12.555822803815207,0.05495609139940372,9.850025822611713,0.05495609139940372,1.7829063177381121
episode_000002_000019,episode_000002,19,alignment,5,0.14358445989492458,0.0012299816668415668,0.0026525393859055785,0.1435546875,0.24493373280739933,0.373051987748019,0.003967178034782099,0.004775735304306682,0.9773281608875862,0.1796875,0.0361328125,0.1095439069622347,74.45055721406398,0.1095439069622347,12.55190983584019,0.05494258110865957,9.804289264230276,0.05494258110865957,1.7876797462743301
episode_000002_000020,episode_000002,20,alignment,5,0.14262496591925214,0.0009887468011441298,0.0035187433432167757,0.142578125,0.2484047907202734,0.3750058529283156,0.003957763326202029,0.004340437293132274,0.975807417079141,0.181640625,0.0390625,0.10974938104885978,74.49134684912408,0.10974938104885978,12.518637319950313,0.05479555735072483,9.660855454943212,0.05479555735072483,1.7744608652006
episode_000002_000021,episode_000002,21,descent_to_grasp,5,0.11526967049844,0.0007766214025665763,0.0027445608711377575,0.115234375,0.1965456864452577,0.29394959367181767,0.004067144664022037,0.0041097565713978474,0.9820123857226924,0.171875,0.056640625,0.10949016657086674,74.40447978186842,0.10949016657086674,12.520088867116307,0.05440084799439271,9.581373308421337,0.05440084799439271,1.7753404236018326
episode_000002_000022,episode_000002,22,descent_to_grasp,5,0.0678849090392509,0.0005436967427472414,0.0012569416446301606,0.06787109375,0.12808424377772482,0.2168020269533539,0.004388488889245544,0.004234743418091875,0.9926827739701994,0.1279296875,0.06005859375,0.12036050457414627,78.75164479963725,0.12036050457414627,12.756752944719713,0.056055787946744595,10.28831534406083,0.056055787946744595,1.808059472126665
episode_000002_000023,episode_000002,23,descent_to_grasp,5,0.23975414758039879,0.0019152490037010086,0.0004400396273835699,0.23974609375,0.32931046273173303,0.46681640770500377,0.0023677032720028296,0.004179361341034431,0.9804924322207399,0.333984375,0.09423828125,0.1396971292840019,83.83271321847496,0.1396971292840019,13.053090212257782,0.06913228961339013,11.00103067663603,0.06913228961339013,1.8332689817221572
episode_000002_000024,episode_000002,24,descent_to_grasp,5,0.41824456281986633,0.004803767152666405,0.001848313990060743,0.418212890625,0.45848770304049624,0.6289174432978499,0.0021395642895035774,0.0069220282250942195,0.9931054744620178,0.462890625,0.044677734375,0.1538075742049192,89.43620602210926,0.1538075742049192,13.24579347136943,0.0766529614244491,11.126432965110007,0.0766529614244491,1.8092629499407502
episode_000002_000025,episode_000002,25,descent_to_grasp,5,0.8701404079289128,0.006336283773447346,0.0005109165558196564,0.8701171875,0.47551634609455445,0.8701404079289128,0.001494146903655739,0.004874883878830864,-0.9714392576493168,0.97265625,0.1025390625,0.19006333292209865,98.68814824687892,0.19006333292209865,13.83659638345618,0.11922473125394517,12.05126200718276,0.11922473125394517,1.8283410763049188
episode_000002_000026,episode_000002,26,descent_to_grasp,5,0.4941476981248553,0.002615175965812459,0.00038876904503214107,0.494140625,0.20867059953060935,0.4941476981248553,0.0005725859841083244,0.002048059078999649,-0.987790798717944,0.96875,0.474609375,0.20347051789170179,103.39963935804077,0.20347051789170179,14.04281742612061,0.1396074972764525,12.06868465779005,0.1396074972764525,1.7981199367802203
episode_000002_000027,episode_000002,27,descent_to_grasp,5,0.39844243682156616,0.0019486210088066073,0.00037004083798042737,0.3984375,0.15142065594590262,0.39844243682156616,0.0004985151440590065,0.0014529990704230786,-0.992210935769391,0.96875,0.5703125,0.1829543953550412,100.7202238535781,0.1829543953550412,13.98628050198914,0.1301496292904839,11.334198722446533,0.1301496292904839,1.7753138482264355
episode_000002_000028,episode_000002,28,descent_to_grasp,5,0.3984448644882386,0.0024023227907415423,0.0003122114826542965,0.3984375,0.15288196148514105,0.3984448644882386,0.0007008450386822644,0.0017050417123949464,-0.9928298334954595,0.96484375,0.56640625,0.18140420494122633,100.78934717639561,0.18140420494122633,13.968182737996807,0.1285171589662435,11.384082538274017,0.1285171589662435,1.7825267491700694
episode_000002_000029,episode_000002,29,grasp_close,5,0.01598212136838908,0.0033027656800346844,0.000615887405865649,0.015625,0.0056779662587917714,0.01598212136838908,0.0006982344823943553,0.004000652090079456,0.9995884786945946,0.97265625,0.98828125,0.16730946413337333,99.05837161475607,0.16730946413337333,13.23704891045614,0.12309677576861022,11.36436406373716,0.12309677576861022,1.7016045000149453
episode_000002_000030,episode_000002,30,grasp_close,5,0.008589829217702129,0.0035199424866030025,0.0006000121917896599,0.0078125,0.003969817308650965,0.00898308955525665,0.0005013060239796617,0.0040207384516440575,0.9991093322717487,0.98046875,0.98828125,0.1709819062686575,100.54171056927485,0.1709819062686575,13.253613292084554,0.1301149193685004,11.815472267600438,0.1301149193685004,1.7194228505496876
episode_000002_000031,episode_000002,31,grasp_close,5,0.005141052182263624,0.003332214165120407,0.00026072444463163305,0.00390625,0.0031984486192701334,0.007406189199789803,0.0007908782730605537,0.004121170602337185,0.9980357638446362,0.984375,0.98828125,0.17989350495862577,102.61455529144268,0.17989350495862577,13.270066253397896,0.1348189975130749,11.929539118120038,0.1348189975130749,1.7155350611546731
episode_000002_000032,episode_000002,32,grasp_close,5,0.0029699486544906483,0.0029681905573907316,0.0001021754634308593,0.0,0.0023845379211732843,0.0061169920639216726,0.001035495217297649,0.0040006637827435495,0.9978358677846162,0.98828125,0.98828125,0.17530994798273092,100.86136306680312,0.17530994798273092,13.246421860494282,0.13229660037705304,11.56999914933807,0.13229660037705304,1.7015232133293627
episode_000002_000033,episode_000002,33,grasp_close,5,0.0029574049671724665,0.0029556394087454354,0.0001021754634308593,0.0,0.0023422383810244155,0.006085115597531836,0.00102798700624632,0.003980565752180271,0.9977904207314154,0.98828125,0.98828125,0.17485855474142353,100.74528774097384,0.17485855474142353,13.19970117926442,0.13162234099789527,11.40744114931349,0.13162234099789527,1.6914328047121596
episode_000002_000034,episode_000002,34,grasp_close,5,0.002585278075444694,0.002581495572628713,0.0001397974816417537,0.0,0.0021842748951799522,0.00596123804053167,0.0011005382187310778,0.003679273787103523,0.9982413408494671,0.98828125,0.98828125,0.17563696625555314,100.85996758013594,0.17563696625555314,13.234758557177681,0.13170711786684508,11.569311940138848,0.13170711786684508,1.7016016438670551
episode_000002_000035,episode_000002,35,grasp_close,5,0.0028745884544875196,0.0028727719988446065,0.0001021754634308593,0.0,0.003017154377242551,0.0062392805949459925,0.0010104692974580343,0.0038801464863682206,0.9977336347443424,0.98828125,0.98828125,0.176110015921354,101.29337972663778,0.176110015921354,13.246979587137304,0.13284406155002482,11.770598887835135,0.13284406155002482,1.7134667072738845
episode_000002_000036,episode_000002,36,grasp_close,5,0.0028519259890790053,0.0028476659673804623,0.00015582164614506703,0.0,0.0028643692330826338,0.005905842303382653,0.001115561888706429,0.003960491249573462,0.9982370096071376,0.98828125,0.98828125,0.1820193354342471,102.87202657817211,0.1820193354342471,13.303516441240596,0.13613843071113751,12.023500798253023,0.13613843071113751,1.7213514302143404
episode_000002_000037,episode_000002,37,grasp_close,5,0.0030199264680302973,0.0030159037595557637,0.00015582164614506703,0.0,0.0028694553874829406,0.005935424165709194,0.000987949656143301,0.004000652090079456,0.997558531247981,0.98828125,0.98828125,0.17948418332508942,102.4785117679176,0.17948418332508942,13.271537172974362,0.13425541262716867,11.926955577964293,0.13425541262716867,1.7181371492063366
episode_000002_000038,episode_000002,38,grasp_close,5,0.002928079501034662,0.0029229962491670084,0.00017246011636026996,0.0,0.0030180379153396525,0.006178396104996957,0.0010604810442302799,0.003980559844344259,0.9979808541904635,0.98828125,0.98828125,0.17746074854931004,101.42163988384249,0.17746074854931004,13.242615097161792,0.1325000158233558,11.638857042419055,0.1325000158233558,1.7055058652981352
episode_000002_000039,episode_000002,39,lift,5,0.0028068851759522058,0.0027999568547924414,0.00019709389204402924,0.0,0.0029977885011222673,0.006178379162345671,0.0010229817368679701,0.0038198759457406806,0.9978067234012125,0.98828125,0.98828125,0.1756746967088142,100.70499942710967,0.1756746967088142,13.223946855200522,0.13172801984291738,11.535060858160689,0.13172801984291738,1.7001728946047607
episode_000002_000040,episode_000002,40,lift,5,0.0031791764816930363,0.003174094335572313,0.00017968931698314296,0.0,0.0032291888772552173,0.006481934763687545,0.0010489343170404356,0.004221984673606825,0.9992518731841604,0.98828125,0.98828125,0.1855084288594946,103.42257362202207,0.1855084288594946,13.322154885684093,0.13935095379549,12.07530496300438,0.13935095379549,1.7270865057039764
episode_000002_000041,episode_000002,41,lift,5,0.0029774262291562756,0.002953994301243652,0.000372806408592698,0.0,0.002855179201988185,0.004781099891473162,0.0023744667855132087,0.005328222547463351,0.9999443066179815,0.98828125,0.98828125,0.17499443268013015,100.27721253852786,0.17499443268013015,13.182177321431718,0.1077846734335155,12.550866496023128,0.1077846734335155,1.7519353736165528
episode_000002_000042,episode_000002,42,lift,5,0.0012643555858141136,0.0012272830265009974,0.00030392666918502276,0.0,0.0029612122178691914,0.004414900650656591,0.0034594192781134854,0.0046864291990584145,0.9999793280389613,0.98828125,0.98828125,0.18024393311672215,99.71283732995454,0.18024393311672215,13.293256032200487,0.11246725870182528,13.38248817422528,0.11246725870182528,1.8224738077318374
episode_000002_000043,episode_000002,43,lift,5,0.005931221674163993,0.004440278323636173,0.00045224981395182326,0.00390625,0.004395119055602555,0.006560424429446287,0.002535906172108044,0.006975541150852985,0.9998385226919585,0.98828125,0.9921875,0.13155846277414152,85.41712576655024,0.13155846277414152,12.538497738680404,0.06555446466863102,10.433929703573256,0.06555446466863102,1.733456869002761
episode_000002_000044,episode_000002,44,lift,5,0.006589283881332313,0.005303544546399886,0.00017968931698314405,0.00390625,0.00424427465691111,0.006589283881332313,0.002034231470195581,0.007336071017696008,0.9993941618555857,0.98828125,0.9921875,0.12613148370594374,83.81496153210651,0.12613148370594374,12.574030010329254,0.06102623363266235,10.853507175742072,0.06102623363266235,1.7711445361156144
episode_000002_000045,episode_000002,45,lift,5,0.006687167833799369,0.0054240739829596605,0.0001970938920440295,0.00390625,0.003404627021053331,0.006687167833799369,0.002355286279598169,0.007777995289856549,0.9995959049377848,0.98828125,0.9921875,0.12374512720943509,83.1044876050769,0.12374512720943509,12.647708330848031,0.057366436867696824,10.286003997963954,0.057366436867696824,1.7596069421217846
episode_000002_000046,episode_000002,46,lift,5,0.006851915263519519,0.005625089924881141,0.00021981140314469443,0.00390625,0.0034011062262814208,0.006851915263519519,0.00223392768557561,0.007858317813456415,0.9997757792342548,0.98828125,0.9921875,0.12370845603709357,83.11751172150507,0.12370845603709357,12.660607001696784,0.05773904294414256,10.259501465462895,0.05773904294414256,1.7592804842149483
episode_000003_000000,episode_000003,0,hold,5,0.536942588836194,0.004068697799104318,0.014055790141779533,0.5367431640625,0.7753867323415478,0.9021746601546385,0.0017238786019246857,0.005348392540226529,0.8146850267808016,0.55078125,0.0140380859375,0.0744701413976322,60.97303460048545,0.0744701413976322,11.137487354466838,0.030935560178558474,6.5192845853216195,0.030935560178558474,1.5746007326217453
episode_000003_000001,episode_000003,1,hold,5,0.536111852517585,0.004259709764875762,0.014869587707949347,0.535888671875,0.7823343952964581,0.9185493581927774,0.0017450584834419088,0.005578304797905895,0.8227252925204318,0.546875,0.010986328125,0.07615693870273299,61.69146305037138,0.07615693870273299,11.158798650523815,0.03134554608267481,6.450109780869369,0.03134554608267481,1.5730353593738626
episode_000003_000002,episode_000003,2,alignment,5,0.5578133579588259,0.004672679741723348,0.01628021391031493,0.55755615234375,0.7985990324258561,0.9311401773989714,0.0016424816381675595,0.005856973315117361,0.7883571675742339,0.56640625,0.00885009765625,0.07846596394075323,62.678115473874755,0.07846596394075323,11.222929428150739,0.03246765708771138,6.578999759820084,0.03246765708771138,1.5812953035942323
episode_000003_000003,episode_000003,3,alignment,5,0.5586392331260572,0.004863156625661643,0.017316356605490968,0.558349609375,0.8015966139853878,0.9361728025039912,0.00163392979078149,0.006090867887326596,0.8097881852581976,0.56640625,0.008056640625,0.0784094049773747,62.713843421334644,0.0784094049773747,11.223061086058104,0.032661947380563716,6.495266422852747,0.032661947380563716,1.5799341302038765
episode_000003_000004,episode_000003,4,alignment,5,0.6101807719782607,0.0056135824340183904,0.019825804815083194,0.609832763671875,0.8330550517488975,0.9426924007444215,0.0014629658575233565,0.006676647195596196,0.778359716494255,0.6171875,0.007354736328125,0.08513065666781383,65.35694582317839,0.08513065666781383,11.690382406817845,0.03724467314749602,7.378129207967954,0.03724467314749602,1.6621996216868906
episode_000003_000005,episode_000003,5,alignment,5,0.6510702377101019,0.005822303598191897,0.019341553539275528,0.6507568359375,0.8680717065400758,0.9513070037367514,0.0014254878748186618,0.006415569635139983,0.5080376390748184,0.66015625,0.0093994140625,0.08096169333755254,63.12616941466273,0.08096169333755254,11.686866249018289,0.03696260110343197,7.409815642408609,0.03696260110343197,1.676961791866192
episode_000003_000006,episode_000003,6,alignment,5,0.6489743960152372,0.005625490324012168,0.018661448443642592,0.648681640625,0.8743516646454005,0.9632956294832341,0.0013858414385497825,0.006153140932669507,0.4770314013563003,0.65625,0.007568359375,0.07764196013666236,61.27574994437742,0.07764196013666236,11.458695356933765,0.038426728963267154,7.1909698534480295,0.038426728963267154,1.6462708832302042
episode_000003_000007,episode_000003,7,alignment,5,0.7103061849246133,0.004548862842705508,0.01108743407916508,0.710205078125,0.8660199426403785,0.9265973543005049,0.0016504509730978169,0.004262431402553634,0.014225912619199995,0.7265625,0.016357421875,0.08511891319049392,63.4760041814491,0.08511891319049392,11.782437133352651,0.03580770395396948,6.798610837837778,0.03580770395396948,1.6922447349368868
episode_000003_000008,episode_000003,8,alignment,5,0.8230000346653167,0.005037883354122173,0.013371760794099291,0.8228759765625,0.9119512788505209,0.9518460097793542,0.0016560264230873185,0.004148197846741758,-0.3952456398696579,0.83203125,0.0091552734375,0.08610090387415714,63.78141147025228,0.08610090387415714,12.148530226721116,0.04551471146694541,8.113542654006332,0.04551471146694541,1.7404120547823048
episode_000003_000009,episode_000003,9,alignment,5,0.803768989409392,0.005386643992798736,0.01274389522756805,0.80364990234375,0.8858504617917775,0.9268119635772801,0.0015086881125800117,0.004559740411285791,-0.43235684739880764,0.8125,0.00885009765625,0.09821492683677868,68.15042839570842,0.09821492683677868,12.257044034211521,0.04646279982577539,8.05206970083549,0.04646279982577539,1.7399125305604863
episode_000003_000010,episode_000003,10,alignment,5,0.8637425443300342,0.008182955822225186,0.01755340040202146,0.863525390625,0.8886710184878746,0.9229054042136641,0.0028304623327432446,0.005962029102795418,-0.6934235127678419,0.87109375,0.007568359375,0.1119744383358574,73.5644027529859,0.1119744383358574,12.60097532965239,0.05807366973781003,8.92381717942188,0.05807366973781003,1.7858465415492388
episode_000003_000011,episode_000003,11,alignment,5,0.8776806600121978,0.008727936128072355,0.018540299037879897,0.87744140625,0.9027898461812874,0.9260717910443601,0.0027760373069040914,0.006535828807463437,-0.7097069835566581,0.8828125,0.00537109375,0.12735216413696526,76.12055249020709,0.12735216413696526,13.100963468127498,0.07684696903719213,9.574914490440666,0.07684696903719213,1.8314557888492864
episode_000003_000012,episode_000003,12,alignment,5,0.7251222425818942,0.007328784107897664,0.015730533243147365,0.72491455078125,0.8505852555615261,0.910471428468546,0.0017414041243757122,0.006272147029250047,-0.5190626280942747,0.73046875,0.00555419921875,0.14088796414154492,79.56695391357417,0.14088796414154492,12.893309505718177,0.08553035545012011,9.183852315145678,0.08553035545012011,1.7752932810487834
episode_000003_000013,episode_000003,13,alignment,5,0.735577403968355,0.006106993196360654,0.014322467364626225,0.73541259765625,0.7878015832448597,0.8506389094012305,0.0015585724134097344,0.004998663037936718,-0.6340564040229306,0.74609375,0.01068115234375,0.12725235902539722,74.65894352548801,0.12725235902539722,12.634087234659551,0.07139378616514036,8.622857608969882,0.07139378616514036,1.738736575873123
episode_000003_000014,episode_000003,14,alignment,5,0.7195538390216255,0.005884690391854338,0.008254833895107156,0.719482421875,0.7551681349946969,0.8213328953312573,0.0014092860438126755,0.0046977103792294386,-0.7986664562718281,0.73828125,0.018798828125,0.1360555427797101,80.40598758587481,0.1360555427797101,12.791899210864102,0.07957882518931492,10.055388421626247,0.07957882518931492,1.7717808844729064
episode_000003_000015,episode_000003,15,alignment,5,0.8351404434328633,0.008158478857477211,0.005419367380031872,0.8350830078125,0.7584154551974087,0.8850325820878044,0.002266133897608848,0.0060699084754669815,-0.8935377246486161,0.85546875,0.0203857421875,0.14139122347549538,82.28892676193011,0.14139122347549538,12.90374880679129,0.08894614110570542,10.472306692623727,0.08894614110570542,1.7925790365332281
episode_000003_000016,episode_000003,16,alignment,5,0.8499052673963555,0.008205295481256534,0.004542978534363474,0.849853515625,0.7117132483160953,0.868672973825517,0.0026355532421182388,0.005715911281948329,-0.9196763403036639,0.890625,0.040771484375,0.1529442111927205,85.17815481050388,0.1529442111927205,12.856707331117624,0.09922588797398835,11.28746927176783,0.09922588797398835,1.8141385536582524
episode_000003_000017,episode_000003,17,alignment,5,0.8633352053263502,0.008263588544848918,0.004987309764811411,0.86328125,0.7262145672040357,0.878927504341992,0.0027152736565670002,0.005680644906362047,-0.9285373238850924,0.8984375,0.03515625,0.15369120006507286,85.48496205626917,0.15369120006507286,12.86097083842165,0.10031416428031947,11.361731410992075,0.10031416428031947,1.8149044906814416
episode_000003_000018,episode_000003,18,descent_to_grasp,5,0.8560099436751853,0.00816795946003828,0.004885566777733121,0.85595703125,0.7298286384146622,0.8740438801601789,0.002564617299954031,0.005734572899621625,-0.9265316362408277,0.890625,0.03466796875,0.15357733835015808,85.32964662741362,0.15357733835015808,12.859977412843692,0.09990686404850724,11.26746834960167,0.09990686404850724,1.8076297801915846
episode_000003_000019,episode_000003,19,descent_to_grasp,5,0.8418514814592599,0.007900467488686225,0.005433294474367703,0.841796875,0.7327052990634908,0.8625678973934193,0.002303372603249441,0.0056953459189114175,-0.9404615234302737,0.875,0.033203125,0.15305001999613976,85.12456621190697,0.15305001999613976,12.846000629509115,0.09998606856906556,11.34894028044619,0.09998606856906556,1.8115143594118264
episode_000003_000020,episode_000003,20,descent_to_grasp,5,0.8366026213211063,0.008292468035936139,0.004782574765207894,0.8365478515625,0.7444496201905372,0.8782009461594248,0.001781628710589562,0.006535952510358375,-0.9820891321246618,0.86328125,0.0267333984375,0.15076384856860592,84.58654307053304,0.15076384856860592,13.038298138486097,0.10389010908806129,12.084908830791735,0.10389010908806129,1.8440751936573196
episode_000003_000021,episode_000003,21,descent_to_grasp,5,0.8694184715364118,0.00662322997742069,0.0038393713730962963,0.869384765625,0.6963871096900048,0.8818634392302394,0.0017860365782673328,0.004851685239384461,-0.9889111815921724,0.9140625,0.044677734375,0.16946218142983338,92.36765387191247,0.16946218142983338,13.569925577466517,0.12290679767335932,13.001321468100837,0.12290679767335932,1.8731795159147415
episode_000003_000022,episode_000003,22,descent_to_grasp,5,0.7871282226433398,0.005313979937123798,0.0011967815174022023,0.787109375,0.4696757040939431,0.7871282226433398,0.0009757990426066531,0.004363020864576416,-0.9689231378061328,0.890625,0.103515625,0.1888958455652403,99.00579431869771,0.1888958455652403,13.74704904830292,0.14127618102011286,14.11835179932122,0.14127618102011286,1.9092705771460545
episode_000003_000023,episode_000003,23,descent_to_grasp,5,0.48047331214532313,0.002070026851085019,0.00031455710197423947,0.48046875,0.23718513874248673,0.48047331214532313,0.0007996491535168964,0.0012713500146123156,-0.9980197444087867,0.9609375,0.48046875,0.18280744615934552,97.6415460679363,0.18280744615934552,13.529712513355948,0.126267919129618,12.351940570841592,0.126267919129618,1.8054559481600316
episode_000003_000024,episode_000003,24,descent_to_grasp,5,0.2851570816514895,0.0006368670496475803,0.000262111222236155,0.28515625,0.13389225321707277,0.2851570816514895,0.0001771760318438558,0.0004654528090905682,-0.9553022362397284,0.93359375,0.6484375,0.18130921294546198,99.48900147207979,0.18130921294546198,13.592477623534625,0.12948354119130767,11.950338084849246,0.12948354119130767,1.7937836938684644
episode_000003_000025,episode_000003,25,descent_to_grasp,5,0.23828178113375292,0.00040093302556065165,0.0003039266691850219,0.23828125,0.10201450356742178,0.23828178113375292,0.0003021295964144203,0.00011029598127570426,-0.8597458914929461,0.9375,0.69921875,0.17499188073441696,97.6495707726174,0.17499188073441696,13.480111280000814,0.13396497988292488,12.342537152039915,0.13396497988292488,1.7969063404342438
episode_000003_000026,episode_000003,26,grasp_close,5,0.05884107264920371,0.005313963191377605,0.0008978232827530419,0.05859375,0.01572869868509089,0.05884107264920371,0.0002957756057509713,0.005609354878565291,0.9987703919555803,0.93359375,0.9921875,0.15404481490680266,93.63647708751624,0.15404481490680266,12.988906677014626,0.12023428732797758,12.31961201585474,0.12023428732797758,1.7612706551454946
episode_000003_000027,episode_000003,27,grasp_close,5,0.023981916056153324,0.00498331590331209,0.0009911882173338385,0.0234375,0.007511895772045358,0.023981916056153324,0.0005060477392695073,0.005488893600877616,0.999156746743367,0.96875,0.9921875,0.1524692942993784,92.90082930456452,0.1524692942993784,12.960691135982307,0.12073430085409342,12.129832025323552,0.12073430085409342,1.7631330563087715
episode_000003_000028,episode_000003,28,grasp_close,5,0.009182783133610473,0.004770640408002673,0.0007275575073168121,0.0078125,0.004097506852939239,0.009182783133610473,0.0007185710291646737,0.005488868219319859,0.9995848754524139,0.984375,0.9921875,0.16507365961521614,96.50977471621462,0.16507365961521614,13.091371585885309,0.1251391864649738,12.271365687867554,0.1251391864649738,1.784493592461895
episode_000003_000029,episode_000003,29,grasp_close,5,0.005929425854134001,0.004435745701127093,0.00047271764522307277,0.00390625,0.0032976669934328086,0.0069163414205789305,0.0010941026568094313,0.005529084819752626,0.9994401796310077,0.98828125,0.9921875,0.1678607421621492,97.41292757782634,0.1678607421621492,13.169207439212721,0.12796628216435058,12.328237327440137,0.12796628216435058,1.7929853740715733
episode_000003_000030,episode_000003,30,grasp_close,5,0.005670988056574471,0.004084239405335527,0.0004693665467572104,0.00390625,0.0033538524911292168,0.006822681588928138,0.0010841392182373269,0.00516758085425215,0.99941846779701,0.98828125,0.9921875,0.17031685207863367,98.49308207952639,0.17031685207863367,13.16301360280262,0.12981613712650653,12.481359664816102,0.12981613712650653,1.791765920294957
episode_000003_000031,episode_000003,31,grasp_close,5,0.005722094510815431,0.004154529402483372,0.00047271764522307277,0.00390625,0.0034126808574412755,0.006902209952140597,0.0011141596280614806,0.0052680078725149005,0.9995178965040062,0.98828125,0.9921875,0.17135904434004046,98.81590417499102,0.17135904434004046,13.219230859981542,0.13044043968045838,12.660865745517025,0.13044043968045838,1.804037560892921
episode_000003_000032,episode_000003,32,grasp_close,5,0.005700580260540438,0.004129479266996206,0.0004303803292574736,0.00390625,0.0031935700931326008,0.006624796259442991,0.001079060703192805,0.005207798854443508,0.9994554443372483,0.98828125,0.9921875,0.169214582593729,98.03772908780411,0.169214582593729,13.199299045688687,0.1267299667166849,12.356511541793425,0.1267299667166849,1.7945471511656246
episode_000003_000033,episode_000003,33,grasp_close,5,0.005814045409115904,0.00428512132218452,0.0004266968606883733,0.00390625,0.003153985732676251,0.0065538337744771025,0.0011041944310501808,0.005388490081768156,0.99940541230673,0.98828125,0.9921875,0.17162541603828596,98.82274336087592,0.17162541603828596,13.207126678157435,0.13077901350969978,12.608315367510938,0.13077901350969978,1.803028847651206
episode_000003_000034,episode_000003,34,grasp_close,5,0.005839828662827978,0.004315245969418425,0.00047271764522307277,0.00390625,0.0032615390345663554,0.006670147445110418,0.0010941666710380894,0.005408570666720689,0.9993861026779497,0.98828125,0.9921875,0.1687850158483919,97.81586477913307,0.1687850158483919,13.197058978225632,0.12821205342926567,12.409364832686881,0.12821205342926567,1.797338655480876
episode_000003_000035,episode_000003,35,grasp_close,5,0.005851418202256162,0.004335329132532265,0.0004303803292574736,0.00390625,0.003280953130092486,0.006750288077032671,0.0010941666710380894,0.005428651311767451,0.9993836891937404,0.98828125,0.9921875,0.17035736382087108,98.48404701466974,0.17035736382087108,13.202791197777458,0.13123769939669694,12.69507587107957,0.13123769939669694,1.8076534172007275
episode_000003_000036,episode_000003,36,lift,5,0.0059821927100939115,0.004506038014275455,0.00047271764522307277,0.00390625,0.00344214600388889,0.007028274427997535,0.0010640852690097504,0.005569217455129924,0.9993113058312146,0.98828125,0.9921875,0.16939269556068748,98.26192466786425,0.16939269556068748,13.184820135910046,0.12806832828996595,12.49022227579744,0.12806832828996595,1.7969036376468261
episode_000003_000037,episode_000003,37,lift,5,0.005666343427158909,0.004086321681447783,0.00038811581742660494,0.00390625,0.002874878455314827,0.006109702590642429,0.0009012043255590426,0.0049862406028131105,0.9988312881318768,0.98828125,0.9921875,0.16934284645173736,97.81463104855622,0.16934284645173736,13.180435762092932,0.12378022149809709,12.009292771208568,0.12378022149809709,1.7733692103022014
episode_000003_000038,episode_000003,38,lift,5,0.004001660614370308,0.00399306716444645,0.000262111222236155,0.0,0.0023995014288372258,0.004050920196337823,0.0012775112795092272,0.005268074010612727,0.9985145321177332,0.9921875,0.9921875,0.16398014673620132,95.80034099387439,0.16398014673620132,12.888516134216804,0.11312295836170305,12.48521105730434,0.11312295836170305,1.782626893640867
episode_000003_000039,episode_000003,39,lift,5,0.0017934609517214872,0.0017879013701407177,0.0001411059034863059,0.0,0.0018940163717739802,0.004450124576207332,0.003942946641193688,0.005729867769140528,0.9999224481111848,0.9921875,0.9921875,0.17365509556486292,97.3678582922504,0.17365509556486292,13.294463165094248,0.1341317440110511,13.757224363791268,0.1341317440110511,1.856763642750539
episode_000003_000040,episode_000003,40,lift,5,0.00012198170526715095,8.715921054615834e-05,8.533937213767466e-05,0.0,0.0022389559403439767,0.003988359151662708,0.004845669317769091,0.004926292550850908,0.9999770304179307,0.98828125,0.98828125,0.18553555520939224,99.969581105042,0.18553555520939224,13.408709109215534,0.12657369372973237,13.056842836900879,0.12657369372973237,1.8084957548662381
episode_000003_000041,episode_000003,41,lift,5,0.003920910306417688,0.0003037908576213241,0.00014986555073847135,0.00390625,0.0037703897267704774,0.004488576492906652,0.004423358222419405,0.004724939460141515,0.9999679991425792,0.98828125,0.984375,0.1982892553872707,105.55319821525286,0.1982892553872707,13.782092595840032,0.1302432712460324,12.963445621434815,0.1302432712460324,1.8366328869146151
episode_000003_000042,episode_000003,42,lift,5,0.00030677285943106285,0.00030379085762132066,4.266968606883711e-05,0.0,0.002453328463261777,0.003375671056430001,0.004583561557493692,0.004282656590136188,0.9999555501328069,0.984375,0.984375,0.20072461247787643,106.46238324130096,0.20072461247787643,13.786193605068515,0.12300290683300352,12.499063625167121,0.12300290683300352,1.8344092086905495
episode_000003_000043,episode_000003,43,lift,5,0.0003279770794350141,0.0002434171556860423,0.00021981140314469266,0.0,0.002394864216246377,0.0032179714708329863,0.004683987799163798,0.004443258918183021,0.9999687318163142,0.984375,0.984375,0.20501500518880622,107.30578917917983,0.20501500518880622,13.828347140454188,0.12376045521304757,12.529731396335164,0.12376045521304757,1.8432034158508126
episode_000004_000000,episode_000004,0,hold,5,0.4115181234486831,0.0047089897278534175,0.01564004450496292,0.41119384765625,0.7267438278118633,0.8748256280633598,0.001914525120625971,0.006356423490369112,0.8995802369559073,0.421875,0.01068115234375,0.08101834750159242,62.73390818252229,0.08101834750159242,11.170017138125848,0.03822210442805496,6.783501680991342,0.03822210442805496,1.5613182951922695
episode_000004_000001,episode_000004,1,hold,5,0.425338854591721,0.004876141493742876,0.016575291764582802,0.42498779296875,0.7414756672959981,0.8867897930518585,0.0018476425347303546,0.006498926924903314,0.9107943031583369,0.43359375,0.00860595703125,0.08235029554836604,63.21998066517072,0.08235029554836604,11.219319817524353,0.03875452583909578,6.798912713530542,0.03875452583909578,1.567690880727618
episode_000004_000002,episode_000004,2,alignment,5,0.40858075267733895,0.004928071132136954,0.016856877336321574,0.408203125,0.7321769584284753,0.8862941569310454,0.0019157608226173318,0.006595081085937962,0.9054244953804864,0.416015625,0.0078125,0.08265749060130867,63.37681365563926,0.08265749060130867,11.246748548558575,0.03907236466615904,6.795717292397653,0.03907236466615904,1.5712613658015764
episode_000004_000003,episode_000004,3,alignment,5,0.4066086548728826,0.00477442802685266,0.016393308224741644,0.40625,0.72751742075513,0.8792056271385262,0.0019504902686848337,0.006491627987683829,0.9141819733360841,0.4140625,0.0078125,0.0830486488168759,63.53941639189472,0.0830486488168759,11.274928034189042,0.03918016981082062,6.737596967182017,0.03918016981082062,1.5733928841345177
episode_000004_000004,episode_000004,4,alignment,5,0.4280236950595708,0.004574817047600445,0.015055199261012177,0.427734375,0.7341810752923139,0.8779809120220116,0.0020354304907295485,0.006285760859554743,0.8880885004772372,0.435546875,0.0078125,0.08516233433321763,64.66039264358581,0.08516233433321763,11.548220323946886,0.041323317197930476,7.138544365464925,0.041323317197930476,1.6264151913736802
episode_000004_000005,episode_000004,5,alignment,5,0.4006952683066972,0.0047677729358312345,0.014876619129284391,0.400390625,0.7308778624741312,0.9011290261227888,0.002048292397202113,0.006186290167916901,0.7786880807923926,0.408203125,0.0078125,0.08279076080572678,63.581719944857056,0.08279076080572678,11.511877596466972,0.04367466748106219,6.932610109294882,0.04367466748106219,1.6106241947881996
episode_000004_000006,episode_000004,6,alignment,5,0.48323374064363867,0.005007538092174216,0.01302462132933336,0.4830322265625,0.7531342060978531,0.9086788735525256,0.0019385423473544572,0.005940361486167913,0.6065837628018385,0.4921875,0.0091552734375,0.08592207904816629,64.88565469232402,0.08592207904816629,11.591028050090195,0.044956190268854335,7.545422675261296,0.044956190268854335,1.6324021445366643
episode_000004_000007,episode_000004,7,alignment,5,0.4002307976408292,0.004646162403080366,0.01553125939501999,0.39990234375,0.7171616102564937,0.911591296534381,0.002168388208744031,0.006210308187612376,0.8050806479307901,0.408203125,0.00830078125,0.08749992615210211,65.53527335285976,0.08749992615210211,11.875141032518291,0.04239066083361531,6.990664115449006,0.04239066083361531,1.655537237626019
episode_000004_000008,episode_000004,8,alignment,5,0.21641972068472556,0.00368848929263415,0.010661325582873311,0.21612548828125,0.5860174731571893,0.8309850949867885,0.0031169038567642683,0.006439543675464972,0.9361027886770775,0.2216796875,0.00555419921875,0.10730165167837857,73.70007573182814,0.10730165167837857,12.238580543543732,0.05262514619384284,8.830845860651506,0.05262514619384284,1.7304760871977471
episode_000004_000009,episode_000004,9,alignment,5,0.13389429145315443,0.003572746621090631,0.009847271285978863,0.13348388671875,0.46808743622785887,0.7185223311446087,0.003976995047326557,0.007275691081574718,0.967459863828786,0.1376953125,0.00421142578125,0.11987285607630327,78.4194104807958,0.11987285607630327,12.679801242957407,0.06291795711302617,9.190638073283488,0.06291795711302617,1.7849665855878372
episode_000004_000010,episode_000004,10,alignment,5,0.2598000917937964,0.004619196796576191,0.014776871905035517,0.25933837890625,0.6169384602779971,0.8313583395917498,0.0029524321060936435,0.0073733153917314815,0.9588232699826675,0.263671875,0.00433349609375,0.12058860387912185,78.53192536007992,0.12058860387912185,12.642169115424128,0.05789987731442259,8.48192041692571,0.05789987731442259,1.7546462280403892
episode_000004_000011,episode_000004,11,alignment,5,0.5695324952112994,0.005560745948531487,0.015089070669933351,0.569305419921875,0.7865467811244519,0.9159521403991261,0.0013640851574574914,0.005486662626343214,0.06963263513677152,0.57421875,0.004913330078125,0.1183708954696806,78.58546400805204,0.1183708954696806,12.755826061804155,0.05831424438598709,8.708174186605259,0.05831424438598709,1.7745903285231406
episode_000004_000012,episode_000004,12,alignment,5,0.4993929628735104,0.005065045501614354,0.01488081692150824,0.4991455078125,0.773421902253947,0.9269377363689301,0.0010376013906675792,0.005272415389564741,0.2943238559216794,0.50390625,0.0047607421875,0.11428836282326493,76.19668914033217,0.11428836282326493,12.602578853912966,0.06257087736274713,9.331505162337102,0.06257087736274713,1.7807076614109771
episode_000004_000013,episode_000004,13,alignment,5,0.6297927995716975,0.005187881545763204,0.014339746172995568,0.629608154296875,0.8586629616339987,0.9630502964789006,0.0007386629522762433,0.005188443960060161,0.07194482976401656,0.63671875,0.007110595703125,0.11947325815316334,76.39095110185235,0.11947325815316334,12.785667221208225,0.0689499379487466,9.77120394576911,0.0689499379487466,1.8099698777160889
episode_000004_000014,episode_000004,14,alignment,5,0.5278423515050796,0.00411902703224709,0.011080558923712862,0.5277099609375,0.805109439147401,0.9340233312384414,0.0009492146956476568,0.004624431497995719,0.6059797909253072,0.5390625,0.0113525390625,0.11866831139964651,75.75462917376612,0.11866831139964651,12.777612806628413,0.07453404628035964,10.01658509718698,0.07453404628035964,1.7853670864181903
episode_000004_000015,episode_000004,15,alignment,5,0.28709238467110804,0.00286019470005151,0.011054136302651354,0.286865234375,0.5696944543577779,0.8147322818554901,0.0037123091648914373,0.0055071112089942025,0.8787082951308928,0.294921875,0.008056640625,0.13773695533428676,79.2958853019079,0.13773695533428676,13.104625581125536,0.09726246423734797,10.768966290178302,0.09726246423734797,1.8292031186388884
episode_000004_000016,episode_000004,16,alignment,5,0.24840822415512942,0.003120484742518511,0.006962755401616274,0.248291015625,0.4680590332411617,0.7426971027407531,0.004214512137381802,0.006495900770206719,0.9172173317187675,0.255859375,0.007568359375,0.13768272106899826,78.3287011135284,0.13768272106899826,12.98961683736533,0.09811429138667194,10.03097728463757,0.09811429138667194,1.7846854044691949
episode_000004_000017,episode_000004,17,alignment,5,0.18197609268632634,0.0029253669658819976,0.004967149186020439,0.181884765625,0.35305762646807476,0.5732558876794164,0.004862598573885051,0.006936885547702601,0.9369264344151405,0.189453125,0.007568359375,0.14307603407812597,80.90885494967608,0.14307603407812597,13.036793501654124,0.10193770649950262,10.533862156130708,0.10193770649950262,1.8104327469566093
episode_000004_000018,episode_000004,18,alignment,5,0.20532722059183114,0.0032257500468772255,0.0054052325581241374,0.205230712890625,0.3684348407347824,0.5908357580796216,0.004497723177098264,0.00694801969180263,0.9295764409836201,0.2119140625,0.006683349609375,0.1435962097118041,81.29909726382802,0.1435962097118041,13.013152484363925,0.10103932570535523,10.646417148081417,0.10103932570535523,1.8108311033166942
episode_000004_000019,episode_000004,19,descent_to_grasp,5,0.19615028806833926,0.0032286592772641965,0.00555876565335857,0.196044921875,0.3661852273230063,0.5966947418800498,0.004784728880080053,0.007157771485241033,0.9300264235780477,0.2021484375,0.006103515625,0.14604673974719762,81.89055281992587,0.14604673974719762,13.039835961842067,0.1036184192032249,10.796259293321093,0.1036184192032249,1.8165378651904605
episode_000004_000020,episode_000004,20,descent_to_grasp,5,0.12843955484820824,0.002385153587335059,0.0027735669381013703,0.128387451171875,0.23909121301784025,0.4189545941238281,0.0058985988197533595,0.007283086551724694,0.9560969407431077,0.1357421875,0.007354736328125,0.1511067188003321,83.69260471611608,0.1511067188003321,12.969751090957125,0.10818781361526897,11.14775023955678,0.10818781361526897,1.8116242136852738
episode_000004_000021,episode_000004,21,descent_to_grasp,5,0.18900988743963953,0.0037181233513788937,0.0017891157668581594,0.18896484375,0.3390903671667453,0.5576457042350963,0.0037272598628367696,0.006883647335901464,0.9247449440787645,0.208984375,0.02001953125,0.1719514517946813,89.47625197688356,0.1719514517946813,13.311973847465902,0.11371742764583448,10.095877861066173,0.11371742764583448,1.7817496192500808
episode_000004_000022,episode_000004,22,descent_to_grasp,5,0.7402614854309396,0.006140691342280134,0.0015584577695606054,0.740234375,0.5422013092229634,0.8100809500525628,0.0006495033271581601,0.006760417425555749,0.9584575016169639,0.7890625,0.048828125,0.226060282750428,109.1983696439013,0.226060282750428,14.230782761523754,0.1601470314810357,13.936798719297874,0.1601470314810357,1.9149267185347927
episode_000004_000023,episode_000004,23,descent_to_grasp,5,0.7871282356373066,0.005428867390171468,0.00046746493843520293,0.787109375,0.4071180840439112,0.7871282356373066,0.0010398893124118405,0.004395306496769806,-0.9924789022276886,0.9375,0.150390625,0.21689319893894365,107.11098620846045,0.21689319893894365,14.332152527464553,0.15647305296502556,12.79962077971532,0.15647305296502556,1.8835230072993119
episode_000004_000024,episode_000004,24,descent_to_grasp,5,0.5253989294386461,0.0029183552605345216,0.00045762425429621013,0.525390625,0.236396270975383,0.5253989294386461,0.00046578184978985086,0.0024553345820710138,-0.9929507376377197,0.92578125,0.400390625,0.2076831373073228,106.6413706423571,0.2076831373073228,14.249610814396798,0.15939121388515887,12.734776929448055,0.15939121388515887,1.8394948174456343
episode_000004_000025,episode_000004,25,descent_to_grasp,5,0.3671928285221384,0.0019478685457796057,0.00034492023272054176,0.3671875,0.15319640205508928,0.3671928285221384,9.484579662297767e-05,0.0018572527705441589,-0.9531742859288933,0.8828125,0.515625,0.20178887185719363,106.77096298017402,0.20178887185719363,14.104844859304594,0.1615132554713664,13.213545276713747,0.1615132554713664,1.8440884839967322
episode_000004_000026,episode_000004,26,descent_to_grasp,5,0.3789121774398668,0.002042704254360967,0.0005650508719135859,0.37890625,0.15559664204162713,0.3789121774398668,8.131202407900222e-05,0.001967265997991281,-0.9248847082195701,0.88671875,0.5078125,0.20103920600476755,106.88381638843299,0.20103920600476755,14.054329530380809,0.16322855676884196,13.302292546741324,0.16322855676884196,1.8414052231592706
episode_000004_000027,episode_000004,27,grasp_close,5,0.10164908857933183,0.004178513510502497,0.0003685479634963775,0.1015625,0.02337498326228473,0.10164908857933183,5.7542624786184695e-05,0.004221603294571857,0.7518260406654952,0.88671875,0.98828125,0.1760419437981514,102.54057702167101,0.1760419437981514,13.496640540628121,0.15723163214233948,13.065021714645727,0.15723163214233948,1.7906046435095078
episode_000004_000028,episode_000004,28,grasp_close,5,0.03539867570575918,0.0041011811557135685,0.0005335173727488504,0.03515625,0.01014696374231283,0.03539867570575918,8.064932296572313e-05,0.004181441342340483,0.9952677966063207,0.953125,0.98828125,0.18370957066645976,104.86645052025759,0.18370957066645976,13.415786030734964,0.16114891654658303,12.98536525874688,0.16114891654658303,1.7737999737288201
episode_000004_000029,episode_000004,29,grasp_close,5,0.012237206237652972,0.0034917431731135867,0.00047733065412507283,0.01171875,0.005064172392037878,0.012237206237652972,0.0006302273528360229,0.004121164896063216,0.9989170447342273,0.9765625,0.98828125,0.18879736267938518,106.2698389142645,0.18879736267938518,13.411754228965089,0.16284483173275754,12.90291804670781,0.16284483173275754,1.7747861943897987
episode_000004_000030,episode_000004,30,grasp_close,5,0.008449061348302441,0.003206790323883023,0.00026072444463163326,0.0078125,0.004042323351584022,0.008449061348302441,0.0008962961107466174,0.00410108412760209,0.9982537137321694,0.98046875,0.98828125,0.1952078333458982,108.42939587873106,0.1952078333458982,13.502000724308443,0.17029033608837607,13.324043891323694,0.17029033608837607,1.7911080298871855
episode_000004_000031,episode_000004,31,grasp_close,5,0.008483765770903888,0.003299626416507618,0.00022713634021343952,0.0078125,0.004080355281414029,0.008483765770903888,0.000963763244939116,0.00426177651452135,0.9987043983524174,0.98046875,0.98828125,0.19182777140470497,107.30718234368535,0.19182777140470497,13.452933034031892,0.16734374165332178,13.220529115467281,0.16734374165332178,1.7848603528166929
episode_000004_000032,episode_000004,32,grasp_close,5,0.008477779588345915,0.0032871419573752485,0.00017968931698314277,0.0078125,0.0040229884848991815,0.008477779588345915,0.0009763642175097557,0.004261787490763066,0.9986426328668591,0.98046875,0.98828125,0.19519228001886169,108.15443011542558,0.19519228001886169,13.509957343063485,0.1697813162234869,13.316117431870515,0.1697813162234869,1.7943598784945842
episode_000004_000033,episode_000004,33,grasp_close,5,0.008398668173351375,0.003076300510968368,0.00019709389204403024,0.0078125,0.0040125954167954435,0.008398668173351375,0.0009479961629875382,0.004020750085895399,0.9971392794864516,0.98046875,0.98828125,0.19760632435234748,109.15413135432593,0.19760632435234748,13.541452032750474,0.17134784936400627,13.371851651664068,0.17134784936400627,1.795315054778839
episode_000004_000034,episode_000004,34,grasp_close,5,0.008432925741666743,0.0031691310053506756,0.00018891528628092833,0.0078125,0.004043053054868761,0.008432925741666743,0.0009354918286676533,0.0041010783933796355,0.9970737805066248,0.98046875,0.98828125,0.19442011382366764,107.96594904702623,0.19442011382366764,13.493653354929503,0.16904860190213433,13.243121413632222,0.16904860190213433,1.7902297032612553
episode_000004_000035,episode_000004,35,grasp_close,5,0.008504441141851955,0.003352427772253809,0.00022713634021343952,0.0078125,0.004166988997963326,0.008504441141851955,0.0008914172611710191,0.004241684350477497,0.9980849015219752,0.98046875,0.98828125,0.1975958699419632,108.98775002245473,0.1975958699419632,13.545190170156804,0.1733091742880305,13.442597390761524,0.1733091742880305,1.7973243386482576
episode_000004_000036,episode_000004,36,grasp_close,5,0.008536578935629854,0.0034378016723432374,0.0001397974816417537,0.0078125,0.0040100164652799395,0.008536578935629854,0.0009664371181358546,0.004402383386973807,0.9985012109306515,0.98046875,0.98828125,0.1954773502513334,108.41994933821229,0.1954773502513334,13.522446948214899,0.16943892096180746,13.361242541995702,0.16943892096180746,1.7970477319871785
episode_000004_000037,episode_000004,37,lift,5,0.008640272104803063,0.0036864795413094594,0.00017033609877167047,0.0078125,0.004091390217701359,0.008640272104803063,0.0009189649065392618,0.004603262000953216,0.9980986489058258,0.98046875,0.98828125,0.19460621458427807,108.43297725084332,0.19460621458427807,13.510038871043585,0.16968924989640555,13.38932024004361,0.16968924989640555,1.7974440326388712
episode_000004_000038,episode_000004,38,lift,5,0.005492277781375491,0.003852057752586585,0.00026072444463163305,0.00390625,0.0026726335350795005,0.007124237377089999,0.0005761204406536765,0.0044228447910378554,0.9919428511871443,0.984375,0.98828125,0.1803736745416804,104.58425391665307,0.1803736745416804,13.31826401144839,0.1506583971282981,12.844701732904918,0.1506583971282981,1.769464613591513
episode_000004_000039,episode_000004,39,lift,5,0.008430634282416725,0.0031640649361403352,0.0001706787442753493,0.0078125,0.002624996391798762,0.008430634282416725,0.0017635868398797254,0.0049259389068986295,0.9993763138085797,0.98046875,0.98828125,0.18656032382736332,104.31172482579063,0.18656032382736332,13.436357954023975,0.1456762362905416,13.250884357257892,0.1456762362905416,1.8018036418418766
episode_000004_000040,episode_000004,40,lift,5,0.004119610362216731,0.0013058015414091862,8.533937213767466e-05,0.00390625,0.0013175656483256394,0.004119610362216731,0.0030386419956821573,0.004343628538849282,0.9999193942386084,0.98828125,0.9921875,0.18104426306914145,101.4602746588227,0.18104426306914145,13.26543786728368,0.12648135349874612,12.873984104931525,0.12648135349874612,1.7748754104823175
episode_000004_000041,episode_000004,41,lift,5,0.00893545542801106,0.004280397767685389,0.0006967082648901533,0.0078125,0.0031527180337185016,0.00893545542801106,0.0015297579078411097,0.005810150204483651,0.9999973652227763,0.984375,0.9921875,0.1474354710598863,85.8474321266793,0.1474354710598863,12.64240363359295,0.10066792095793087,10.81494644227247,0.10066792095793087,1.703469860138436
episode_000004_000042,episode_000004,42,lift,5,0.0063127885563300104,0.004952470597439167,0.00025601811641302397,0.00390625,0.00234382188411419,0.0063127885563300104,0.0017823647659452849,0.006733975698502596,0.9996453130059405,0.98828125,0.9921875,0.15191828926178408,88.64875002488257,0.15191828926178408,12.901373666776417,0.10036114522805983,11.006079613495451,0.10036114522805983,1.740598060540732
episode_000004_000043,episode_000004,43,lift,5,0.005959053093351163,0.004499967111520799,4.266968606883711e-05,0.00390625,0.0020007118405546646,0.005959053093351163,0.002555977496213623,0.0070548590408262835,0.9997291254632239,0.98828125,0.9921875,0.14366561166913072,85.7062738376508,0.14366561166913072,12.624640634552426,0.09418083902591456,10.53691823133501,0.09418083902591456,1.7012676503499407
episode_000004_000044,episode_000004,44,lift,5,0.005846229686212559,0.004349305170318879,5.618733745656884e-05,0.00390625,0.002003994088938895,0.005846229686212559,0.0027065213540090065,0.0070548590408262835,0.9997796488385091,0.98828125,0.9921875,0.1415111828635378,85.12927940382245,0.1415111828635378,12.575801733232204,0.09245786931999989,10.423319680807618,0.09245786931999989,1.6931238267989779
episode_000005_000000,episode_000005,0,hold,5,0.5208857398055204,0.005043157946891628,0.01745265998382564,0.52056884765625,0.7245290599277322,0.8511610361467528,0.0011237441089783878,0.005461090981528985,0.46056658699644093,0.53125,0.01068115234375,0.07042181743121789,59.71541736113569,0.07042181743121789,11.09076853698506,0.02855904493768613,6.445833960161692,0.02855904493768613,1.5740918611978059
episode_000005_000001,episode_000005,1,hold,5,0.5065650988971633,0.005141500630444247,0.01781629967739547,0.5062255859375,0.7207034851538705,0.8538517348916848,0.001147985842218241,0.005581868419330591,0.4713004442169886,0.515625,0.0093994140625,0.0712231172353609,60.06656595120828,0.0712231172353609,11.121039562013497,0.02912735395088273,6.472364732881443,0.02912735395088273,1.5767497222246027
episode_000005_000002,episode_000005,2,alignment,5,0.5112876169546732,0.005321243247341065,0.018494772945029006,0.51092529296875,0.7233117543160946,0.8560496627095184,0.0011528555896217175,0.005740426360749563,0.4507439510328302,0.51953125,0.00860595703125,0.07164140191392465,60.16125325963284,0.07164140191392465,11.172885904559232,0.029622795221251552,6.512244982241303,0.029622795221251552,1.5854725163075187
episode_000005_000003,episode_000005,3,alignment,5,0.5188423281078294,0.005254731463922131,0.018277902309429703,0.51849365234375,0.7260823138607645,0.8533693229429985,0.0011116783839595515,0.005692708113694109,0.4764627736562802,0.52734375,0.00885009765625,0.07291332697288855,60.51522355561466,0.07291332697288855,11.209081001165965,0.02984602223195132,6.453641537905932,0.02984602223195132,1.5870908141565063
episode_000005_000004,episode_000005,4,alignment,5,0.5443139637084969,0.0053686817519309074,0.01749177103693704,0.54400634765625,0.7400884467141865,0.8340365843310829,0.0010999279850950926,0.005866839169007618,0.5274131065462623,0.5546875,0.01068115234375,0.0765015089889931,61.73733613722549,0.0765015089889931,11.417555923641443,0.030730277589865462,6.717509243106545,0.030730277589865462,1.621280844501955
episode_000005_000005,episode_000005,5,alignment,5,0.7431759331200154,0.005538977480960739,0.018702325484145417,0.742919921875,0.8664374833935125,0.910721030086796,0.0010747214569525355,0.005307436116524624,-0.11889581991077341,0.75390625,0.010986328125,0.07969709807498748,63.12050773826835,0.07969709807498748,11.447996463008268,0.03361112711093783,6.9928836790579325,0.03361112711093783,1.6396952665924842
episode_000005_000006,episode_000005,6,alignment,5,0.7045095135893735,0.005614542178713297,0.01811693438852549,0.704254150390625,0.8523283811393568,0.9202286568786984,0.0011708110970196793,0.005445755941914673,-0.03889830981661821,0.7109375,0.006683349609375,0.0811490511714732,63.82603001516931,0.0811490511714732,11.864077500619793,0.03704275679074298,7.518496410940534,0.03704275679074298,1.7279693265004974
episode_000005_000007,episode_000005,7,alignment,5,0.8609789541415583,0.007721255959376418,0.02103780602534569,0.860687255859375,0.9130252684300387,0.935845100458286,0.0020774771128684506,0.006120770522587215,-0.7014150039133125,0.8671875,0.006500244140625,0.09771474730771124,70.15721705215651,0.09771474730771124,12.162341784828637,0.04522724620517582,8.10991510185653,0.04522724620517582,1.7567443215655507
episode_000005_000008,episode_000005,8,alignment,5,0.7660303250972812,0.00783869340823699,0.0210366894917455,0.7657012939453125,0.86597818135312,0.9136157882319375,0.0014854845792591108,0.006850843551782522,-0.6045301763520405,0.76953125,0.0038299560546875,0.09919792992868337,70.92917870412184,0.09919792992868337,12.43108019406425,0.05025112973563206,9.139460405040058,0.05025112973563206,1.7933626305711607
episode_000005_000009,episode_000005,9,alignment,5,0.809596766562599,0.0082655722831264,0.019228943330457268,0.809326171875,0.9067635617659319,0.9428210584930542,0.0023451325104512817,0.006269567377869047,-0.7995857133764316,0.8125,0.003173828125,0.1276494685898656,80.21659075794716,0.1276494685898656,12.903467584429045,0.08135498432989807,11.19094156362642,0.08135498432989807,1.9019305695472493
episode_000005_000010,episode_000005,10,alignment,5,0.8717037308592034,0.008310746160959618,0.021499721844388732,0.87139892578125,0.9321330680326412,0.9541289711285531,0.002720297086526706,0.005885880008738655,-0.843929935153678,0.875,0.00360107421875,0.15307672603898925,87.6885022981382,0.15307672603898925,13.3764717001743,0.10249328431925209,12.788711310363302,0.10249328431925209,1.9677827639534045
episode_000005_000011,episode_000005,11,alignment,5,0.8168669768106788,0.0073128413290160085,0.019367088794234936,0.8166046142578125,0.9173439902782542,0.9591231932301039,0.002024669263019835,0.005560422057474811,-0.8198633680005123,0.8203125,0.0037078857421875,0.14946952526591273,86.42617352686011,0.14946952526591273,13.378634757908827,0.1068109528656791,12.51828431260351,0.1068109528656791,1.913817136062225
episode_000005_000012,episode_000005,12,alignment,5,0.8439090062473042,0.007417669343160337,0.02169781761361058,0.843597412109375,0.9152193798117167,0.9490499113769487,0.001965697647096469,0.005701048142368481,-0.8323669237504974,0.84765625,0.004058837890625,0.15904994177598453,87.96926384192182,0.15904994177598453,13.292660060617923,0.11026405031808006,11.885376347130896,0.11026405031808006,1.8663190923993225
episode_000005_000013,episode_000005,13,alignment,5,0.7919609083303955,0.007045709587622763,0.020795037506253344,0.791656494140625,0.8964716797900593,0.9358722060292826,0.0017613259993540405,0.005581904529555113,-0.7822820688794858,0.796875,0.005218505859375,0.1542437678561106,86.84885555410433,0.1542437678561106,13.38115051912363,0.1065573568393261,11.492182757109273,0.1065573568393261,1.8801047662372234
episode_000005_000014,episode_000005,14,alignment,5,0.8397373090954224,0.006831182062872073,0.013585991895789273,0.839599609375,0.886698741257562,0.9319249922119112,0.0015025678495539133,0.00544776515047835,-0.899697452869734,0.84765625,0.008056640625,0.1486783196241256,84.39109423831421,0.1486783196241256,13.363515121912151,0.09618566646234461,10.932965092567928,0.09618566646234461,1.8543328280808733
episode_000005_000015,episode_000005,15,alignment,5,0.8383649459650394,0.00733491241381965,0.01128976026744099,0.8382568359375,0.8464927188271174,0.9180086647549621,0.002075925777319678,0.005383222680549477,-0.9177661065353515,0.84765625,0.0093994140625,0.1421836340976652,82.56077156930489,0.1421836340976652,13.223118537011173,0.08892209973022513,10.537400388955593,0.08892209973022513,1.8373959750430549
episode_000005_000016,episode_000005,16,alignment,5,0.8377508698570938,0.00726543326144268,0.011049915838763236,0.837646484375,0.8449796904799264,0.9184985869182245,0.002075925777319678,0.005300535719142125,-0.9261298239337408,0.84765625,0.010009765625,0.14455857560899432,82.80514648761584,0.14455857560899432,13.233646059356008,0.09017299189406569,10.387197246636397,0.09017299189406569,1.8310253484902148
episode_000005_000017,episode_000005,17,descent_to_grasp,5,0.8409768140303233,0.007423287781067259,0.01026916252287632,0.84088134765625,0.8416196816480864,0.9136140010055643,0.002206029014953019,0.0053272445089886595,-0.9300118842159946,0.8515625,0.01068115234375,0.14110460081634313,81.71380505399466,0.14110460081634313,13.186575510369774,0.08777476995136868,10.275479113343907,0.08777476995136868,1.8246585720063444
episode_000005_000018,episode_000005,18,descent_to_grasp,5,0.8583704487722239,0.007411506930499069,0.010323488648507266,0.8582763671875,0.8543775338805097,0.9163011492505224,0.0024452376716159268,0.005063724774423382,-0.9412824748397317,0.87109375,0.0128173828125,0.1451493118078082,82.22076181338508,0.1451493118078082,13.054463881047322,0.09243150040647452,10.482868260547894,0.09243150040647452,1.814616021452646
episode_000005_000019,episode_000005,19,descent_to_grasp,5,0.8966117932588055,0.009924943929328104,0.004531095511237859,0.89654541015625,0.822111315071254,0.9237431278239419,0.0028363564113114137,0.0071259310836821275,-0.9816279467863287,0.91015625,0.01361083984375,0.15188726348111448,86.33649761873298,0.15188726348111448,13.070704549476448,0.09199253703944588,11.402095191908945,0.09199253703944588,1.8154699548435433
episode_000005_000020,episode_000005,20,descent_to_grasp,5,0.9072847425052298,0.009142225997524954,0.004689134357748604,0.9072265625,0.7711081897539115,0.910449941210491,0.003659887331185506,0.005482488112741717,-0.9999319080843703,0.92578125,0.0185546875,0.18278121326502594,96.82569936250508,0.18278121326502594,13.920386499782976,0.12317190045305615,12.978448554681739,0.12317190045305615,1.9012422579845292
episode_000005_000021,episode_000005,21,descent_to_grasp,5,0.7231864593007916,0.00726538001247814,0.0028028721889403483,0.72314453125,0.5384405655415525,0.7715029262628899,0.00023049391913313423,0.007068944824288123,-0.847773771873957,0.7578125,0.03466796875,0.2345385779471567,109.61141143481798,0.2345385779471567,14.518646379058412,0.16373128601951648,15.001494037092636,0.16373128601951648,2.0009624623886277
episode_000005_000022,episode_000005,22,descent_to_grasp,5,0.7441603723554091,0.005402758311277645,0.00044744986351857315,0.744140625,0.38849504068589946,0.7441603723554091,0.0021725165979261957,0.0032380991927329133,-0.993961052818958,0.95703125,0.212890625,0.2201184096029154,107.40335314143667,0.2201184096029154,14.279499051714833,0.15048039258183,12.928058705424746,0.15048039258183,1.8751022268289006
episode_000005_000023,episode_000005,23,descent_to_grasp,5,0.4375090156105671,0.002788454667566027,0.00033654285663713894,0.4375,0.18593932665313792,0.4375090156105671,0.0013636543803510093,0.0014326224054488006,-0.9888195154926906,0.96875,0.53125,0.19455976448976853,102.62997958300436,0.19455976448976853,13.957035228428948,0.13985386986948567,11.515733974700495,0.13985386986948567,1.7890383804695025
episode_000005_000024,episode_000005,24,descent_to_grasp,5,0.347663580524725,0.0022288800342143253,0.000359378633966287,0.34765625,0.14536620299114597,0.347663580524725,0.0010471641227650845,0.0011905267338653662,-0.984216374159103,0.96484375,0.6171875,0.20401018010095495,105.43708664280959,0.20401018010095495,14.123303480821443,0.15335312525063838,11.937020717726591,0.15335312525063838,1.8162756659485868
episode_000005_000025,episode_000005,25,grasp_close,5,0.02372502092343684,0.0035603138527054343,0.0009404131207876746,0.0234375,0.007024723744983084,0.02372502092343684,0.0010873409873757552,0.0046463046983081305,0.9990487123508325,0.96875,0.9921875,0.16932022948045578,96.63245392482999,0.16932022948045578,13.265533289980452,0.1273703348678763,10.985105347089851,0.1273703348678763,1.702738934273471
episode_000005_000026,episode_000005,26,grasp_close,5,0.012175713479770011,0.003177028149936986,0.0009085093909592437,0.01171875,0.004223551439567138,0.012175713479770011,0.0011677891815472905,0.004344403142464841,0.999740643720911,0.9765625,0.98828125,0.16694659185804073,95.29248347124496,0.16694659185804073,13.201793455836437,0.12475858581887123,10.59686654417116,0.12475858581887123,1.6863925184934756
episode_000005_000027,episode_000005,27,grasp_close,5,0.004280724554698559,0.004203252223192565,0.0008107240353079092,0.0,0.003077409192524118,0.005440389994455461,0.000524503321822463,0.004726706894042433,0.9982223128975116,0.98828125,0.98828125,0.17522157045228248,97.69760871290688,0.17522157045228248,13.313046957626813,0.1255115623922871,10.456273125540548,0.1255115623922871,1.7028859278210682
episode_000005_000028,episode_000005,28,grasp_close,5,0.002865863569859626,0.0028544051438289006,0.00025601811641302397,0.0,0.0019664839701815616,0.003909958269756863,0.0017723316569401115,0.004626295505943133,0.9998463853932558,0.98828125,0.98828125,0.1835460133476522,99.91000172230406,0.1835460133476522,13.460531182162697,0.1377765814833548,11.059470341631911,0.1377765814833548,1.7347351263950952
episode_000005_000029,episode_000005,29,grasp_close,5,0.004622732560143348,0.0024627930703530797,0.00021334843034418686,0.00390625,0.0021811364026402087,0.004622732560143348,0.0020231581124924617,0.004485779981145335,0.9999535427918033,0.9921875,0.98828125,0.18560741268077574,100.54057939362662,0.18560741268077574,13.48975063097476,0.14167227016724449,11.209269241982238,0.14167227016724449,1.7408870609511373
episode_000005_000030,episode_000005,30,grasp_close,5,0.004688049412554504,0.002583311959350304,0.00021334843034418686,0.00390625,0.002240550905277415,0.004688049412554504,0.0019630160743567228,0.0045459337127362436,0.9998858576979407,0.98828125,0.9921875,0.1852804523990894,100.97343014477782,0.1852804523990894,13.44909787128917,0.14107146453052544,11.32670421998143,0.14107146453052544,1.73792027990604
episode_000005_000031,episode_000005,31,grasp_close,5,0.004771961830407129,0.0027326384860848736,0.00021334843034418686,0.00390625,0.0022094567514479874,0.004771961830407129,0.0019540014399385087,0.004685683738499479,0.9997146673879412,0.98828125,0.9921875,0.18752112695523793,101.5917500915648,0.18752112695523793,13.481700647479707,0.14510933124998726,11.525019865667847,0.14510933124998726,1.7461130491284103
episode_000005_000032,episode_000005,32,grasp_close,5,0.0025614169342719336,0.002552516240583927,0.00021334843034418686,0.0,0.0017834000191938495,0.00390749229362023,0.001993121361567257,0.004545139675633931,0.9998597152604926,0.9921875,0.9921875,0.1862128087164533,101.54572864250831,0.1862128087164533,13.449728050076665,0.14255341796345444,11.452664764736456,0.14255341796345444,1.7406840722814159
episode_000005_000033,episode_000005,33,grasp_close,5,0.004751522969844371,0.0026930718881097468,0.00025601811641302397,0.00390625,0.002249595475252023,0.004751522969844371,0.001932875416732503,0.004625480115876559,0.9998592844247135,0.98828125,0.9921875,0.18534365745242998,100.81029161179355,0.18534365745242998,13.43859339225171,0.14237772166212292,11.355421175484231,0.14237772166212292,1.738691696149835
episode_000005_000034,episode_000005,34,grasp_close,5,0.002701509531217194,0.0026930718881097502,0.00021334843034418686,0.0,0.001835753260029175,0.003907483363904448,0.001973015577147339,0.0046656355917674575,0.999867813518372,0.98828125,0.98828125,0.180780725543783,99.33573887591577,0.180780725543783,13.391082078957828,0.1368644898729905,10.95727691519897,0.1368644898729905,1.723137008968152
episode_000005_000035,episode_000005,35,lift,5,0.002851666457649587,0.002843674389404212,0.00021334843034418686,0.0,0.0011439723394286205,0.002851666457649587,0.0018626088869972033,0.004705825990547917,0.9998516542263668,0.98828125,0.98828125,0.182363058495299,99.69002063997455,0.182363058495299,13.438209779127723,0.1406884483511719,11.183376521307904,0.1406884483511719,1.7358202143981778
episode_000005_000036,episode_000005,36,lift,5,0.004327410468980271,0.0018593688389377553,0.00010217546343086121,0.00390625,0.0018419523412605537,0.004327410468980271,0.0026663838990507852,0.004525170126203206,0.9999102324900768,0.9921875,0.98828125,0.1860788419056728,101.06314763289875,0.1860788419056728,13.476599916952066,0.14259394777852696,11.92571290125873,0.14259394777852696,1.7743071272049433
episode_000005_000037,episode_000005,37,lift,5,0.003932171738394515,0.00044260898012996524,8.533937213767466e-05,0.00390625,0.001790249217880666,0.003932171738394515,0.004705717455381505,0.004264181139182236,0.999976368252905,0.9921875,0.98828125,0.20545250706477658,104.87277098758157,0.20545250706477658,13.72542430069428,0.14702745815416585,12.476207748753826,0.14702745815416585,1.8078887333063878
episode_000005_000038,episode_000005,38,lift,5,0.004044866431508144,0.001044851932531166,0.0001021754634308593,0.00390625,0.0019300983523966846,0.004044866431508144,0.005890548920195494,0.004845731619294907,0.9999987323324628,0.9921875,0.98828125,0.22052529462032378,110.09035664601056,0.22052529462032378,14.095091597701252,0.15948289332803067,14.448713758831351,0.15948289332803067,1.9243012270730246
episode_000005_000039,episode_000005,39,lift,5,0.004145873364179921,0.0013668997481891664,0.0002471071988367219,0.00390625,0.0017354475907509106,0.004145873364179921,0.006853687154330127,0.0054890840748114175,0.9999166230804754,0.9921875,0.98828125,0.1839527912000859,98.29145498666436,0.1839527912000859,13.364825373717498,0.1263837265157539,12.02189309574855,0.1263837265157539,1.7944842064065287
episode_000005_000040,episode_000005,40,lift,5,0.007943652130480835,0.0014271336406790091,0.00017246011636026996,0.0078125,0.0021021561882422616,0.007943652130480835,0.005768959158925039,0.004342782534997864,0.999945502949754,0.9921875,0.984375,0.1825186553540925,97.56384703805278,0.1825186553540925,13.418569034648543,0.12442330875696772,12.149038771964873,0.12442330875696772,1.8061591752674477
episode_000005_000041,episode_000005,41,lift,5,0.007963659082866878,0.001528488088920883,0.0002200770323207242,0.0078125,0.004875998878606997,0.007992973537452814,0.005688255484201466,0.004160957724186124,0.9999231599741721,0.98828125,0.98046875,0.1777053986841095,94.05819908347787,0.1777053986841095,13.337825082265118,0.10727690722614358,10.699119280241677,0.10727690722614358,1.77370019769848
episode_000005_000042,episode_000005,42,lift,5,0.007959800581942025,0.001508175879883982,0.0002206231393593768,0.0078125,0.004843132307179284,0.007959800581942025,0.005728416223117369,0.00422120643932873,0.9999397631796956,0.98828125,0.98046875,0.1694288931429535,91.78961764114283,0.1694288931429535,13.177085657603216,0.09965761777158932,10.244030260225726,0.09965761777158932,1.7475320813889532
