heldout_episode,method,count,gap_to_sim_chunk_mean_l2_mean,gap_to_sim_chunk_mean_l2_std,gap_to_sim_chunk_mean_l2_p50,gap_to_sim_chunk_mean_l2_p90,gap_to_sim_chunk_max_l2_mean,gap_to_sim_chunk_max_l2_std,gap_to_sim_chunk_max_l2_p50,gap_to_sim_chunk_max_l2_p90,gap_to_sim_first_l2_mean,gap_to_sim_first_l2_std,gap_to_sim_first_l2_p50,gap_to_sim_first_l2_p90,gap_to_sim_first_translation_l2_mean,gap_to_sim_first_translation_l2_std,gap_to_sim_first_translation_l2_p50,gap_to_sim_first_translation_l2_p90,gap_to_sim_first_rotation_l2_mean,gap_to_sim_first_rotation_l2_std,gap_to_sim_first_rotation_l2_p50,gap_to_sim_first_rotation_l2_p90,gap_to_sim_first_gripper_abs_mean,gap_to_sim_first_gripper_abs_std,gap_to_sim_first_gripper_abs_p50,gap_to_sim_first_gripper_abs_p90,shift_norm_mean,shift_norm_std,shift_norm_p50,shift_norm_p90,repr_gap_reduction_ratio_mean,repr_gap_reduction_ratio_std,repr_gap_reduction_ratio_p50,repr_gap_reduction_ratio_p90,action_gap_reduction_mean,action_gap_reduction_std,action_gap_reduction_p50,action_gap_reduction_p90,action_gap_reduction_ratio_mean,action_gap_reduction_ratio_std,action_gap_reduction_ratio_p50,action_gap_reduction_ratio_p90,improved_count,worsened_count
episode_000001,global_mean,46,0.06069568527108072,0.06444339219429689,0.03436704556271279,0.17155345199214342,0.12388115916384267,0.12241127275987584,0.07478071468737083,0.34217520769243714,0.047801284577232865,0.06812206689670111,0.02034389470012007,0.1055213746712137,0.0028501054639070004,0.001767932918449075,0.0024048790495476294,0.00567293061027745,0.00174718860147526,0.0019797928411480785,0.0007701835384357766,0.0036911739669302068,0.04733613332854989,0.06831287105188491,0.020204201340675354,0.10541150718927383,128.49256147802748,2.842170943040401e-14,128.49256147802745,128.49256147802745,0.07996304800354172,0.0369414806553803,0.08999945943675305,0.1265667702758273,0.25508396267042427,0.26919265042025264,0.24971059007699808,0.6429222215532064,-0.6153298567072613,1.8111421985449339,0.5800688549290366,0.9647313288488555,28,18
episode_000001,no_correction,46,0.3157841017628767,0.29248650686857225,0.41578369461008097,0.7124799461945037,0.4254966986383477,0.3633303358278287,0.6122023672184554,0.8741044501656382,0.26081377151957313,0.2450259997141932,0.19511138189405478,0.6085356111002684,0.003958902143347159,0.0011545934106007732,0.0040714658384073624,0.005302733290243212,0.004934547133728439,0.004826120792925178,0.0028871622169628483,0.01082255768574953,0.2600050306190615,0.24575251944494392,0.19497518241405487,0.6084722578525543,0.0,0.0,0.0,0.0,0.0,0.0,0.0,0.0,-4.453821371684712e-06,0.00045484517658804735,-5.628912832318124e-06,0.0005621228668258454,-0.003303650186998821,0.02443967782099984,-0.00011604272339542194,0.006129886499271079,22,24
episode_000001,phase,46,0.06740092899416447,0.10776740263667123,0.018203208104109435,0.2583491042544937,0.12804297926965055,0.19540075555850106,0.029112796974823198,0.4750035376408075,0.028126297776748146,0.038128436693273565,0.010449940935882628,0.0917965774344224,0.0015560775112169554,0.0006486083178470716,0.0014673826915784726,0.0024636917594507294,0.0021480343380631817,0.0023857767353526052,0.0009399544577362942,0.005795925432672857,0.027519333145945617,0.038397976019347586,0.009993836632929742,0.09176715416833758,183.8772241659794,20.876304594360004,170.76791050622532,214.25543590218638,0.1548444292970043,0.07388659842096529,0.18679720360546553,0.22511637834878692,0.24837871894734057,0.2780349355556524,0.10133918923222007,0.7043687370911247,0.6055622270232895,0.2903528348512912,0.5835295903027763,0.9755554656430321,46,0
episode_000001,progress,46,0.06755863415721712,0.10110252614142741,0.02011829725668938,0.24554898765328512,0.1186385434014876,0.1717685542788598,0.030726771807696944,0.43539001633733726,0.04328462956393155,0.08068520601445035,0.011312877339773793,0.10052391004680988,0.001733460488098725,0.0007771422472049752,0.001515169118251847,0.002936501898924927,0.0018497734087995303,0.002147263903892525,0.0007190634613627394,0.005729332624868807,0.04267835723610757,0.08093564239835997,0.009919116215314716,0.10051018232479692,184.7276666539881,15.771693709182117,182.89245074095527,207.30170243566755,0.17333293797423716,0.0667458285069886,0.1917571547331583,0.24569029650236804,0.24822101378428793,0.28114653243162846,0.09291927039779138,0.7045171904795338,0.529367468474572,0.364933858484367,0.46592844474361894,0.9681679324724761,44,2
episode_000001,progress_phase,46,0.0486422802957965,0.07524653425896421,0.018120134901586864,0.16692494027567595,0.08766315101489976,0.13085061024695688,0.02910078909634127,0.2723317689000876,0.026319164201108584,0.033386471789767024,0.01126649854130038,0.07848296284528994,0.001510908745635893,0.0006834045405613868,0.0014967067707190819,0.0024201559389285896,0.002094715809683044,0.002331075326502456,0.0006690647746847475,0.006091322059708047,0.025646158868608916,0.0337202877300155,0.0098543981439434,0.07847424689680338,209.68432193742916,25.328125724608206,208.8987667594681,257.00175902015445,0.14995116643890624,0.09017634035889209,0.16645328446074398,0.24444875902123564,0.26713736764570856,0.2753082155742873,0.18411868690148026,0.7043072804740543,0.6471740284107391,0.2707149539975769,0.6342255521200493,0.9680237015773342,46,0
episode_000001,random_matched_norm,46,0.31309901870444184,0.2906612728801686,0.4052544289172887,0.7078643020742024,0.4223756522479016,0.3610049502517225,0.6092983319254257,0.8722578874536258,0.2593289051744984,0.24474853547357434,0.194004317138741,0.6125212132102236,0.003964158708228321,0.0011909130961931845,0.004140505428091069,0.00538422500271247,0.004955282017250348,0.004857438976760336,0.002934130964158034,0.01112921731345745,0.2585336575689523,0.2454554790953606,0.19382723420858383,0.6124774217605591,184.7276666539881,15.771693709182115,182.89245074095527,207.30170243566755,-0.21655808695273926,0.05279664465569816,-0.204845835863701,-0.16048352882026665,0.002680629237063179,0.005280846921481099,0.0003560648867113334,0.00841834991806159,-0.01084245916246903,0.03979641809149312,0.0037509111876010237,0.028028057826218988,27,19
episode_000001,shuffled_progress,46,0.07093696009514182,0.0795544260525107,0.03077810086025698,0.221091119894736,0.1382060819257541,0.14158400897255308,0.08229265123878579,0.39097108689958127,0.049211941851862215,0.06811769723851524,0.023206130148419817,0.08849980965071297,0.0026841898529006486,0.0017055528332021314,0.0021444716761037,0.00516200668771959,0.002168761637645559,0.002320927194800925,0.0010486162932002467,0.005090320830387204,0.048707865259569626,0.06833136720457858,0.022956904023885727,0.08838647603988647,133.84450662742222,6.071915653696652,133.38616220969695,141.61348818652476,0.05853622559708526,0.043215924413939066,0.04839777585189274,0.11422558476666375,0.2448426878463632,0.26619875407999866,0.17521362149038225,0.652122176937639,-0.48859125807317766,1.583239149273671,0.4048013039707371,0.9561081912534124,28,18
episode_000001,wrong_direction,46,0.45356379658299045,0.42156776726297046,0.5513994128666897,0.9645899226710096,0.5241920195238056,0.44601575284011796,0.8475151440018257,0.9726528332969169,0.5195601542188256,0.44188181616391264,0.8475151440018257,0.9681315147720803,0.006740712194907727,0.002159166457937046,0.007234823232516635,0.009070503384945998,0.007665295036566233,0.00764641521468824,0.0038376186902309662,0.01909893847684735,0.5184362375217936,0.44301110292873397,0.8474906086921692,0.9679304659366608,184.7276666539881,15.771693709182117,182.89245074095527,207.30170243566755,-0.5061734263360254,0.096088789342679,-0.49596750322283195,-0.41056532390090417,-0.13778414864148547,0.1716736571476267,-0.09505141576579651,-0.0011858989344480913,-0.41244808534644367,0.3302964190867474,-0.3711612207915657,-0.08367952999630432,0,46
episode_000002,global_mean,47,0.08999316655963407,0.09914717171695415,0.0571335007160396,0.21632944516154345,0.19907773095997666,0.19719312269871764,0.14822573815866913,0.4883889098393211,0.07943750146434803,0.13794543344580915,0.0300137601599179,0.21006989703495366,0.002527369854869771,0.0012382972533043508,0.0025630643595215817,0.0038476221973601653,0.0026086401811355278,0.002964053329559971,0.0011252082364186196,0.007583835972600477,0.07910654029036139,0.13805036376820573,0.029499411582946777,0.2100304245948789,128.26931936768932,5.684341886080802e-14,128.26931936768926,128.26931936768926,0.07966925446413219,0.03886149853862718,0.09090911217017289,0.11757882090750284,0.2540106349884036,0.3026142159561815,0.03252932485535115,0.666669167739474,-0.5670411669285274,1.6051970967754787,0.16059458960307144,0.9209848398591243,28,19
episode_000002,no_correction,47,0.34393092565943306,0.33748094947331697,0.2083777077381957,0.7896047975024482,0.4427180831861825,0.3952238106323771,0.3968227504753555,0.9163571537947841,0.25587339502393025,0.2507241705205204,0.23232852805532456,0.5834282215366525,0.003425057892823638,0.0014205941387604483,0.0031880470060273673,0.005325237173019837,0.004677044791451726,0.005570616395708347,0.0011637808821633206,0.014618564141498432,0.25504696178943553,0.251432288344134,0.2321602702140808,0.5833364486694336,0.0,0.0,0.0,0.0,0.0,0.0,0.0,0.0,7.287588860454607e-05,0.00042152674969287394,-5.4075010818999125e-05,0.000764981537539644,-0.010631562614453421,0.03009387514313181,-0.00010756469608209976,0.0038211326267459703,20,27
episode_000002,phase,47,0.05296019670150407,0.07961634555805316,0.013756016615504069,0.1481419310855233,0.11250841737261386,0.1705818466802469,0.021329688819768516,0.37293112235455905,0.03324009051018952,0.08415899939010106,0.004448773803035383,0.07306547850013845,0.0015280519271225039,0.0010270289726665846,0.001108811565635774,0.002947122451167575,0.002453052981565122,0.0026270516934453485,0.0009535783584271356,0.005919564441988699,0.032264700429414976,0.08444122986394534,0.004273593425750732,0.07274466885719444,181.64335665578608,20.449488465030317,169.3406004839739,214.2086335599193,0.16812275395817147,0.08776920583195343,0.19643074378189673,0.23807184036185275,0.29104360484653363,0.3402765249793362,0.07664664077119954,0.7595747594653891,0.5245338482498088,0.3954149019521936,0.4677822808568402,0.9809445818477576,45,2
episode_000002,progress,47,0.053679815560737656,0.08795828284076473,0.014072460220571764,0.15835590657265744,0.12308503983451236,0.19248798389983474,0.02257192214196552,0.4091011203608237,0.054655542465542134,0.1544551968565322,0.0034660798678312404,0.06716824264128596,0.0018283822780769286,0.0015457263598926201,0.0011461112821748972,0.0038160183780402254,0.0017091007781891013,0.0019351027048652913,0.0009379862173058941,0.004546364070573922,0.05386503025929027,0.15469258797264882,0.0029111551120877266,0.06698308736085888,182.82933331707926,14.15611980985987,182.48186239952875,202.34421512299917,0.1861890624356622,0.07795511367899806,0.21023681827435625,0.24472163066358443,0.2903239859873001,0.34803193596114823,0.025182400758292423,0.7728247421153698,0.542851534600016,0.3824100103209694,0.4364646985676266,0.9823040477919588,46,1
episode_000002,progress_phase,47,0.04782414175187199,0.07143751976061558,0.013200599833487769,0.16243667109897486,0.1164736961728896,0.18379649648716828,0.021290548423046042,0.4188729896533193,0.044930181399316,0.11908895979781749,0.004470568333082457,0.07286634240796964,0.0017425710592078249,0.001439971232568078,0.001271167563432892,0.0038960123866275125,0.00188186599553104,0.0020769896140590146,0.0012252034637894173,0.0051311556524810086,0.044146597800290885,0.11932734000400716,0.0035492777824401855,0.07255049813538786,208.58275608932746,24.66406150971874,202.1141479734606,240.39712725706755,0.1653785681642574,0.10982866086994851,0.1953426369344616,0.2656736801481325,0.2961796597961658,0.3430893293460804,0.09505732504807589,0.7730180415716525,0.5884840418634691,0.3601704540827305,0.5891923026078714,0.9843967261925466,45,2
episode_000002,random_matched_norm,47,0.3416077969498609,0.3364077916132997,0.20746764183787786,0.7912331683108451,0.43964565176213294,0.39464854144811273,0.39494488049954457,0.9177635197871612,0.25436155281150713,0.24874137237904334,0.22129188051507123,0.5799054689659028,0.0034122090091468836,0.001426904326615403,0.0031845304892626266,0.005324162719543506,0.004704971429605382,0.005593267957151508,0.0016158143410028739,0.014287408929467945,0.2536193037286718,0.24936362611455876,0.22111965715885162,0.5798070073127746,182.82933331707926,14.156119809859868,182.48186239952878,202.34421512299917,-0.2021938890003537,0.039911056765337405,-0.19649263024205543,-0.15816172101908205,0.0023960045981768,0.005405664924662476,1.0271634807438451e-05,0.010521844672721563,-0.016765822467792055,0.05182363439276497,0.0006381230463035311,0.030933416551463193,24,23
episode_000002,shuffled_progress,47,0.09556434061220474,0.09791290552491907,0.057533123210958804,0.21484944600574649,0.2088182206484566,0.19766385537366749,0.13284273523406062,0.4571515382276668,0.08305103747606843,0.14066380449618046,0.03725993583346445,0.18641152072163253,0.0026852434640067696,0.001456565575685095,0.002764746573031642,0.004260459301718905,0.002698484819317422,0.003171886346396208,0.0013325426491194582,0.008231338522881472,0.08276744872490142,0.14073611957742055,0.03680109977722168,0.1863642960786817,132.69734135551258,3.6303551926053923,132.91849556387393,136.6946220943414,0.05821155073482876,0.045376699489478166,0.0607227865776169,0.11305220866726927,0.24843946093583302,0.2960097113156011,0.03702561273430233,0.6542114393191324,-0.7834062213706385,1.934887524916334,0.1883817111631945,0.9008072521813459,28,19
episode_000002,wrong_direction,47,0.5061518333867128,0.4417269591893675,0.6510378412980566,0.9775464434040199,0.5572873282901519,0.44967008083382454,0.8798635433123354,0.9844228857490493,0.5416301902358118,0.43974865038694183,0.7981028988152696,0.9687022300688287,0.006192631671376291,0.002304118444638032,0.006012173175737076,0.009109227226322757,0.006940828579648344,0.007811573326714929,0.0022216240551980342,0.021338268838802847,0.5405368424476461,0.44091859455086724,0.7980793118476868,0.9685402274131775,182.82933331707926,14.15611980985987,182.48186239952875,202.34421512299917,-0.49003823448865474,0.07661053486338151,-0.45734270983199227,-0.41223029280740364,-0.16214803183867502,0.1947553060874209,-0.11480936835914779,-0.0014752138590574668,-0.7091866561867293,0.9220553655071987,-0.396926424447321,-0.11971032036280416,0,47
episode_000003,global_mean,44,0.22082623108674965,0.20493022835317892,0.1963814597699136,0.4811225275815741,0.36458005216260153,0.305285981946146,0.4627486025913397,0.7661029938008604,0.18470916597391185,0.17753622043832834,0.12549934954220504,0.46196447881951874,0.004008468754442798,0.0021409207348893565,0.003909882952444927,0.0073133544457271065,0.003377163148486333,0.004461948743813825,0.0006266816716916834,0.010843613000942524,0.18446269326589324,0.17764609417188287,0.12514010816812515,0.4619041860103608,122.21090963033662,0.0,122.21090963033662,122.21090963033662,0.11437193892382563,0.040293334137617445,0.11619438214385147,0.15594403782082925,0.20409364815603873,0.21910917666548826,0.1853383148963118,0.5187814042772299,-0.645324386292589,1.5338090466373755,0.3156411970274929,0.6285971617281428,26,18
episode_000003,no_correction,44,0.42490468758155286,0.38929070415964323,0.5826249436773976,0.8722576116037616,0.4970192998652245,0.4307445900028835,0.8026112159342418,0.9343956575106994,0.41454917652554973,0.36367340493700545,0.5340869744857111,0.8553852933805816,0.004778503747629475,0.0023935705828494374,0.004720876480362629,0.008190629984467799,0.006256370672588191,0.007041072575764406,0.0024822287386138567,0.017489380112326668,0.4139657101847909,0.36417643231334595,0.5338754951953888,0.8553328454494477,0.0,0.0,0.0,0.0,0.0,0.0,0.0,0.0,1.5191661235445612e-05,0.00041637316331445017,-0.00011524807020079036,0.0005494929236428692,-0.020725680081364193,0.05459166883199921,-0.0002736907541691327,0.0016490929063494508,20,24
episode_000003,phase,44,0.0876221210234816,0.09277063922822555,0.05294145557283141,0.23493874782847732,0.1776560241997144,0.17619040524018317,0.11820787491318932,0.42961348308696334,0.03490941739332387,0.0414482267662385,0.017616502636577235,0.09233325922886852,0.002039748879032471,0.0011869966621825935,0.0018618212782398435,0.003858033659996031,0.0020117733420513643,0.0025425805284140187,0.0006745152725653388,0.006007752459810331,0.03435864295302467,0.04171360803076852,0.017498139292001724,0.09200487285852438,176.17117778331425,21.419756250880177,159.37087297210553,208.85536464475143,0.23138324769873958,0.06482958727200992,0.24459082015104638,0.3002222126151293,0.3372977582193068,0.3221237177994612,0.43762086399555605,0.7346881914192834,0.5970318316047993,0.30904441367577346,0.6523086931311716,0.8891082337073805,41,3
episode_000003,progress,44,0.09433987301434656,0.10133877580025732,0.05272375338815349,0.25817264790965117,0.17422659040105967,0.17404754586548712,0.14282813450117002,0.45052474160912187,0.05280290431517042,0.07975494584208549,0.015639713965803916,0.13765644306869346,0.0021998269840529465,0.0013601378962068815,0.0019500643583582208,0.004210689993206476,0.001605500488425049,0.0017952394782068564,0.0006969465678019758,0.003876117920379146,0.052320075179026884,0.07999448789256106,0.015312531031668186,0.13762603402137763,177.36470996852353,14.220455844665759,173.32540193115074,199.42147125862346,0.2545515624192775,0.06457032698290706,0.2685768771248068,0.3276522088775596,0.3305800062284418,0.33171280549555,0.3247628245347649,0.7449441657922169,0.4556937091248074,0.46067788803553816,0.575130066590103,0.9142407480273106,37,7
episode_000003,progress_phase,44,0.09064511454092504,0.12405822412271947,0.04171079844513555,0.2693459000709959,0.16134188472929106,0.18700945608586292,0.09046948215463214,0.46811501146226137,0.04947952233195105,0.0808478475077548,0.013327545674795863,0.190260416771774,0.0018907652785950348,0.0011775018289497234,0.0017207662755531225,0.0031018923350427195,0.0016692597788381545,0.0019468865872717307,0.000695940750167303,0.004854934979046727,0.04894190395928242,0.08110332492682854,0.013072614558041096,0.19024983644485483,197.92500221363625,24.27756760593454,194.0736139758346,232.55189648267904,0.2564472238709228,0.07161686691207747,0.2706847880655585,0.3312355576423375,0.3342747647018634,0.33765743651450825,0.2372537868054219,0.7471909424203071,0.5855072348870896,0.34173710312747785,0.6554989679781543,0.944595079528318,41,3
episode_000003,random_matched_norm,44,0.42296826226394485,0.3872857056929499,0.5813659990730274,0.8656797115184561,0.49652067217275886,0.4302301482499711,0.8027646500043433,0.9304371961262928,0.41131922980252045,0.36134735882363117,0.5109294014788299,0.8558820671828539,0.0047481372951332585,0.002364354971728006,0.004778976617600877,0.008038893992022442,0.006269581350697793,0.007088210263036224,0.002421051496989164,0.017591855921835497,0.41075827045874164,0.36182230504301977,0.5107210278511047,0.8557152092456818,177.36470996852353,14.220455844665752,173.32540193115074,199.42147125862343,-0.17571555431525698,0.0356843451414254,-0.1795534526336392,-0.13451033133725343,0.001951616978843534,0.0031503881397494894,0.0005260585347295135,0.00678796569534701,-0.030958256272270487,0.06827216126337511,0.0015298930215447992,0.009519321143232895,25,19
episode_000003,shuffled_progress,44,0.21297793707167426,0.1934193765292213,0.19977631788357986,0.464104246985146,0.3664061220568735,0.30437992802894326,0.48779892341503606,0.7351525857559519,0.1732700758319646,0.18230186173716967,0.11903248253795928,0.4815942241804274,0.00399418493043659,0.0020634723611493476,0.0040255506316723725,0.007083626470947275,0.003350014283939024,0.004357840310212665,0.0006356496988404944,0.010194167852945177,0.17301118136806923,0.1824094139400768,0.11876098066568375,0.48153642416000375,127.55885571233408,3.9105354669587555,127.0380977779334,134.6083915357807,0.11895958722153291,0.046458741415535396,0.12750251442608745,0.17318690581583415,0.21194194217111406,0.22995067031414884,0.13591844458474683,0.5251995072707621,-0.72731289610028,1.6972058975317637,0.22984057439549438,0.6483826673822088,26,18
episode_000003,wrong_direction,44,0.4723889334670723,0.43515778645612424,0.6150391654889372,0.9718387349849138,0.5352445799059725,0.4624002145562246,0.9074462247420952,0.9841857694390962,0.5314525530684637,0.4603687828969907,0.9074462247420952,0.9800719128848834,0.007175231328492558,0.003109409318123225,0.00697794005411912,0.011358380435369974,0.00814529987630836,0.00920602214918124,0.002820696294945105,0.023176403391004536,0.5304146788337014,0.46133420833705224,0.9074098765850067,0.979902160167694,177.36470996852353,14.220455844665759,173.32540193115074,199.42147125862346,-0.4836583042211005,0.07505124356929828,-0.47670874561273735,-0.39261682630556755,-0.04746905422428389,0.05662151034841709,-0.032007758596963254,-0.0013529772141748948,-0.24769969133596045,0.25604214058292196,-0.12904251408900883,-0.05109528167468906,2,42
episode_000004,global_mean,45,0.058485476058294704,0.07698402887241738,0.023257424324285854,0.15826331841404684,0.14441929647041857,0.1702849182348346,0.06321131464110617,0.36822558574858943,0.06663442465890879,0.1074305031623445,0.029636899382440008,0.13330334488482912,0.0029271530870369753,0.0010055818185571892,0.0026313259129615353,0.004394411198429038,0.003024536838010708,0.003157215720935303,0.0014515579490390787,0.007933876978304272,0.06603208358089128,0.10766860379480513,0.029383182525634766,0.13325257301330573,129.82400540508723,2.842170943040401e-14,129.8240054050872,129.8240054050872,0.0750377823366546,0.03126231315166031,0.0798801876076342,0.11793010813256849,0.27581112005221947,0.2985087552212638,0.17355512753515964,0.705335110975896,-1.1069251754082194,2.505400765376068,0.6160580839678981,0.9710969297198077,27,18
episode_000004,no_correction,45,0.334300264176409,0.31579331285512774,0.3391642309243167,0.7486956418268766,0.4595408321760216,0.3895141923916919,0.5579365002011952,0.9112840914196326,0.23754983285854558,0.22609781939119428,0.19531765590400987,0.5266196424789026,0.0038798280657560825,0.0010161311226190924,0.0036994652856307494,0.005038878125453342,0.005806071774062983,0.0064959846603811905,0.0015275641246104157,0.015348681922354194,0.23704654177029927,0.226422371211164,0.19521164894104004,0.5265362024307251,0.0,0.0,0.0,0.0,0.0,0.0,0.0,0.0,-3.668065894857247e-06,0.0004617506204684142,-6.776277648008148e-05,0.000684357460242424,-0.015867096955773694,0.0368568293077441,-0.0005326351697197201,0.0020537242165008006,18,27
episode_000004,phase,45,0.02977836497003126,0.0400542083150267,0.012201640351993538,0.08961524919882508,0.07883879386329179,0.10896408728386726,0.025653359934194337,0.2551368386066516,0.02189297265742563,0.05755026001359122,0.004696687414640121,0.022931972740299834,0.0011566180546440158,0.0009105004078374949,0.0008368316686690713,0.0022639383423467686,0.0013822376913702826,0.001458346153318992,0.0009223544624228483,0.003165939464189152,0.021218397683050068,0.05774868092276508,0.003835518378764391,0.02291910648345948,184.05726359332328,20.49789586106564,170.3152649546203,214.26747901486291,0.1665316930343769,0.07579659710667107,0.19235240167501888,0.250164863032931,0.3045182311404829,0.3077082386575808,0.19567062312570072,0.7302030749053782,0.6342396185412995,0.36876413778834277,0.6214232044982057,0.9829083039936073,41,4
episode_000004,progress,45,0.035088978229599097,0.05604488526933931,0.013119764670751256,0.09621475039997378,0.08224046232147883,0.11777687831605572,0.023038984866260676,0.2416205812947203,0.03999629102813906,0.10006540491111154,0.0051893079921163585,0.13543361632935846,0.0014935995346382442,0.0011419548852020134,0.0012896818851562564,0.0029691162193006444,0.001087249114800241,0.0012076836226472016,0.0005384777295513721,0.002925900244754599,0.039407624345686704,0.10026790208517278,0.004528568126261234,0.13540365993976608,185.77353838468335,15.691890668692215,181.42334989257733,208.12056801397387,0.18115599406230792,0.060409601763126076,0.18583957708676052,0.27305335327699193,0.299207617880915,0.3146542188859315,0.16704220693570718,0.7281166411749781,0.49256110003505316,0.5389493712768259,0.6112886791206382,0.9819466590803434,38,7
episode_000004,progress_phase,45,0.02684185718630999,0.04685595980208717,0.011073084247573278,0.061715824016063923,0.06581276467142678,0.10703161373998547,0.020222175092524764,0.19931037073191415,0.025934780436122563,0.07268718957530551,0.004951324161540187,0.017213162887549857,0.001268590124219473,0.0011802133474670873,0.0006739167002478364,0.002969634127150305,0.0010070597665770076,0.00108009659570981,0.0005694652572018641,0.0028653223395179814,0.025306229013949633,0.07287284909512934,0.004464425379410386,0.01695859432220459,207.46763438455844,24.172276959926013,213.41817781525597,245.00852163689683,0.1651032979633183,0.08565940347682673,0.17475769187700047,0.25922493569211535,0.30745473892420416,0.314956130447495,0.20166661518929863,0.7288524346967777,0.5906358711568911,0.4628999952339772,0.8430179596681682,0.9825682734348388,39,6
episode_000004,random_matched_norm,45,0.33057091463569904,0.3123546531501236,0.3401843956991383,0.7455896977876083,0.4558401900048342,0.387464974957706,0.5416453479429002,0.903585924687422,0.23269352875821675,0.2215752147496625,0.19257795422588803,0.5186421575979482,0.0038546539885255917,0.0009884646496458162,0.003649291195848908,0.0050153713587027075,0.005764087653960836,0.006479051938580759,0.0015451748323276038,0.015285935345284088,0.23219306766986847,0.2218945587506051,0.19249586760997772,0.5185406804084778,185.7735383846833,15.69189066869222,181.42334989257733,208.1205680139739,-0.2246887673654075,0.07684652887009029,-0.2091986925730791,-0.14999504379328676,0.003725681474815079,0.00685887843264571,0.0004213964147569138,0.012807198104037125,-0.03180218370012174,0.09716680282918343,0.002078798009040937,0.029298193753687793,26,19
episode_000004,shuffled_progress,45,0.0477382740026657,0.06699067478375495,0.015722656555952307,0.11763477252441357,0.11907446449048839,0.16013744755519674,0.0310942568311757,0.3272266281455323,0.051734942891453854,0.0986929192764423,0.017997097517919353,0.1216855759707053,0.0024351119358114997,0.0009460679449808127,0.0021712061363048972,0.0038930212222795897,0.002683747608792125,0.0026588914871497667,0.0015617288199643855,0.006924966286859274,0.050918699376698996,0.09901002810427394,0.016384223476052284,0.12161361575126652,135.2998440220317,4.135116003747462,135.3950362680387,139.87691424543917,0.09831361166483342,0.05172819830567417,0.10093939494119143,0.16803624812710458,0.28655832210784854,0.3056254568784412,0.17290205101282163,0.7182943138009916,-0.5160045089380573,1.867718836486596,0.6488491727147565,0.9821024009657747,27,18
episode_000004,wrong_direction,45,0.5006751103763553,0.45040541914794674,0.605651650470123,0.9753335627591168,0.5495336288655833,0.45448324896938513,0.8984803856725585,0.9813026303741479,0.5358832830073499,0.44306664517316025,0.8168298202452539,0.9689634700978996,0.006685655374043175,0.002190224637965361,0.006543495858954296,0.009449328649358544,0.008361174469068335,0.009428258627354615,0.0019037263398025185,0.022584150018133686,0.535094776418474,0.4437839890649574,0.816795825958252,0.9686711311340332,185.77353838468335,15.691890668692215,181.42334989257733,208.12056801397387,-0.5216234309498572,0.1427487286124935,-0.48908021112460776,-0.3864854922720028,-0.16637851426584113,0.19310179776873038,-0.06345034124715965,-0.0011261680848221255,-0.522163480454671,0.5070027302217258,-0.3600755715263393,-0.0984178434433318,2,43
episode_000005,global_mean,43,0.20704556870432356,0.23507309094504955,0.06322387488870478,0.5720248602752556,0.3144166788235721,0.31899330473200255,0.15003282371513052,0.7624229452309312,0.20361046846573427,0.21323551682289235,0.09025908884894732,0.44652645378749484,0.004361594175802231,0.00239342072135471,0.003967886156771648,0.007046594882658725,0.005471491627793258,0.00594003851862095,0.0016400898787597262,0.014289926438301449,0.20314538894697678,0.21346799808965225,0.0893523320555687,0.44624807238578795,128.5717877249109,2.842170943040401e-14,128.57178772491093,128.57178772491093,0.07019357268036513,0.03787298665552571,0.08171417015837391,0.09898004683383245,0.2319102482522863,0.2637894547307835,0.1539751122058004,0.6590560419110607,-0.8243443246132589,1.7673144781037087,0.19968029681404295,0.8952366197843958,27,16
episode_000005,no_correction,43,0.43895282736578406,0.4037798272114848,0.5390252332928213,0.905072595271152,0.500323624810012,0.43408295584664847,0.7735004893402612,0.9371252097239409,0.42288653032295864,0.3742128049549507,0.5124259229487651,0.8540461115235737,0.0047844795070582135,0.0025628377075874414,0.005131165767323033,0.007820582890459733,0.008055006243351825,0.008607067210702217,0.0028058638984537624,0.0205095770609703,0.4223770083383072,0.3745630516150856,0.5120659470558167,0.8539084672927857,0.0,0.0,0.0,0.0,0.0,0.0,0.0,0.0,2.9895908258172117e-06,0.00042543993070607694,-4.884793665227427e-06,0.0004135007555666093,-0.02679561116303969,0.12610739825381795,-6.7533724373746624e-06,0.06043449007897321,21,22
episode_000005,phase,43,0.09810393889291268,0.12884671884807444,0.015005886958464245,0.31612291133220216,0.1829334405266202,0.23930793775475273,0.026172292571062124,0.5986787798503358,0.054194836358216356,0.09517804549361496,0.012528810778715621,0.15492852409579072,0.0025185895649665908,0.0015808385445983178,0.0024105845205475243,0.0050508360334845575,0.003119512272877707,0.00340985192681636,0.0013364941560916376,0.008053648550166922,0.05332737238427927,0.0955088016655146,0.0114976167678833,0.154852178692818,185.50624219752666,25.164801074480383,170.70707380274538,225.64684087113426,0.1214421918798075,0.06984719285688142,0.14355574232079757,0.1974217049083234,0.3408518780636972,0.3359552578034426,0.4568485128429085,0.8039886278853533,0.22943444377360028,0.7046681202079316,0.5875596333683893,0.9772247087488825,27,16
episode_000005,progress,43,0.11424499021628619,0.16453124701079963,0.015449730278450957,0.41073121437460036,0.1902535019061372,0.2549570503582195,0.028506041759817198,0.6282359754527554,0.06801975583919394,0.1247550253204879,0.014758232241278662,0.26526564396098484,0.002615146876698774,0.0015187247657208643,0.002553055954088645,0.005133367793961144,0.0027989544222219373,0.0030577239930993623,0.0020171317686639503,0.0071893485539253205,0.06724292297609323,0.12507023425577307,0.01297621987760067,0.265225329995156,187.47030637958633,19.652830658734608,182.0558270412409,216.60856701780747,0.1281490266137438,0.07814077442457402,0.14674659336510104,0.21515636005741656,0.32471082674032375,0.34124251614918555,0.30541787789121155,0.8277475812759143,-0.019621347443701795,0.9543473640083986,0.3771704758271648,0.9795685801621038,25,18
episode_000005,progress_phase,43,0.09836996974173806,0.1469774456926057,0.014370028832641695,0.30604306840372314,0.16948013371334628,0.2272696811837155,0.02579241810487185,0.5474653553806074,0.054127238392214776,0.11158295232773158,0.01145791959398706,0.13909635980329452,0.002322355421837851,0.0013688218854709675,0.001949535135926173,0.004213361124055324,0.0027329542012009735,0.0030671307728053613,0.0015286664065426855,0.006979845992986654,0.0533321819073239,0.11185726718117936,0.010696947574615479,0.13907850980758676,211.70052525650016,26.824612884528666,210.60978812388964,242.23512428058035,0.11858706317835256,0.08756988996536481,0.12750346128809,0.21723846346583212,0.34058584721487184,0.34755379872543535,0.2516844826984228,0.8289834946400947,0.1765904267485808,0.7983072978731389,0.5153383682182575,0.9786265389303355,27,16
episode_000005,random_matched_norm,43,0.43606984700574447,0.40117275982836154,0.5364941234115936,0.8956274199114372,0.4992587828894555,0.43325662211951066,0.7688046783499898,0.9387708238952267,0.4171233292169887,0.36939993089973644,0.47997441074045233,0.8462470742543694,0.004762532843543846,0.0024994588580037015,0.0049892993953357554,0.007942296054452985,0.008060333486834142,0.008601797455635822,0.0028730863356044656,0.02008721672351296,0.4166001691374668,0.36976288468608237,0.47960713505744934,0.846146059036255,187.47030637958633,19.652830658734604,182.0558270412409,216.6085670178075,-0.21694431535289202,0.07591660321242454,-0.20508565238508486,-0.1272764344018182,0.002885969950865364,0.0061349994211612885,0.00023009026788497252,0.008744844099890759,-0.048865317773981135,0.15678307999011007,0.002688952387236897,0.041415618567954955,27,16
episode_000005,shuffled_progress,43,0.23710716843134957,0.25532724318895716,0.09735942767005233,0.6185492417040502,0.341354842798323,0.3313816270823061,0.19802910269829294,0.8073356256618989,0.2394686140825038,0.23004826349727892,0.12645992533044406,0.5394681483074566,0.004851121788965212,0.0025380630060515934,0.004043983497352479,0.008494145085651017,0.005860599847635409,0.006321801011925993,0.00196739237849571,0.01540143039961895,0.23905402751162994,0.23025269955884314,0.1257854402065277,0.5393086671829225,132.55657763093092,5.387000420995896,131.61887981335704,139.46045666140134,0.0397767655426492,0.04175194346862398,0.052651336833111004,0.07974634836961064,0.20184864852526027,0.2330810794575533,0.18875314014359434,0.615635484016174,-1.2891885238061684,2.3079324706187068,0.24336248409600772,0.8206820461291144,27,16
episode_000005,wrong_direction,43,0.4936466845459066,0.45320212338395877,0.6307979094796771,0.9767203131915106,0.540290348221746,0.4683418000899057,0.9303365658029938,0.98689310868475,0.5380783187493774,0.4674079004992678,0.9303365658029938,0.986444302005268,0.007043680216831092,0.0034625751375840503,0.0085482625846122,0.01116656114245528,0.009748794780901978,0.01043493935017054,0.002805161646435115,0.024310573024605802,0.5370232157928999,0.4683363731766306,0.9302825331687927,0.9860679984092713,187.47030637958633,19.652830658734608,182.0558270412409,216.60856701780747,-0.4824489822434762,0.10643407765980573,-0.4736463450597653,-0.3655884672053161,-0.054690867589296845,0.07408949475727199,-0.03159741667974936,-0.0005813575035114223,-0.26314413012051147,0.3056290365593647,-0.14577372797218704,-0.03512966542010325,3,40
