condition,planner_phase,count,action_chunk_mean_l2_mean,action_chunk_mean_l2_median,translation_l2_mean,translation_l2_median,rotation_l2_mean,rotation_l2_median,gripper_gap_mean,gripper_gap_median,hidden_l2_mean,hidden_l2_median,vision_pooled_l2_mean,vision_pooled_l2_median,projector_pooled_l2_mean,projector_pooled_l2_median
P0_current_paired_image,alignment,85,0.7127093049575082,0.7519542443252163,0.004867552659498002,0.004717507634453666,0.012389131771933178,0.011436421655361066,0.5313571705537684,0.54400634765625,271.07537835210525,267.93160985326267,71.38648110579983,70.43670591698621,8.417787261941394,7.866685327444045
P0_current_paired_image,descent_to_grasp,40,0.38832408663064183,0.3544068323110383,0.00402372658738092,0.0034249475869755326,0.0023962938176443852,0.0012348548712822044,0.5242835998535156,0.4931640625,302.84304290558725,309.4713732153378,92.40362485024386,93.43236655986236,11.565215787960796,11.496514753477495
P0_current_paired_image,grasp_close,50,0.0044189776570289505,0.003383313108833143,0.003803176152262524,0.0035557967729963665,0.00043879958302874873,0.00044987343800734203,0.0096875,0.00390625,282.49161356714643,286.7861526920007,99.88988564347326,99.43608162759,12.025217231119292,11.847278346264343
P0_current_paired_image,hold,10,0.6839454607465955,0.735888420806405,0.004465281484177375,0.004816902636863474,0.014965274793366432,0.01594347604816492,0.4165771484375,0.45599365234375,265.6796699769466,258.93553135309656,61.08794735509106,61.14893814582048,6.519758856262749,6.483801377077217
P0_current_paired_image,lift,40,0.0030528899850139797,0.0028994824922274195,0.0031480919859148805,0.0032960058240455213,0.00024214253110222675,0.00021994421773270843,0.0041015625,0.00390625,262.6941022285393,262.0678383061701,94.69630338347412,97.2692324042356,11.513848515289103,11.879787338837259
P1_resize_224_direct,alignment,85,0.7075003468635587,0.747090000325629,0.004824278158146129,0.0047949818591421015,0.012280379406429289,0.011705569413096932,0.519538969152114,0.534454345703125,269.8770546484495,265.9574019096489,70.52171811924492,69.14011218049323,8.401196359156513,7.807715981061355
P1_resize_224_direct,descent_to_grasp,40,0.3923831352085999,0.3627858330625953,0.003998896505940317,0.003549156012105669,0.0023843302089684134,0.0011904238062979784,0.521563720703125,0.482421875,302.66027041441254,305.4325219085355,93.19756977018244,93.95776269073133,11.77814628643882,11.906490170885455
P1_resize_224_direct,grasp_close,50,0.004720784390052587,0.003491110344977153,0.00403180134505113,0.0037755067242103723,0.0003856222461291524,0.0003670333057211564,0.0109375,0.00390625,284.273649124473,288.7258090601774,101.61876442872257,102.60175650781336,12.228211143712326,11.983277609926134
P1_resize_224_direct,hold,10,0.6880235439013862,0.7413168600490861,0.004465305684637108,0.00484981982437604,0.015157487289255658,0.01571733568002104,0.419720458984375,0.4605712890625,266.4756896359235,258.9043962615047,60.497246496256274,60.28127380795533,6.54229575264848,6.530291644187623
P1_resize_224_direct,lift,40,0.0033185738852389637,0.003138499048658128,0.00327885006312511,0.0035460230978770243,0.00021394907669638214,0.00020522116119410798,0.00439453125,0.00390625,263.8050547877967,261.6609914232414,95.50899731454703,97.50771884705952,11.592520821924783,11.714563131528445
P2_center_crop_square_resize_224,alignment,85,0.27264385380841094,0.25811167103095756,0.0024271212712083383,0.0023263291807129887,0.005112219172786024,0.004457135061571333,0.10784373563878677,0.052734375,241.46180681156784,237.73850036152893,79.19591399336808,79.1038019069202,9.271158237314859,9.247680102335412
P2_center_crop_square_resize_224,descent_to_grasp,40,0.17999733527690187,0.16552583488935496,0.002400049310342777,0.002306278906505182,0.0012282712646353108,0.0008457558941280777,0.2237335205078125,0.2239990234375,269.5656173852393,270.2514106414641,91.21933209979069,91.42697069178624,11.65472644627138,11.549389584082277
P2_center_crop_square_resize_224,grasp_close,50,0.017074143530611128,0.013653957248893508,0.0004988333077900843,0.0003743743141038518,0.00027979536860746107,0.00028544083227898724,0.0690625,0.052734375,236.17502824760072,236.2337028646378,91.36821536500202,91.45346461646525,11.905833185549902,11.991514801705264
P2_center_crop_square_resize_224,hold,10,0.17679229136084298,0.1285594306329197,0.0018100707753395107,0.00121209621703139,0.005175111783102863,0.00399829960265377,0.044207763671875,0.01800537109375,224.16672413692172,221.88821907161338,72.06096344051056,72.34034759959283,7.5674084432930515,7.664256870262021
P2_center_crop_square_resize_224,lift,40,0.014296467746846486,0.010978142419261719,0.0008993215193862421,0.000777495236048711,0.0002761791598791461,0.00024086724624046074,0.05439453125,0.044921875,244.7365479275464,243.79194238746163,89.98857437432565,89.4737730062638,11.48212736122582,11.594894769928507
P3_center_crop_0p875_resize_224,alignment,85,0.356403308955238,0.3665337692765783,0.00283536842784908,0.002754204806033848,0.006504260052481856,0.0066306720047595484,0.14646750057444852,0.09912109375,259.5061416926218,259.4722050277292,81.23825918743306,82.22043067415052,9.882902414454897,9.640035804730566
P3_center_crop_0p875_resize_224,descent_to_grasp,40,0.18785808126695197,0.18188859301013588,0.0021272646504343668,0.0019307596343290517,0.0016370540221157775,0.001033316424378305,0.24802398681640625,0.2432861328125,266.744202701006,263.01336916606033,93.89556432921665,94.33256741454457,12.447149411494774,12.465843980871977
P3_center_crop_0p875_resize_224,grasp_close,50,0.012950914488891825,0.009682356881794498,0.0005418044215407583,0.000507335349902636,0.00030503340591490696,0.0002939714997103419,0.037421875,0.01953125,247.88265344805063,244.40177709153798,95.6007420876351,95.18969602206492,13.307764481035818,13.606958279177576
P3_center_crop_0p875_resize_224,hold,10,0.1670064728379041,0.08284301495663131,0.0017708084866640897,0.0017229744538370042,0.005882474895900507,0.005744560525195529,0.028753662109375,0.013214111328125,246.42052326449516,249.6149175772451,68.40447346187268,68.49293568818487,7.648046916295786,7.536835941668453
P3_center_crop_0p875_resize_224,lift,40,0.012251012590486495,0.009845185753571035,0.0005151160318043523,0.0005024465871595746,0.00032591318608621734,0.0003444899116489867,0.03369140625,0.0234375,253.97715120317775,258.48625819796735,92.95257233514194,91.95430720984461,12.90753616191274,12.719168594725701
P4_letterbox_224,alignment,85,0.05630341594333472,0.02404186388644211,0.0013818998480252362,0.001187671483946387,0.0034692641657778724,0.0031757793422928808,0.02156641343060662,0.0146484375,167.4918237009058,169.5043668554353,53.67636433820151,52.78869798151672,5.7983582047970215,5.554911461652652
P4_letterbox_224,descent_to_grasp,40,0.3012596852020216,0.337432981088013,0.002471687793011642,0.002394077640105888,0.0033131332774691,0.0025179530294271004,0.3382575988769531,0.3436279296875,215.9770251534109,213.10244146398284,71.97293196009896,72.48853324245309,7.897272525040014,8.131987552369669
P4_letterbox_224,grasp_close,50,0.06013189224780056,0.0663780726000199,0.00106068954306502,0.0009976808909745035,0.0003029667287382231,0.00030275309296817255,0.106640625,0.125,203.71589224915107,205.81073264875164,76.75096987344376,77.73699868410088,8.107996254839886,8.092008278975806
P4_letterbox_224,hold,10,0.03578690798431202,0.022681124841828753,0.0013403432952013357,0.001213257945864305,0.0046125600494493005,0.005102768738224043,0.019830322265625,0.017822265625,162.17033749435103,160.29434686073756,51.60117804893564,50.66870069441417,5.318638704556739,5.27191013105554
P4_letterbox_224,lift,40,0.06869547021224684,0.056049311361330775,0.0018062005479233846,0.001211051507953456,0.0006347297703491108,0.0004406408990810546,0.153271484375,0.095703125,193.2020436688731,189.0770382509387,71.8904445085186,72.45406140765715,7.269399542866249,7.348279470260881
P5_brightness_match_sim_to_real,alignment,85,0.7251804567643981,0.766256942436117,0.0050518688365099335,0.005022542703868998,0.013081402324218106,0.012577427142803592,0.5349512436810662,0.54583740234375,281.67348791258144,273.1329243261694,69.68774758952816,68.09252580180993,7.793613161599664,7.313280942716869
P5_brightness_match_sim_to_real,descent_to_grasp,40,0.39625474696986496,0.3729395628829001,0.00405749500567964,0.0034300388657049607,0.002665527558649781,0.0011164997706921461,0.5294486999511718,0.4814453125,301.67172753170223,307.5860249292616,93.81129609613467,95.74558975314037,11.051268409891966,11.254034663183095
P5_brightness_match_sim_to_real,grasp_close,50,0.004190105830372567,0.0032716138110259704,0.0035403739269846217,0.003127309254139115,0.00040707208202817063,0.00042018281568921405,0.00859375,0.00390625,280.4464745426376,283.6598671402984,102.3485746280066,102.62689555322184,11.475263843427099,11.420643889677775
P5_brightness_match_sim_to_real,hold,10,0.6943658671148295,0.7518217938912515,0.004833860811133456,0.005151804847877223,0.015781986823663562,0.01674962072154395,0.41990966796875,0.45703125,293.8112828647164,269.270148701449,59.2194014905196,59.43871787601919,5.896056974910039,5.8987540535538425
P5_brightness_match_sim_to_real,lift,40,0.003304264657906778,0.0030617118997438766,0.00307648912402862,0.003301066063867275,0.00024320524747653387,0.00023712176952508002,0.00439453125,0.00390625,260.8774124938555,259.0317872666303,96.50408936478213,99.00980252292393,10.93247248805383,11.193864317275294
P6_contrast_match_sim_to_real,alignment,85,0.7151477769938911,0.7543901132335948,0.00489602651002134,0.004856447822470604,0.012439940564487335,0.011690994302998229,0.532115083582261,0.5433349609375,271.2426465414098,269.32149004866585,71.39017548423321,70.55083902584649,8.405782917415777,7.894338627903733
P6_contrast_match_sim_to_real,descent_to_grasp,40,0.3903759892160245,0.35592085316177724,0.0040573837309469075,0.003432921991970446,0.0024019520285306862,0.0012376984247986493,0.5280426025390625,0.4931640625,302.95974791898715,310.543151215761,93.86117831560853,94.35670737942743,11.871044948945586,12.047485443038877
P6_contrast_match_sim_to_real,grasp_close,50,0.004416440572621439,0.0033175359410173608,0.0037505514117122858,0.0035028423060234634,0.0004341977710242148,0.00043705308261574884,0.009609375,0.00390625,281.18392570345674,285.23267365433196,102.17672357425693,100.48135018836788,12.424823984060277,12.319723788770867
P6_contrast_match_sim_to_real,hold,10,0.6851561912768651,0.7396353502155466,0.004467637523896671,0.004842533980569326,0.014970509067779622,0.01576142510921629,0.416748046875,0.455413818359375,264.4232119872968,258.1904611269814,61.051433421968724,60.67306720937709,6.505637016846096,6.5388006006288055
P6_contrast_match_sim_to_real,lift,40,0.0030719108059943483,0.002923844698532677,0.0030902178157941507,0.0031944355582074436,0.00023605998773279686,0.00022713634021343968,0.0041015625,0.00390625,262.0948310766977,260.95106948506884,95.8647272504066,97.7641043727891,11.697808816640963,11.956195390077731
