episode_id,planner_phase,count,vision_backbone_output_pooled_cosine_distance_mean,vision_backbone_output_pooled_cosine_distance_std,vision_backbone_output_pooled_cosine_distance_max,vision_backbone_output_pooled_l2_mean,vision_backbone_output_pooled_l2_std,vision_backbone_output_pooled_l2_max,vision_backbone_output_token_mean_l2_per_token_mean,vision_backbone_output_token_mean_l2_per_token_std,vision_backbone_output_token_mean_l2_per_token_max,projector_output_pooled_cosine_distance_mean,projector_output_pooled_cosine_distance_std,projector_output_pooled_cosine_distance_max,projector_output_pooled_l2_mean,projector_output_pooled_l2_std,projector_output_pooled_l2_max,projector_output_token_mean_l2_per_token_mean,projector_output_token_mean_l2_per_token_std,projector_output_token_mean_l2_per_token_max
episode_000001,alignment,18,0.09779954077662412,0.009178696223961624,0.1129758943626138,67.70824168448864,2.733379905703858,72.49550876817914,12.21471114878625,0.42545677875133725,12.780336548642683,0.04653154807577976,0.007676179895957452,0.06041127725309825,7.438079412490097,0.4618798365739682,8.374677193159533,1.7189087737160131,0.058605339954887016,1.8129068538447963
episode_000001,descent_to_grasp,8,0.13776901646544987,0.027225214728750235,0.1723092384613838,82.61336068919736,10.461909017198593,95.76575729408222,13.231689850468468,0.5278459357928245,13.888874931000675,0.08322823671304103,0.02761226914163047,0.11856909777429936,10.081653122400652,1.683277328637213,12.08352030760074,1.8175070374923292,0.04103600046709614,1.8649741995888705
episode_000001,grasp_close,10,0.1617673268466036,0.006758815006137865,0.1689928338045743,94.69274048918898,2.0179318626514413,96.86181273180259,12.92091916378351,0.03721616958098871,12.981311911639818,0.10855200973312576,0.003962080095822195,0.11300301381856559,11.742125374686564,0.14715215417243788,12.005525865450128,1.7620704751412537,0.008590180441841606,1.7725828777486392
episode_000001,hold,2,0.07814421068564487,0.0005128085980063424,0.07865701928365121,61.78165028611047,0.16561786093255648,61.947268147043026,11.344508317015617,0.022955049586893317,11.367463366602509,0.03394304311535079,0.00022714873336759922,0.03417019184871839,6.6914991227567056,0.010344360112881645,6.701843482869587,1.6140179096981888,0.0035584381229498696,1.6175763478211387
episode_000001,lift,8,0.1387350500063313,0.021605560392328246,0.167567686402458,84.9328237491282,8.766613586791115,96.61446378599766,12.809213278403437,0.19440102690603017,13.042216453055323,0.08091617034728196,0.02274222166741003,0.11208252857148215,9.70964665284099,1.837135493892658,11.958600958362156,1.7432256185987969,0.05359183819182362,1.8482934721419344
episode_000002,alignment,19,0.0970620113607761,0.012500864720189806,0.11193029588926928,69.90849845412704,4.665303456547303,75.10125614647617,11.938546667487346,0.4377063169172913,12.555822803815207,0.0453889844500825,0.007174864404744079,0.05495609139940372,8.02916907505833,1.1471704886612604,9.850025822611713,1.68783836128642,0.06415843612071569,1.7876797462743301
episode_000002,descent_to_grasp,8,0.16015597821800026,0.03230987678132748,0.20347051789170179,91.25280030712291,10.49946685227077,103.39963935804077,13.426200318128247,0.5697622171775286,14.04281742612061,0.0967176129707627,0.033694688581148095,0.1396074972764525,11.104422527490195,0.786940076369673,12.06868465779005,1.8012791797341312,0.021136634686542047,1.8332689817221572
episode_000002,grasp_close,10,0.17590646275703647,0.004101307742109121,0.1820193354342471,101.27468138199565,1.0904256135717971,102.87202657817211,13.250625835138903,0.025973292908051265,13.303516441240596,0.13193946726036657,0.0033796947228660005,0.13613843071113751,11.701603999471955,0.21519812760406326,12.023500798253023,1.708958122562058,0.009452348166040278,1.7213514302143404
episode_000002,hold,2,0.07149773925378877,7.08627466771139e-05,0.07156860200046589,59.650489379945654,0.03423746760106283,59.68472684754671,11.021938707350795,0.0038030610053354508,11.02574176835613,0.03196391634121548,7.661743949222144e-05,0.0320405337807077,6.195763143512206,0.02065749101439307,6.216420634526599,1.5525375120254392,0.0009514094754914382,1.5534889215009307
episode_000002,lift,8,0.15269562763647188,0.026673217968188983,0.1855084288594946,92.44646369285661,8.667579667290541,103.42257362202207,12.93029727200891,0.329391043371983,13.322154885684093,0.09162713548586011,0.03263322343132157,0.13935095379549,11.422082854269457,1.0896559253895606,13.38248817422528,1.7531446766390295,0.033697259748991966,1.8224738077318374
episode_000003,alignment,16,0.11009959538214688,0.02828892071574986,0.15369120006507286,71.73922200135443,8.590457356658316,85.48496205626917,12.25703797791352,0.6356696409319784,13.100963468127498,0.06034116386679696,0.024302875486668055,0.10031416428031947,8.593733841885314,1.5624604503128319,11.361731410992075,1.7277478877204584,0.07749762338662557,1.8314557888492864
episode_000003,descent_to_grasp,8,0.16935722171865025,0.014132939912722449,0.1888958455652403,92.64929030163717,6.248980744629376,99.48900147207979,13.332944027937465,0.3359695743894109,13.74704904830292,0.1197103075753696,0.01520081886635713,0.14127618102011286,12.30822581699905,0.8617848377498859,14.11835179932122,1.8302269260980333,0.039047025118409434,1.9092705771460545
episode_000003,grasp_close,10,0.16611067857034983,0.006680424878096006,0.17162541603828596,97.0929379183122,2.0306415288704893,98.82274336087592,13.139869720072834,0.08956923173950518,13.219230859981542,0.12712893666707076,0.0037790504048294633,0.13123769939669694,12.426054007988993,0.17363060128033128,12.69507587107957,1.7900254230674046,0.015305333992951649,1.8076534172007275
episode_000003,hold,2,0.07531354005018259,0.0008433986525503978,0.07615693870273299,61.332248825428415,0.35921422494296706,61.69146305037138,11.148143002495328,0.010655648028488507,11.158798650523815,0.031140553130616644,0.00020499295205816948,0.03134554608267481,6.484697183095494,0.03458740222612544,6.5192845853216195,1.573818045997804,0.0007826866239413199,1.5746007326217453
episode_000003,lift,8,0.18324190157210435,0.015245094353306177,0.20501500518880622,101.06696334291512,4.319008150977056,107.30578917917983,13.419197205986537,0.3246177962089823,13.828347140454188,0.12533544739782915,0.005808920111638958,0.1341317440110511,12.72387924349245,0.4932654329113711,13.757224363791268,1.816550581332831,0.028539497808572366,1.856763642750539
episode_000004,alignment,17,0.1110433587900101,0.021865029953146237,0.1435962097118041,73.11711495922397,6.782834238518819,81.29909726382802,12.333786343279877,0.6513797671678864,13.104625581125536,0.06392724968743835,0.022246305414037805,0.10193770649950262,8.732450067460995,1.4155639676783662,10.768966290178302,1.7250299556786126,0.08839695053421685,1.8292031186388884
episode_000004,descent_to_grasp,8,0.19032120090010834,0.028210424041083558,0.226060282750428,98.95811442203143,11.00264222145423,109.1983696439013,13.78666017416695,0.5399574539501121,14.332152527464553,0.1407845963794696,0.025192144210888497,0.16322855676884196,12.253365205732546,1.2935701017759877,13.936798719297874,1.8416687435701946,0.03913709415820585,1.9149267185347927
episode_000004,grasp_close,10,0.1915876420282773,0.006581423319759256,0.19760632435234748,107.20956545560543,1.9885530740026824,109.15413135432593,13.489181440778367,0.04510343801276784,13.545190170156804,0.16717853209028433,0.004838777157214905,0.1733091742880305,13.223280845681542,0.17107355326672782,13.442597390761524,1.788943590150212,0.008132512440649994,1.7973243386482576
episode_000004,hold,2,0.08168432152497923,0.0006659740233868061,0.08235029554836604,62.976944423846504,0.24303624132421575,63.21998066517072,11.1946684778251,0.02465133969925226,11.219319817524353,0.03848831513357537,0.0002662107055204088,0.03875452583909578,6.791207197260942,0.007705516269600032,6.798912713530542,1.5645045879599437,0.003186292767674237,1.567690880727618
episode_000004,lift,8,0.16588937885960026,0.020357247734216564,0.19460621458427807,95.51512075564311,9.397710623516113,108.43297725084332,13.034289796494203,0.36594602963901746,13.510038871043585,0.12252162641823706,0.027937383237483532,0.16968924989640555,11.892519300381062,1.2195610681546833,13.38932024004361,1.7477558870478331,0.04146551848833935,1.8018036418418766
episode_000005,alignment,15,0.11718166821442062,0.03369274431164526,0.15904994177598453,75.29020964909304,10.783567495792834,87.96926384192182,12.523845540828043,0.861597388441244,13.38115051912363,0.06927284944296186,0.03176894894295783,0.11026405031808006,9.545147358609476,2.229401109434217,12.788711310363302,1.7842882800006161,0.12110999993144393,1.9677827639534045
episode_000005,descent_to_grasp,8,0.1842686651888859,0.033075917203865976,0.2345385779471567,96.5223243313358,10.806060017318083,109.61141143481798,13.76382682258752,0.5412448204048628,14.518646379058412,0.12534867269647698,0.02896590016775438,0.16373128601951648,12.065149819428369,1.4433163259470894,15.001494037092636,1.8546706927403351,0.06501078811653122,2.0009624623886277
episode_000005,grasp_close,10,0.18057805888862005,0.007072282841961564,0.18752112695523793,99.43300665914728,2.0701671994070354,101.5917500915648,13.394085755663625,0.09456470468083832,13.48975063097476,0.13650657600087146,0.007325859446890154,0.14510933124998726,11.092407154148464,0.3370093817076457,11.525019865667847,1.72541856743681,0.019672727688900826,1.7461130491284103
episode_000005,hold,2,0.0708224673332894,0.00040064990207150375,0.0712231172353609,59.89099165617199,0.17557429503629507,60.06656595120828,11.105904049499278,0.015135512514218519,11.121039562013497,0.02884319944428443,0.00028415450659829977,0.02912735395088273,6.459099346521567,0.01326538635987573,6.472364732881443,1.5754207917112044,0.0013289305133984408,1.5767497222246027
episode_000005,lift,8,0.1885031800584142,0.015383493970456482,0.22052529462032378,99.67742683197541,5.44888154545345,110.09035664601056,13.504203842838713,0.2656717664948319,14.095091597701252,0.13094178848529375,0.019059466408509494,0.15948289332803067,11.89351154229158,1.2043182343075325,14.448713758831351,1.7955241203429928,0.05436548683583763,1.9243012270730246
